{"textures":{"0":"block/coal_block","1":"block/white_wool","2":"block/oak_planks"},"elements":[{"from":[5,7,5],"to":[7,9,7],"faces":{"north":{"uv":[0,0,1,1],"texture":"#0"},"east":{"uv":[0,0,1,1],"texture":"#0"},"south":{"uv":[0,0,1,1],"texture":"#0"},"west":{"uv":[0,0,1,1],"texture":"#0"},"up":{"uv":[0,1,1,0],"texture":"#0"},"down":{"uv":[0,0,1,1],"texture":"#0"}}},{"from":[6,8,7],"to":[6.5,8.5,8],"faces":{"north":{"uv":[0,2,0.5,3],"texture":"#1"},"east":{"uv":[0,2,0.5,3],"texture":"#1"},"south":{"uv":[0,2,0.5,3],"texture":"#1"},"west":{"uv":[0,2,0.5,3],"texture":"#1"},"up":{"uv":[0,2,0.5,2.5],"texture":"#1"},"down":{"uv":[0,2,0.5,2.5],"texture":"#1"}}},{"from":[8,8,5],"to":[10,10,7],"faces":{"north":{"uv":[0,0,1,1],"texture":"#0"},"east":{"uv":[0,0,1,1],"texture":"#0"},"south":{"uv":[0,0,1,1],"texture":"#0"},"west":{"uv":[0,0,1,1],"texture":"#0"},"up":{"uv":[0,1,1,0],"texture":"#0"},"down":{"uv":[0,0,1,1],"texture":"#0"}}},{"from":[7,7,8],"to":[9,9,10],"faces":{"north":{"uv":[0,0,1,1],"texture":"#0"},"east":{"uv":[0,0,1,1],"texture":"#0"},"south":{"uv":[0,0,1,1],"texture":"#0"},"west":{"uv":[0,0,1,1],"texture":"#0"},"up":{"uv":[0,1,1,0],"texture":"#0"},"down":{"uv":[0,0,1,1],"texture":"#0"}}},{"from":[5.5,1,5.5],"to":[6.5,7,6.5],"faces":{"north":{"uv":[0,3,2,14],"texture":"#2"},"east":{"uv":[2,3,4,14],"texture":"#2"},"south":{"uv":[4,3,6,14],"texture":"#2"},"west":{"uv":[6,3,8,14],"texture":"#2"},"up":{"uv":[0,0,1,1],"texture":"#2"},"down":{"uv":[0,0,2,2],"texture":"#2"}}},{"from":[5.7,1,6.5],"to":[6.3,2,7.1],"faces":{"north":{"uv":[0,1,1,3],"texture":"#1"},"east":{"uv":[0,1,1,3],"texture":"#1"},"south":{"uv":[0,1,1,3],"texture":"#1"},"west":{"uv":[0,1,1,3],"texture":"#1"},"up":{"uv":[0,1,1,2],"texture":"#1"},"down":{"uv":[0,4,1,5],"texture":"#1"}}},{"from":[8.5,2,5.5],"to":[9.5,8,6.5],"faces":{"north":{"uv":[0,3,2,14],"texture":"#2"},"east":{"uv":[2,3,4,14],"texture":"#2"},"south":{"uv":[4,3,6,14],"texture":"#2"},"west":{"uv":[6,3,8,14],"texture":"#2"},"up":{"uv":[0,0,1,1],"texture":"#2"},"down":{"uv":[0,0,2,2],"texture":"#2"}}},{"from":[7.5,1,8.5],"to":[8.5,7,9.5],"faces":{"north":{"uv":[0,3,2,14],"texture":"#2"},"east":{"uv":[2,3,4,14],"texture":"#2"},"south":{"uv":[4,3,6,14],"texture":"#2"},"west":{"uv":[6,3,8,14],"texture":"#2"},"up":{"uv":[0,0,1,1],"texture":"#2"},"down":{"uv":[0,0,2,2],"texture":"#2"}}},{"from":[5.7,0,6.8],"to":[6.3,1,7.4],"faces":{"north":{"uv":[0,1,1,3],"texture":"#1"},"east":{"uv":[0,1,1,3],"texture":"#1"},"south":{"uv":[0,1,1,3],"texture":"#1"},"west":{"uv":[0,1,1,3],"texture":"#1"},"up":{"uv":[0,1,1,2],"texture":"#1"},"down":{"uv":[0,4,1,5],"texture":"#1"}}},{"from":[8.7,1,6.8],"to":[9.3,2,7.4],"faces":{"north":{"uv":[0,1,1,3],"texture":"#1"},"east":{"uv":[0,1,1,3],"texture":"#1"},"south":{"uv":[0,1,1,3],"texture":"#1"},"west":{"uv":[0,1,1,3],"texture":"#1"},"up":{"uv":[0,1,1,2],"texture":"#1"},"down":{"uv":[0,4,1,5],"texture":"#1"}}},{"from":[8.7,2,6.5],"to":[9.3,3,7.1],"faces":{"north":{"uv":[0,1,1,3],"texture":"#1"},"east":{"uv":[0,1,1,3],"texture":"#1"},"south":{"uv":[0,1,1,3],"texture":"#1"},"west":{"uv":[0,1,1,3],"texture":"#1"},"up":{"uv":[0,1,1,2],"texture":"#1"},"down":{"uv":[0,4,1,5],"texture":"#1"}}},{"from":[7.7,1,9.5],"to":[8.3,2,10.1],"faces":{"north":{"uv":[0,1,1,3],"texture":"#1"},"east":{"uv":[0,1,1,3],"texture":"#1"},"south":{"uv":[0,1,1,3],"texture":"#1"},"west":{"uv":[0,1,1,3],"texture":"#1"},"up":{"uv":[0,1,1,2],"texture":"#1"},"down":{"uv":[0,4,1,5],"texture":"#1"}}},{"from":[7.7,0,9.8],"to":[8.3,1,10.4],"faces":{"north":{"uv":[0,1,1,3],"texture":"#1"},"east":{"uv":[0,1,1,3],"texture":"#1"},"south":{"uv":[0,1,1,3],"texture":"#1"},"west":{"uv":[0,1,1,3],"texture":"#1"},"up":{"uv":[0,1,1,2],"texture":"#1"},"down":{"uv":[0,4,1,5],"texture":"#1"}}},{"from":[7.7,1,7.9],"to":[8.3,2,8.5],"faces":{"north":{"uv":[0,1,1,3],"texture":"#1"},"east":{"uv":[0,1,1,3],"texture":"#1"},"south":{"uv":[0,1,1,3],"texture":"#1"},"west":{"uv":[0,1,1,3],"texture":"#1"},"up":{"uv":[0,1,1,2],"texture":"#1"},"down":{"uv":[0,4,1,5],"texture":"#1"}}},{"from":[7.7,0,7.6],"to":[8.3,1,8.2],"faces":{"north":{"uv":[0,1,1,3],"texture":"#1"},"east":{"uv":[0,1,1,3],"texture":"#1"},"south":{"uv":[0,1,1,3],"texture":"#1"},"west":{"uv":[0,1,1,3],"texture":"#1"},"up":{"uv":[0,1,1,2],"texture":"#1"},"down":{"uv":[0,4,1,5],"texture":"#1"}}},{"from":[8.7,2,4.9],"to":[9.3,3,5.5],"faces":{"north":{"uv":[0,1,1,3],"texture":"#1"},"east":{"uv":[0,1,1,3],"texture":"#1"},"south":{"uv":[0,1,1,3],"texture":"#1"},"west":{"uv":[0,1,1,3],"texture":"#1"},"up":{"uv":[0,1,1,2],"texture":"#1"},"down":{"uv":[0,4,1,5],"texture":"#1"}}},{"from":[8.7,1,4.6],"to":[9.3,2,5.2],"faces":{"north":{"uv":[0,1,1,3],"texture":"#1"},"east":{"uv":[0,1,1,3],"texture":"#1"},"south":{"uv":[0,1,1,3],"texture":"#1"},"west":{"uv":[0,1,1,3],"texture":"#1"},"up":{"uv":[0,1,1,2],"texture":"#1"},"down":{"uv":[0,4,1,5],"texture":"#1"}}},{"from":[5.7,0,4.6],"to":[6.3,1,5.2],"faces":{"north":{"uv":[0,1,1,3],"texture":"#1"},"east":{"uv":[0,1,1,3],"texture":"#1"},"south":{"uv":[0,1,1,3],"texture":"#1"},"west":{"uv":[0,1,1,3],"texture":"#1"},"up":{"uv":[0,1,1,2],"texture":"#1"},"down":{"uv":[0,4,1,5],"texture":"#1"}}},{"from":[5.7,1,4.9],"to":[6.3,2,5.5],"faces":{"north":{"uv":[0,1,1,3],"texture":"#1"},"east":{"uv":[0,1,1,3],"texture":"#1"},"south":{"uv":[0,1,1,3],"texture":"#1"},"west":{"uv":[0,1,1,3],"texture":"#1"},"up":{"uv":[0,1,1,2],"texture":"#1"},"down":{"uv":[0,4,1,5],"texture":"#1"}}},{"from":[4.9,1,5.7],"to":[5.5,2,6.3],"faces":{"north":{"uv":[0,1,1,3],"texture":"#1"},"east":{"uv":[0,1,1,3],"texture":"#1"},"south":{"uv":[0,1,1,3],"texture":"#1"},"west":{"uv":[0,1,1,3],"texture":"#1"},"up":{"uv":[0,1,1,2],"texture":"#1"},"down":{"uv":[0,4,1,5],"texture":"#1"}}},{"from":[4.6,0,5.7],"to":[5.2,1,6.3],"faces":{"north":{"uv":[0,1,1,3],"texture":"#1"},"east":{"uv":[0,1,1,3],"texture":"#1"},"south":{"uv":[0,1,1,3],"texture":"#1"},"west":{"uv":[0,1,1,3],"texture":"#1"},"up":{"uv":[0,1,1,2],"texture":"#1"},"down":{"uv":[0,4,1,5],"texture":"#1"}}},{"from":[7.9,2,5.7],"to":[8.5,3,6.3],"faces":{"north":{"uv":[0,1,1,3],"texture":"#1"},"east":{"uv":[0,1,1,3],"texture":"#1"},"south":{"uv":[0,1,1,3],"texture":"#1"},"west":{"uv":[0,1,1,3],"texture":"#1"},"up":{"uv":[0,1,1,2],"texture":"#1"},"down":{"uv":[0,4,1,5],"texture":"#1"}}},{"from":[6.9,1,8.7],"to":[7.5,2,9.3],"faces":{"north":{"uv":[0,1,1,3],"texture":"#1"},"east":{"uv":[0,1,1,3],"texture":"#1"},"south":{"uv":[0,1,1,3],"texture":"#1"},"west":{"uv":[0,1,1,3],"texture":"#1"},"up":{"uv":[0,1,1,2],"texture":"#1"},"down":{"uv":[0,4,1,5],"texture":"#1"}}},{"from":[7.6,1,5.7],"to":[8.2,2,6.3],"faces":{"north":{"uv":[0,1,1,3],"texture":"#1"},"east":{"uv":[0,1,1,3],"texture":"#1"},"south":{"uv":[0,1,1,3],"texture":"#1"},"west":{"uv":[0,1,1,3],"texture":"#1"},"up":{"uv":[0,1,1,2],"texture":"#1"},"down":{"uv":[0,4,1,5],"texture":"#1"}}},{"from":[6.6,0,8.7],"to":[7.2,1,9.3],"faces":{"north":{"uv":[0,1,1,3],"texture":"#1"},"east":{"uv":[0,1,1,3],"texture":"#1"},"south":{"uv":[0,1,1,3],"texture":"#1"},"west":{"uv":[0,1,1,3],"texture":"#1"},"up":{"uv":[0,1,1,2],"texture":"#1"},"down":{"uv":[0,4,1,5],"texture":"#1"}}},{"from":[5.5,7.5,8],"to":[6,8,9],"faces":{"north":{"uv":[0,2,0.5,3],"texture":"#1"},"east":{"uv":[0,2,0.5,3],"texture":"#1"},"south":{"uv":[0,2,0.5,3],"texture":"#1"},"west":{"uv":[0,2,0.5,3],"texture":"#1"},"up":{"uv":[0,2,0.5,2.5],"texture":"#1"},"down":{"uv":[0,2,0.5,2.5],"texture":"#1"}}},{"from":[9,9,7],"to":[9.5,9.5,8],"faces":{"north":{"uv":[0,2,0.5,3],"texture":"#1"},"east":{"uv":[0,2,0.5,3],"texture":"#1"},"south":{"uv":[0,2,0.5,3],"texture":"#1"},"west":{"uv":[0,2,0.5,3],"texture":"#1"},"up":{"uv":[0,2,0.5,2.5],"texture":"#1"},"down":{"uv":[0,2,0.5,2.5],"texture":"#1"}}},{"from":[9.5,9.5,8],"to":[10,10,9],"faces":{"north":{"uv":[0,2,0.5,3],"texture":"#1"},"east":{"uv":[0,2,0.5,3],"texture":"#1"},"south":{"uv":[0,2,0.5,3],"texture":"#1"},"west":{"uv":[0,2,0.5,3],"texture":"#1"},"up":{"uv":[0,2,0.5,2.5],"texture":"#1"},"down":{"uv":[0,2,0.5,2.5],"texture":"#1"}}},{"from":[8,8,10],"to":[8.5,8.5,11],"faces":{"north":{"uv":[0,2,0.5,3],"texture":"#1"},"east":{"uv":[0,2,0.5,3],"texture":"#1"},"south":{"uv":[0,2,0.5,3],"texture":"#1"},"west":{"uv":[0,2,0.5,3],"texture":"#1"},"up":{"uv":[0,2,0.5,2.5],"texture":"#1"},"down":{"uv":[0,2,0.5,2.5],"texture":"#1"}}},{"from":[8,7.5,11],"to":[8.5,8,12],"faces":{"north":{"uv":[0,2,0.5,3],"texture":"#1"},"east":{"uv":[0,2,0.5,3],"texture":"#1"},"south":{"uv":[0,2,0.5,3],"texture":"#1"},"west":{"uv":[0,2,0.5,3],"texture":"#1"},"up":{"uv":[0,2,0.5,2.5],"texture":"#1"},"down":{"uv":[0,2,0.5,2.5],"texture":"#1"}}},{"from":[8.5,1,8.7],"to":[9.1,2,9.3],"faces":{"north":{"uv":[0,1,1,3],"texture":"#1"},"east":{"uv":[0,1,1,3],"texture":"#1"},"south":{"uv":[0,1,1,3],"texture":"#1"},"west":{"uv":[0,1,1,3],"texture":"#1"},"up":{"uv":[0,1,1,2],"texture":"#1"},"down":{"uv":[0,4,1,5],"texture":"#1"}}},{"from":[8.9,0,8.7],"to":[9.5,1,9.3],"faces":{"north":{"uv":[0,1,1,3],"texture":"#1"},"east":{"uv":[0,1,1,3],"texture":"#1"},"south":{"uv":[0,1,1,3],"texture":"#1"},"west":{"uv":[0,1,1,3],"texture":"#1"},"up":{"uv":[0,1,1,2],"texture":"#1"},"down":{"uv":[0,4,1,5],"texture":"#1"}}},{"from":[9.5,2,5.7],"to":[10.1,3,6.3],"faces":{"north":{"uv":[0,1,1,3],"texture":"#1"},"east":{"uv":[0,1,1,3],"texture":"#1"},"south":{"uv":[0,1,1,3],"texture":"#1"},"west":{"uv":[0,1,1,3],"texture":"#1"},"up":{"uv":[0,1,1,2],"texture":"#1"},"down":{"uv":[0,4,1,5],"texture":"#1"}}},{"from":[9.9,1,5.7],"to":[10.5,2,6.3],"faces":{"north":{"uv":[0,1,1,3],"texture":"#1"},"east":{"uv":[0,1,1,3],"texture":"#1"},"south":{"uv":[0,1,1,3],"texture":"#1"},"west":{"uv":[0,1,1,3],"texture":"#1"},"up":{"uv":[0,1,1,2],"texture":"#1"},"down":{"uv":[0,4,1,5],"texture":"#1"}}},{"from":[6.5,1,5.7],"to":[7.1,2,6.3],"faces":{"north":{"uv":[0,1,1,3],"texture":"#1"},"east":{"uv":[0,1,1,3],"texture":"#1"},"south":{"uv":[0,1,1,3],"texture":"#1"},"west":{"uv":[0,1,1,3],"texture":"#1"},"up":{"uv":[0,1,1,2],"texture":"#1"},"down":{"uv":[0,4,1,5],"texture":"#1"}}},{"from":[6.9,0,5.7],"to":[7.5,1,6.3],"faces":{"north":{"uv":[0,1,1,3],"texture":"#1"},"east":{"uv":[0,1,1,3],"texture":"#1"},"south":{"uv":[0,1,1,3],"texture":"#1"},"west":{"uv":[0,1,1,3],"texture":"#1"},"up":{"uv":[0,1,1,2],"texture":"#1"},"down":{"uv":[0,4,1,5],"texture":"#1"}}}],"display":{"thirdperson_righthand":{"rotation":[0,0,0],"translation":[0,1,-1],"scale":[1,1.2,1]},"firstperson_righthand":{"rotation":[-20,-40,-20],"translation":[0,4,0],"scale":[1,1.2,1]},"gui":{"rotation":[-40,-20,-40],"translation":[2.5,3,0],"scale":[1.2,1.4,1.2]},"fixed":{"rotation":[90,140,-90],"translation":[-3,3,-1.5],"scale":[1.2,1.4,1.2]},"ground":{"scale":[0,0,0]}}}