{"textures":{"0":"block/iron_block","1":"block/red_concrete","2":"block/anvil","3":"block/yellow_concrete"},"elements":[{"from":[6,4,6],"to":[10,5,11],"faces":{"north":{"uv":[0,0,4,1],"texture":"#0"},"east":{"uv":[0,0,4,1],"texture":"#0"},"south":{"uv":[0,0,4,1],"texture":"#0"},"west":{"uv":[0,0,5,1],"texture":"#0"},"up":{"uv":[3,3,7,8],"texture":"#0"},"down":{"uv":[2,2,6,7],"texture":"#0"}}},{"from":[7.1,5,8.1],"to":[8.9,5.5,9.9],"faces":{"north":{"uv":[0,0,1.8,0.5],"texture":"#1"},"east":{"uv":[0,0,1.8,0.5],"texture":"#1"},"south":{"uv":[0,0,1.8,0.5],"texture":"#1"},"west":{"uv":[0,0,1.8,0.5],"texture":"#1"},"up":{"uv":[0,0,1.8,1.8],"texture":"#1"},"down":{"uv":[0,0,1.8,1.8],"texture":"#1"}}},{"from":[7.7,4.2,5],"to":[8.3,4.8,6],"faces":{"north":{"uv":[0,0,0.6,0.6],"texture":"#2"},"east":{"uv":[0,0,1,0.6],"texture":"#2"},"south":{"uv":[0,0,0.6,0.6],"texture":"#2"},"west":{"uv":[0,0,1,0.6],"texture":"#2"},"up":{"uv":[0,0,0.6,1],"texture":"#2"},"down":{"uv":[0,0,0.6,1],"texture":"#2"}}},{"from":[7.4,4.3,4],"to":[8,4.9,5],"faces":{"north":{"uv":[0,0,0.6,0.6],"texture":"#2"},"east":{"uv":[0,0,1,0.6],"texture":"#2"},"south":{"uv":[0,0,0.6,0.6],"texture":"#2"},"west":{"uv":[0,0,1,0.6],"texture":"#2"},"up":{"uv":[0,0,0.6,1],"texture":"#2"},"down":{"uv":[0,0,0.6,1],"texture":"#2"}}},{"from":[7.2,4.5,3],"to":[7.8,5.1,4],"faces":{"north":{"uv":[0,0,0.6,0.6],"texture":"#2"},"east":{"uv":[0,0,1,0.6],"texture":"#2"},"south":{"uv":[0,0,0.6,0.6],"texture":"#2"},"west":{"uv":[0,0,1,0.6],"texture":"#2"},"up":{"uv":[0,0,0.6,1],"texture":"#2"},"down":{"uv":[0,0,0.6,1],"texture":"#2"}}},{"from":[7.5,4.6,2],"to":[8.1,5.2,3],"faces":{"north":{"uv":[0,0,0.6,0.6],"texture":"#2"},"east":{"uv":[0,0,1,0.6],"texture":"#2"},"south":{"uv":[0,0,0.6,0.6],"texture":"#2"},"west":{"uv":[0,0,1,0.6],"texture":"#2"},"up":{"uv":[0,0,0.6,1],"texture":"#2"},"down":{"uv":[0,0,0.6,1],"texture":"#2"}}},{"from":[7.3,4.5,1],"to":[8.3,5.5,2],"faces":{"north":{"uv":[9,6,10,7],"texture":"#3"},"east":{"uv":[9,6,10,7],"texture":"#3"},"south":{"uv":[9,6,10,7],"texture":"#3"},"west":{"uv":[9,6,10,7],"texture":"#3"},"up":{"uv":[9,6,10,7],"texture":"#3"},"down":{"uv":[9,6,10,7],"texture":"#3"}}}],"display":{"firstperson_righthand":{"rotation":[35,0,0],"translation":[1,4,1],"scale":[1.2,1.2,1.2]},"thirdperson_righthand":{"rotation":[35,0,0],"translation":[0,3,0],"scale":[1.2,1.2,1.2]},"gui":{"rotation":[90,-35,0],"translation":[-1,-1.5,0],"scale":[1.3,1.3,1.3]},"fixed":{"rotation":[-90,145,0],"translation":[1,-2,-3],"scale":[1.5,1.5,1.5]},"ground":{"scale":[0,0,0]}}}