{"textures":{"0":"block/black_concrete","1":"item/dash"},"elements":[{"from":[6.5,5,6.5],"to":[9.5,6,9.5],"faces":{"north":{"uv":[0,0,3,1],"texture":"#0"},"east":{"uv":[0,0,3,1],"texture":"#0"},"south":{"uv":[0,0,3,1],"texture":"#0"},"west":{"uv":[0,0,3,1],"texture":"#0"},"up":{"uv":[0,0,3,3],"texture":"#0"},"down":{"uv":[0,0,3,3],"texture":"#0"}}},{"from":[6.5,11,6.5],"to":[9.5,12,9.5],"faces":{"north":{"uv":[0,0,3,1],"texture":"#0"},"east":{"uv":[0,0,3,1],"texture":"#0"},"south":{"uv":[0,0,3,1],"texture":"#0"},"west":{"uv":[0,0,3,1],"texture":"#0"},"up":{"uv":[0,0,3,3],"texture":"#0"},"down":{"uv":[0,0,3,3],"texture":"#0"}}},{"from":[6.5,10,5.5],"to":[9.5,11,6.5],"faces":{"north":{"uv":[0,0,3,1],"texture":"#0"},"east":{"uv":[0,0,1,1],"texture":"#0"},"south":{"uv":[0,0,3,1],"texture":"#0"},"west":{"uv":[0,0,1,1],"texture":"#0"},"up":{"uv":[0,0,3,1],"texture":"#0"},"down":{"uv":[0,0,3,1],"texture":"#0"}}},{"from":[6.5,6,5.5],"to":[9.5,7,6.5],"faces":{"north":{"uv":[0,0,3,1],"texture":"#0"},"east":{"uv":[0,0,1,1],"texture":"#0"},"south":{"uv":[0,0,3,1],"texture":"#0"},"west":{"uv":[0,0,1,1],"texture":"#0"},"up":{"uv":[0,0,3,1],"texture":"#0"},"down":{"uv":[0,0,3,1],"texture":"#0"}}},{"from":[6.5,6,9.5],"to":[9.5,7,10.5],"faces":{"north":{"uv":[0,0,3,1],"texture":"#0"},"east":{"uv":[0,0,1,1],"texture":"#0"},"south":{"uv":[0,0,3,1],"texture":"#0"},"west":{"uv":[0,0,1,1],"texture":"#0"},"up":{"uv":[0,0,3,1],"texture":"#0"},"down":{"uv":[0,0,3,1],"texture":"#0"}}},{"from":[6.5,10,9.5],"to":[9.5,11,10.5],"faces":{"north":{"uv":[0,0,3,1],"texture":"#0"},"east":{"uv":[0,0,1,1],"texture":"#0"},"south":{"uv":[0,0,3,1],"texture":"#0"},"west":{"uv":[0,0,1,1],"texture":"#0"},"up":{"uv":[0,0,3,1],"texture":"#0"},"down":{"uv":[0,0,3,1],"texture":"#0"}}},{"from":[5.5,10,6.5],"to":[6.5,11,9.5],"faces":{"north":{"uv":[0,0,1,1],"texture":"#0"},"east":{"uv":[0,0,3,1],"texture":"#0"},"south":{"uv":[0,0,1,1],"texture":"#0"},"west":{"uv":[0,0,3,1],"texture":"#0"},"up":{"uv":[0,0,1,3],"texture":"#0"},"down":{"uv":[0,0,1,3],"texture":"#0"}}},{"from":[5.5,6,6.5],"to":[6.5,7,9.5],"faces":{"north":{"uv":[0,0,1,1],"texture":"#0"},"east":{"uv":[0,0,3,1],"texture":"#0"},"south":{"uv":[0,0,1,1],"texture":"#0"},"west":{"uv":[0,0,3,1],"texture":"#0"},"up":{"uv":[0,0,1,3],"texture":"#0"},"down":{"uv":[0,0,1,3],"texture":"#0"}}},{"from":[9.5,6,6.5],"to":[10.5,7,9.5],"faces":{"north":{"uv":[0,0,1,1],"texture":"#0"},"east":{"uv":[0,0,3,1],"texture":"#0"},"south":{"uv":[0,0,1,1],"texture":"#0"},"west":{"uv":[0,0,3,1],"texture":"#0"},"up":{"uv":[0,0,1,3],"texture":"#0"},"down":{"uv":[0,0,1,3],"texture":"#0"}}},{"from":[9.5,10,6.5],"to":[10.5,11,9.5],"faces":{"north":{"uv":[0,0,1,1],"texture":"#0"},"east":{"uv":[0,0,3,1],"texture":"#0"},"south":{"uv":[0,0,1,1],"texture":"#0"},"west":{"uv":[0,0,3,1],"texture":"#0"},"up":{"uv":[0,0,1,3],"texture":"#0"},"down":{"uv":[0,0,1,3],"texture":"#0"}}},{"from":[6.5,7,4.5],"to":[9.5,10,5.5],"faces":{"north":{"uv":[0,0,3,3],"texture":"#0"},"east":{"uv":[0,0,1,3],"texture":"#0"},"south":{"uv":[0,0,3,3],"texture":"#0"},"west":{"uv":[0,0,1,3],"texture":"#0"},"up":{"uv":[0,0,3,1],"texture":"#0"},"down":{"uv":[0,0,3,1],"texture":"#0"}}},{"from":[6.5,7,10.5],"to":[9.5,10,11.5],"faces":{"north":{"uv":[0,0,3,3],"texture":"#0"},"east":{"uv":[0,0,1,3],"texture":"#0"},"south":{"uv":[0,0,3,3],"texture":"#0"},"west":{"uv":[0,0,1,3],"texture":"#0"},"up":{"uv":[0,0,3,1],"texture":"#0"},"down":{"uv":[0,0,3,1],"texture":"#0"}}},{"from":[10.5,7,6.5],"to":[11.5,10,9.5],"faces":{"north":{"uv":[0,0,1,3],"texture":"#0"},"east":{"uv":[0,0,3,3],"texture":"#0"},"south":{"uv":[0,0,1,3],"texture":"#0"},"west":{"uv":[0,0,3,3],"texture":"#0"},"up":{"uv":[0,0,1,3],"texture":"#0"},"down":{"uv":[0,0,1,3],"texture":"#0"}}},{"from":[4.5,7,6.5],"to":[5.5,10,9.5],"faces":{"north":{"uv":[0,0,1,3],"texture":"#0"},"east":{"uv":[0,0,3,3],"texture":"#0"},"south":{"uv":[0,0,1,3],"texture":"#0"},"west":{"uv":[0,0,3,3],"texture":"#0"},"up":{"uv":[0,0,1,3],"texture":"#0"},"down":{"uv":[0,0,1,3],"texture":"#0"}}},{"from":[5.5,7,5.5],"to":[6.5,10,6.5],"faces":{"north":{"uv":[0,0,1,3],"texture":"#0"},"east":{"uv":[0,0,1,3],"texture":"#0"},"south":{"uv":[0,0,1,3],"texture":"#0"},"west":{"uv":[0,0,1,3],"texture":"#0"},"up":{"uv":[0,0,1,1],"texture":"#0"},"down":{"uv":[0,0,1,1],"texture":"#0"}}},{"from":[9.5,7,5.5],"to":[10.5,10,6.5],"faces":{"north":{"uv":[0,0,1,3],"texture":"#0"},"east":{"uv":[0,0,1,3],"texture":"#0"},"south":{"uv":[0,0,1,3],"texture":"#0"},"west":{"uv":[0,0,1,3],"texture":"#0"},"up":{"uv":[0,0,1,1],"texture":"#0"},"down":{"uv":[0,0,1,1],"texture":"#0"}}},{"from":[9.5,7,9.5],"to":[10.5,10,10.5],"faces":{"north":{"uv":[0,0,1,3],"texture":"#0"},"east":{"uv":[0,0,1,3],"texture":"#0"},"south":{"uv":[0,0,1,3],"texture":"#0"},"west":{"uv":[0,0,1,3],"texture":"#0"},"up":{"uv":[0,0,1,1],"texture":"#0"},"down":{"uv":[0,0,1,1],"texture":"#0"}}},{"from":[5.5,7,9.5],"to":[6.5,10,10.5],"faces":{"north":{"uv":[0,0,1,3],"texture":"#0"},"east":{"uv":[0,0,1,3],"texture":"#0"},"south":{"uv":[0,0,1,3],"texture":"#0"},"west":{"uv":[0,0,1,3],"texture":"#0"},"up":{"uv":[0,0,1,1],"texture":"#0"},"down":{"uv":[0,0,1,1],"texture":"#0"}}},{"from":[2.5,8.1,6.5],"to":[3.5,9.1,7.5],"rotation":{"angle":45,"axis":"z","origin":[8,8.5,8]},"faces":{"north":{"uv":[0.1,0.1,0.9,0.9],"texture":"#1"},"east":{"uv":[0.1,0.1,0.9,0.9],"texture":"#1"},"south":{"uv":[0.1,0.1,0.9,0.9],"texture":"#1"},"west":{"uv":[0.1,0.1,0.9,0.9],"texture":"#1"},"up":{"uv":[0.1,0.1,0.9,0.9],"texture":"#1"},"down":{"uv":[0.1,0.1,0.9,0.9],"texture":"#1"}}},{"from":[2.5,8.1,7.5],"to":[3.5,9.1,8.5],"rotation":{"angle":45,"axis":"z","origin":[8,8.5,8]},"faces":{"north":{"uv":[0.1,1.1,0.9,1.9],"texture":"#1"},"east":{"uv":[0.1,1.1,0.9,1.9],"texture":"#1"},"south":{"uv":[0.1,1.1,0.9,1.9],"texture":"#1"},"west":{"uv":[0.1,1.1,0.9,1.9],"texture":"#1"},"up":{"uv":[0.1,1.1,0.9,1.9],"texture":"#1"},"down":{"uv":[0.1,1.1,0.9,1.9],"texture":"#1"}}},{"from":[2.5,8.1,8.5],"to":[3.5,9.1,9.5],"rotation":{"angle":45,"axis":"z","origin":[8,8.5,8]},"faces":{"north":{"uv":[0.1,2.1,0.9,2.9],"texture":"#1"},"east":{"uv":[0.1,2.1,0.9,2.9],"texture":"#1"},"south":{"uv":[0.1,2.1,0.9,2.9],"texture":"#1"},"west":{"uv":[0.1,2.1,0.9,2.9],"texture":"#1"},"up":{"uv":[0.1,2.1,0.9,2.9],"texture":"#1"},"down":{"uv":[0.1,2.1,0.9,2.9],"texture":"#1"}}},{"from":[3.5,8.1,9.5],"to":[4.5,9.1,10.5],"rotation":{"angle":45,"axis":"z","origin":[8,8.5,8]},"faces":{"north":{"uv":[0.1,3.1,0.9,3.9],"texture":"#1"},"east":{"uv":[0.1,3.1,0.9,3.9],"texture":"#1"},"south":{"uv":[0.1,3.1,0.9,3.9],"texture":"#1"},"west":{"uv":[0.1,3.1,0.9,3.9],"texture":"#1"},"up":{"uv":[0.1,3.1,0.9,3.9],"texture":"#1"},"down":{"uv":[0.1,3.1,0.9,3.9],"texture":"#1"}}},{"from":[4.5,8.1,10.5],"to":[5.5,9.1,11.5],"rotation":{"angle":45,"axis":"z","origin":[8,8.5,8]},"faces":{"north":{"uv":[0.1,4.1,0.9,4.9],"texture":"#1"},"east":{"uv":[0.1,4.1,0.9,4.9],"texture":"#1"},"south":{"uv":[0.1,4.1,0.9,4.9],"texture":"#1"},"west":{"uv":[0.1,4.1,0.9,4.9],"texture":"#1"},"up":{"uv":[0.1,4.1,0.9,4.9],"texture":"#1"},"down":{"uv":[0.1,4.1,0.9,4.9],"texture":"#1"}}},{"from":[5.5,8.1,11.5],"to":[6.5,9.1,12.5],"rotation":{"angle":45,"axis":"z","origin":[8,8.5,8]},"faces":{"north":{"uv":[0.1,5.1,0.9,5.9],"texture":"#1"},"east":{"uv":[0.1,5.1,0.9,5.9],"texture":"#1"},"south":{"uv":[0.1,5.1,0.9,5.9],"texture":"#1"},"west":{"uv":[0.1,5.1,0.9,5.9],"texture":"#1"},"up":{"uv":[0.1,5.1,0.9,5.9],"texture":"#1"},"down":{"uv":[0.1,5.1,0.9,5.9],"texture":"#1"}}},{"from":[6.5,8.1,12.5],"to":[7.5,9.1,13.5],"rotation":{"angle":45,"axis":"z","origin":[8,8.5,8]},"faces":{"north":{"uv":[1.1,0.1,1.9,0.9],"texture":"#1"},"east":{"uv":[1.1,0.1,1.9,0.9],"texture":"#1"},"south":{"uv":[1.1,0.1,1.9,0.9],"texture":"#1"},"west":{"uv":[1.1,0.1,1.9,0.9],"texture":"#1"},"up":{"uv":[1.1,0.1,1.9,0.9],"texture":"#1"},"down":{"uv":[1.1,0.1,1.9,0.9],"texture":"#1"}}},{"from":[7.5,8.1,12.5],"to":[8.5,9.1,13.5],"rotation":{"angle":45,"axis":"z","origin":[8,8.5,8]},"faces":{"north":{"uv":[1.1,1.1,1.9,1.9],"texture":"#1"},"east":{"uv":[1.1,1.1,1.9,1.9],"texture":"#1"},"south":{"uv":[1.1,1.1,1.9,1.9],"texture":"#1"},"west":{"uv":[1.1,1.1,1.9,1.9],"texture":"#1"},"up":{"uv":[1.1,1.1,1.9,1.9],"texture":"#1"},"down":{"uv":[1.1,1.1,1.9,1.9],"texture":"#1"}}},{"from":[8.5,8.1,12.5],"to":[9.5,9.1,13.5],"rotation":{"angle":45,"axis":"z","origin":[8,8.5,8]},"faces":{"north":{"uv":[1.1,2.1,1.9,2.9],"texture":"#1"},"east":{"uv":[1.1,2.1,1.9,2.9],"texture":"#1"},"south":{"uv":[1.1,2.1,1.9,2.9],"texture":"#1"},"west":{"uv":[1.1,2.1,1.9,2.9],"texture":"#1"},"up":{"uv":[1.1,2.1,1.9,2.9],"texture":"#1"},"down":{"uv":[1.1,2.1,1.9,2.9],"texture":"#1"}}},{"from":[9.5,8.1,11.5],"to":[10.5,9.1,12.5],"rotation":{"angle":45,"axis":"z","origin":[8,8.5,8]},"faces":{"north":{"uv":[1.1,3.1,1.9,3.9],"texture":"#1"},"east":{"uv":[1.1,3.1,1.9,3.9],"texture":"#1"},"south":{"uv":[1.1,3.1,1.9,3.9],"texture":"#1"},"west":{"uv":[1.1,3.1,1.9,3.9],"texture":"#1"},"up":{"uv":[1.1,3.1,1.9,3.9],"texture":"#1"},"down":{"uv":[1.1,3.1,1.9,3.9],"texture":"#1"}}},{"from":[10.5,8.1,10.5],"to":[11.5,9.1,11.5],"rotation":{"angle":45,"axis":"z","origin":[8,8.5,8]},"faces":{"north":{"uv":[1.1,4.1,1.9,4.9],"texture":"#1"},"east":{"uv":[1.1,4.1,1.9,4.9],"texture":"#1"},"south":{"uv":[1.1,4.1,1.9,4.9],"texture":"#1"},"west":{"uv":[1.1,4.1,1.9,4.9],"texture":"#1"},"up":{"uv":[1.1,4.1,1.9,4.9],"texture":"#1"},"down":{"uv":[1.1,4.1,1.9,4.9],"texture":"#1"}}},{"from":[11.5,8.1,9.5],"to":[12.5,9.1,10.5],"rotation":{"angle":45,"axis":"z","origin":[8,8.5,8]},"faces":{"north":{"uv":[1.1,5.1,1.9,5.9],"texture":"#1"},"east":{"uv":[1.1,5.1,1.9,5.9],"texture":"#1"},"south":{"uv":[1.1,5.1,1.9,5.9],"texture":"#1"},"west":{"uv":[1.1,5.1,1.9,5.9],"texture":"#1"},"up":{"uv":[1.1,5.1,1.9,5.9],"texture":"#1"},"down":{"uv":[1.1,5.1,1.9,5.9],"texture":"#1"}}},{"from":[12.5,8.1,8.5],"to":[13.5,9.1,9.5],"rotation":{"angle":45,"axis":"z","origin":[8,8.5,8]},"faces":{"north":{"uv":[0.1,0.1,0.9,0.9],"texture":"#1"},"east":{"uv":[0.1,0.1,0.9,0.9],"texture":"#1"},"south":{"uv":[0.1,0.1,0.9,0.9],"texture":"#1"},"west":{"uv":[0.1,0.1,0.9,0.9],"texture":"#1"},"up":{"uv":[0.1,0.1,0.9,0.9],"texture":"#1"},"down":{"uv":[0.1,0.1,0.9,0.9],"texture":"#1"}}},{"from":[12.5,8.1,7.5],"to":[13.5,9.1,8.5],"rotation":{"angle":45,"axis":"z","origin":[8,8.5,8]},"faces":{"north":{"uv":[0.1,1.1,0.9,1.9],"texture":"#1"},"east":{"uv":[0.1,1.1,0.9,1.9],"texture":"#1"},"south":{"uv":[0.1,1.1,0.9,1.9],"texture":"#1"},"west":{"uv":[0.1,1.1,0.9,1.9],"texture":"#1"},"up":{"uv":[0.1,1.1,0.9,1.9],"texture":"#1"},"down":{"uv":[0.1,1.1,0.9,1.9],"texture":"#1"}}},{"from":[12.5,8.1,6.5],"to":[13.5,9.1,7.5],"rotation":{"angle":45,"axis":"z","origin":[8,8.5,8]},"faces":{"north":{"uv":[0.1,2.1,0.9,2.9],"texture":"#1"},"east":{"uv":[0.1,2.1,0.9,2.9],"texture":"#1"},"south":{"uv":[0.1,2.1,0.9,2.9],"texture":"#1"},"west":{"uv":[0.1,2.1,0.9,2.9],"texture":"#1"},"up":{"uv":[0.1,2.1,0.9,2.9],"texture":"#1"},"down":{"uv":[0.1,2.1,0.9,2.9],"texture":"#1"}}},{"from":[11.5,8.1,5.5],"to":[12.5,9.1,6.5],"rotation":{"angle":45,"axis":"z","origin":[8,8.5,8]},"faces":{"north":{"uv":[0.1,3.1,0.9,3.9],"texture":"#1"},"east":{"uv":[0.1,3.1,0.9,3.9],"texture":"#1"},"south":{"uv":[0.1,3.1,0.9,3.9],"texture":"#1"},"west":{"uv":[0.1,3.1,0.9,3.9],"texture":"#1"},"up":{"uv":[0.1,3.1,0.9,3.9],"texture":"#1"},"down":{"uv":[0.1,3.1,0.9,3.9],"texture":"#1"}}},{"from":[10.5,8.1,4.5],"to":[11.5,9.1,5.5],"rotation":{"angle":45,"axis":"z","origin":[8,8.5,8]},"faces":{"north":{"uv":[0.1,4.1,0.9,4.9],"texture":"#1"},"east":{"uv":[0.1,4.1,0.9,4.9],"texture":"#1"},"south":{"uv":[0.1,4.1,0.9,4.9],"texture":"#1"},"west":{"uv":[0.1,4.1,0.9,4.9],"texture":"#1"},"up":{"uv":[0.1,4.1,0.9,4.9],"texture":"#1"},"down":{"uv":[0.1,4.1,0.9,4.9],"texture":"#1"}}},{"from":[9.5,8.1,3.5],"to":[10.5,9.1,4.5],"rotation":{"angle":45,"axis":"z","origin":[8,8.5,8]},"faces":{"north":{"uv":[0.1,5.1,0.9,5.9],"texture":"#1"},"east":{"uv":[0.1,5.1,0.9,5.9],"texture":"#1"},"south":{"uv":[0.1,5.1,0.9,5.9],"texture":"#1"},"west":{"uv":[0.1,5.1,0.9,5.9],"texture":"#1"},"up":{"uv":[0.1,5.1,0.9,5.9],"texture":"#1"},"down":{"uv":[0.1,5.1,0.9,5.9],"texture":"#1"}}},{"from":[8.5,8.1,2.5],"to":[9.5,9.1,3.5],"rotation":{"angle":45,"axis":"z","origin":[8,8.5,8]},"faces":{"north":{"uv":[1.1,0.1,1.9,0.9],"texture":"#1"},"east":{"uv":[1.1,0.1,1.9,0.9],"texture":"#1"},"south":{"uv":[1.1,0.1,1.9,0.9],"texture":"#1"},"west":{"uv":[1.1,0.1,1.9,0.9],"texture":"#1"},"up":{"uv":[1.1,0.1,1.9,0.9],"texture":"#1"},"down":{"uv":[1.1,0.1,1.9,0.9],"texture":"#1"}}},{"from":[7.5,8.1,2.5],"to":[8.5,9.1,3.5],"rotation":{"angle":45,"axis":"z","origin":[8,8.5,8]},"faces":{"north":{"uv":[1.1,1.1,1.9,1.9],"texture":"#1"},"east":{"uv":[1.1,1.1,1.9,1.9],"texture":"#1"},"south":{"uv":[1.1,1.1,1.9,1.9],"texture":"#1"},"west":{"uv":[1.1,1.1,1.9,1.9],"texture":"#1"},"up":{"uv":[1.1,1.1,1.9,1.9],"texture":"#1"},"down":{"uv":[1.1,1.1,1.9,1.9],"texture":"#1"}}},{"from":[6.5,8.1,2.5],"to":[7.5,9.1,3.5],"rotation":{"angle":45,"axis":"z","origin":[8,8.5,8]},"faces":{"north":{"uv":[1.1,2.1,1.9,2.9],"texture":"#1"},"east":{"uv":[1.1,2.1,1.9,2.9],"texture":"#1"},"south":{"uv":[1.1,2.1,1.9,2.9],"texture":"#1"},"west":{"uv":[1.1,2.1,1.9,2.9],"texture":"#1"},"up":{"uv":[1.1,2.1,1.9,2.9],"texture":"#1"},"down":{"uv":[1.1,2.1,1.9,2.9],"texture":"#1"}}},{"from":[5.5,8.1,3.5],"to":[6.5,9.1,4.5],"rotation":{"angle":45,"axis":"z","origin":[8,8.5,8]},"faces":{"north":{"uv":[1.1,3.1,1.9,3.9],"texture":"#1"},"east":{"uv":[1.1,3.1,1.9,3.9],"texture":"#1"},"south":{"uv":[1.1,3.1,1.9,3.9],"texture":"#1"},"west":{"uv":[1.1,3.1,1.9,3.9],"texture":"#1"},"up":{"uv":[1.1,3.1,1.9,3.9],"texture":"#1"},"down":{"uv":[1.1,3.1,1.9,3.9],"texture":"#1"}}},{"from":[4.5,8.1,4.5],"to":[5.5,9.1,5.5],"rotation":{"angle":45,"axis":"z","origin":[8,8.5,8]},"faces":{"north":{"uv":[1.1,4.1,1.9,4.9],"texture":"#1"},"east":{"uv":[1.1,4.1,1.9,4.9],"texture":"#1"},"south":{"uv":[1.1,4.1,1.9,4.9],"texture":"#1"},"west":{"uv":[1.1,4.1,1.9,4.9],"texture":"#1"},"up":{"uv":[1.1,4.1,1.9,4.9],"texture":"#1"},"down":{"uv":[1.1,4.1,1.9,4.9],"texture":"#1"}}},{"from":[3.5,8.1,5.5],"to":[4.5,9.1,6.5],"rotation":{"angle":45,"axis":"z","origin":[8,8.5,8]},"faces":{"north":{"uv":[1.1,5.1,1.9,5.9],"texture":"#1"},"east":{"uv":[1.1,5.1,1.9,5.9],"texture":"#1"},"south":{"uv":[1.1,5.1,1.9,5.9],"texture":"#1"},"west":{"uv":[1.1,5.1,1.9,5.9],"texture":"#1"},"up":{"uv":[1.1,5.1,1.9,5.9],"texture":"#1"},"down":{"uv":[1.1,5.1,1.9,5.9],"texture":"#1"}}}],"display":{"thirdperson_righthand":{"rotation":[45,0,0],"translation":[0,1,-1]},"gui":{"rotation":[30,0,0],"translation":[0,-0.5,0],"scale":[1.25,1.25,1.25]},"fixed":{"rotation":[0,180,0],"translation":[0,-1,0],"scale":[1.2,1.2,1.2]},"ground":{"scale":[0,0,0]}}}