{"textures":{"0":"block/blue_concrete","1":"block/white_concrete"},"elements":[{"from":[7,0,6],"to":[8,0,7],"faces":{"down":{"uv":[7,9,8,10],"texture":"#0","cullface":"down"}}},{"from":[8,0,10],"to":[10,0,11],"faces":{"down":{"uv":[8,5,10,6],"texture":"#0","cullface":"down"}}},{"from":[9,16,8],"to":[10,16,9],"faces":{"up":{"uv":[9,8,10,9],"texture":"#0","cullface":"up"}}},{"from":[8,16,9],"to":[9,16,10],"faces":{"up":{"uv":[8,9,9,10],"texture":"#0","cullface":"up"}}},{"from":[9,15,9],"to":[9,16,10],"faces":{"east":{"uv":[6,0,7,1],"texture":"#0"}}},{"from":[10,4,2],"to":[10,5,3],"faces":{"east":{"uv":[13,11,14,12],"texture":"#0"}}},{"from":[10,15,8],"to":[10,16,9],"faces":{"east":{"uv":[7,0,8,1],"texture":"#0"}}},{"from":[10,0,10],"to":[10,1,11],"faces":{"east":{"uv":[5,15,6,16],"texture":"#0"}}},{"from":[10,14,10],"to":[10,15,11],"faces":{"east":{"uv":[5,1,6,2],"texture":"#0"}}},{"from":[10,1,12],"to":[10,2,13],"faces":{"east":{"uv":[3,14,4,15],"texture":"#0"}}},{"from":[10,8,14],"to":[10,9,15],"faces":{"east":{"uv":[1,7,2,8],"texture":"#0"}}},{"from":[11,5,2],"to":[11,7,3],"faces":{"east":{"uv":[13,9,14,11],"texture":"#0"}}},{"from":[11,12,5],"to":[11,13,6],"faces":{"east":{"uv":[10,3,11,4],"texture":"#0"}}},{"from":[11,7,14],"to":[11,8,15],"faces":{"east":{"uv":[1,8,2,9],"texture":"#0"}}},{"from":[11,14,8],"to":[11,15,10],"faces":{"east":{"uv":[6,1,8,2],"texture":"#0"}}},{"from":[11,9,13],"to":[11,10,14],"faces":{"east":{"uv":[2,6,3,7],"texture":"#0"}}},{"from":[11,13,10],"to":[11,14,11],"faces":{"east":{"uv":[5,2,6,3],"texture":"#0"}}},{"from":[11,1,11],"to":[11,2,12],"faces":{"east":{"uv":[4,14,5,15],"texture":"#0"}}},{"from":[12,2,4],"to":[12,3,5],"faces":{"east":{"uv":[11,13,12,14],"texture":"#0"}}},{"from":[12,10,4],"to":[12,11,5],"faces":{"east":{"uv":[11,5,12,6],"texture":"#0"}}},{"from":[12,11,5],"to":[12,12,6],"faces":{"east":{"uv":[10,4,11,5],"texture":"#0"}}},{"from":[12,11,6],"to":[12,13,7],"faces":{"east":{"uv":[9,3,10,5],"texture":"#0"}}},{"from":[12,13,9],"to":[12,14,10],"faces":{"east":{"uv":[6,2,7,3],"texture":"#0"}}},{"from":[12,10,12],"to":[12,11,13],"faces":{"east":{"uv":[3,5,4,6],"texture":"#0"}}},{"from":[12,8,13],"to":[12,9,14],"faces":{"east":{"uv":[2,7,3,8],"texture":"#0"}}},{"from":[13,3,4],"to":[13,5,5],"faces":{"east":{"uv":[11,11,12,13],"texture":"#0"}}},{"from":[13,2,5],"to":[13,4,6],"faces":{"east":{"uv":[10,12,11,14],"texture":"#0"}}},{"from":[13,10,5],"to":[13,11,7],"faces":{"east":{"uv":[9,5,11,6],"texture":"#0"}}},{"from":[13,2,6],"to":[13,3,7],"faces":{"east":{"uv":[9,13,10,14],"texture":"#0"}}},{"from":[13,8,12],"to":[13,10,13],"faces":{"east":{"uv":[3,6,4,8],"texture":"#0"}}},{"from":[14,4,5],"to":[14,5,6],"faces":{"east":{"uv":[10,11,11,12],"texture":"#0"}}},{"from":[14,3,6],"to":[14,4,7],"faces":{"east":{"uv":[9,12,10,13],"texture":"#0"}}},{"from":[14,9,8],"to":[14,10,10],"faces":{"east":{"uv":[6,6,8,7],"texture":"#0"}}},{"from":[14,3,9],"to":[14,4,10],"faces":{"east":{"uv":[6,12,7,13],"texture":"#0"}}},{"from":[14,4,11],"to":[14,5,12],"faces":{"east":{"uv":[4,11,5,12],"texture":"#0"}}},{"from":[14,3,10],"to":[14,5,11],"faces":{"east":{"uv":[5,11,6,13],"texture":"#0"}}},{"from":[15,8,8],"to":[15,9,10],"faces":{"east":{"uv":[6,7,8,8],"texture":"#0"}}},{"from":[15,4,9],"to":[15,5,10],"faces":{"east":{"uv":[6,11,7,12],"texture":"#0"}}},{"from":[15,5,10],"to":[15,6,11],"faces":{"east":{"uv":[5,10,6,11],"texture":"#0"}}},{"from":[2,6,7],"to":[2,8,8],"faces":{"west":{"uv":[7,8,8,10],"texture":"#0"}}},{"from":[2,5,8],"to":[2,9,10],"faces":{"west":{"uv":[8,7,10,11],"texture":"#0"}}},{"from":[2,6,10],"to":[2,8,11],"faces":{"west":{"uv":[10,8,11,10],"texture":"#0"}}},{"from":[3,5,4],"to":[3,6,5],"faces":{"west":{"uv":[4,10,5,11],"texture":"#0"}}},{"from":[3,4,5],"to":[3,5,6],"faces":{"west":{"uv":[5,11,6,12],"texture":"#0"}}},{"from":[4,5,3],"to":[4,6,4],"faces":{"west":{"uv":[3,10,4,11],"texture":"#0"}}},{"from":[4,3,4],"to":[4,5,5],"faces":{"west":{"uv":[4,11,5,13],"texture":"#0"}}},{"from":[4,9,4],"to":[4,10,5],"faces":{"west":{"uv":[4,6,5,7],"texture":"#0"}}},{"from":[4,3,5],"to":[4,4,6],"faces":{"west":{"uv":[5,12,6,13],"texture":"#0"}}},{"from":[4,10,5],"to":[4,11,6],"faces":{"west":{"uv":[5,5,6,6],"texture":"#0"}}},{"from":[4,5,13],"to":[4,6,14],"faces":{"west":{"uv":[13,10,14,11],"texture":"#0"}}},{"from":[4,11,9],"to":[4,12,10],"faces":{"west":{"uv":[9,4,10,5],"texture":"#0"}}},{"from":[4,10,10],"to":[4,11,12],"faces":{"west":{"uv":[10,5,12,6],"texture":"#0"}}},{"from":[4,4,12],"to":[4,5,13],"faces":{"west":{"uv":[12,11,13,12],"texture":"#0"}}},{"from":[5,4,3],"to":[5,5,4],"faces":{"west":{"uv":[3,11,4,12],"texture":"#0"}}},{"from":[5,8,3],"to":[5,9,4],"faces":{"west":{"uv":[3,7,4,8],"texture":"#0"}}},{"from":[5,10,4],"to":[5,11,5],"faces":{"west":{"uv":[4,5,5,6],"texture":"#0"}}},{"from":[5,11,5],"to":[5,12,6],"faces":{"west":{"uv":[5,4,6,5],"texture":"#0"}}},{"from":[5,12,9],"to":[5,13,10],"faces":{"west":{"uv":[9,3,10,4],"texture":"#0"}}},{"from":[5,11,10],"to":[5,13,11],"faces":{"west":{"uv":[10,3,11,5],"texture":"#0"}}},{"from":[5,11,11],"to":[5,12,12],"faces":{"west":{"uv":[11,4,12,5],"texture":"#0"}}},{"from":[5,10,12],"to":[5,11,13],"faces":{"west":{"uv":[12,5,13,6],"texture":"#0"}}},{"from":[5,4,13],"to":[5,5,14],"faces":{"west":{"uv":[13,11,14,12],"texture":"#0"}}},{"from":[6,9,3],"to":[6,10,4],"faces":{"west":{"uv":[3,6,4,7],"texture":"#0"}}},{"from":[6,1,5],"to":[6,2,6],"faces":{"west":{"uv":[5,14,6,15],"texture":"#0"}}},{"from":[6,12,5],"to":[6,13,6],"faces":{"west":{"uv":[5,3,6,4],"texture":"#0"}}},{"from":[6,5,14],"to":[6,7,15],"faces":{"west":{"uv":[14,9,15,11],"texture":"#0"}}},{"from":[6,3,13],"to":[6,4,14],"faces":{"west":{"uv":[13,12,14,13],"texture":"#0"}}},{"from":[6,13,10],"to":[6,14,11],"faces":{"west":{"uv":[10,2,11,3],"texture":"#0"}}},{"from":[6,12,11],"to":[6,13,12],"faces":{"west":{"uv":[11,3,12,4],"texture":"#0"}}},{"from":[7,10,3],"to":[7,11,4],"faces":{"west":{"uv":[3,5,4,6],"texture":"#0"}}},{"from":[7,1,4],"to":[7,2,5],"faces":{"west":{"uv":[4,14,5,15],"texture":"#0"}}},{"from":[7,11,4],"to":[7,12,5],"faces":{"west":{"uv":[4,4,5,5],"texture":"#0"}}},{"from":[7,0,6],"to":[7,1,7],"faces":{"west":{"uv":[6,15,7,16],"texture":"#0"}}},{"from":[7,11,12],"to":[7,12,13],"faces":{"west":{"uv":[12,4,13,5],"texture":"#0"}}},{"from":[7,4,14],"to":[7,5,15],"faces":{"west":{"uv":[14,11,15,12],"texture":"#0"}}},{"from":[8,15,9],"to":[8,16,10],"faces":{"west":{"uv":[9,0,10,1],"texture":"#0"}}},{"from":[2,8,10],"to":[3,8,11],"faces":{"up":{"uv":[2,10,3,11],"texture":"#0"}}},{"from":[10,8,14],"to":[11,8,15],"faces":{"up":{"uv":[10,14,11,15],"texture":"#0"}}},{"from":[5,9,3],"to":[6,9,4],"faces":{"up":{"uv":[5,3,6,4],"texture":"#0"}}},{"from":[2,9,8],"to":[3,9,10],"faces":{"up":{"uv":[2,8,3,10],"texture":"#0"}}},{"from":[14,9,8],"to":[15,9,10],"faces":{"up":{"uv":[14,8,15,10],"texture":"#0"}}},{"from":[9,9,14],"to":[10,9,15],"faces":{"up":{"uv":[9,14,10,15],"texture":"#0"}}},{"from":[11,9,13],"to":[12,9,14],"faces":{"up":{"uv":[11,13,12,14],"texture":"#0"}}},{"from":[6,10,3],"to":[7,10,4],"faces":{"up":{"uv":[6,3,7,4],"texture":"#0"}}},{"from":[4,10,4],"to":[5,10,5],"faces":{"up":{"uv":[4,4,5,5],"texture":"#0"}}},{"from":[12,10,12],"to":[13,10,13],"faces":{"up":{"uv":[12,12,13,13],"texture":"#0"}}},{"from":[10,10,13],"to":[11,10,14],"faces":{"up":{"uv":[10,13,11,14],"texture":"#0"}}},{"from":[7,11,3],"to":[8,11,4],"faces":{"up":{"uv":[7,3,8,4],"texture":"#0"}}},{"from":[5,11,4],"to":[7,11,5],"faces":{"up":{"uv":[5,4,7,5],"texture":"#0"}}},{"from":[10,11,4],"to":[12,11,5],"faces":{"up":{"uv":[10,4,12,5],"texture":"#0"}}},{"from":[4,11,5],"to":[5,11,6],"faces":{"up":{"uv":[4,5,5,6],"texture":"#0"}}},{"from":[12,11,5],"to":[13,11,7],"faces":{"up":{"uv":[12,5,13,7],"texture":"#0"}}},{"from":[10,11,12],"to":[12,11,13],"faces":{"up":{"uv":[10,12,12,13],"texture":"#0"}}},{"from":[5,11,12],"to":[7,11,13],"faces":{"up":{"uv":[5,12,7,13],"texture":"#0"}}},{"from":[4,11,10],"to":[5,11,12],"faces":{"up":{"uv":[4,10,5,12],"texture":"#0"}}},{"from":[7,12,4],"to":[8,12,5],"faces":{"up":{"uv":[7,4,8,5],"texture":"#0"}}},{"from":[5,12,5],"to":[6,12,6],"faces":{"up":{"uv":[5,5,6,6],"texture":"#0"}}},{"from":[11,12,5],"to":[12,12,6],"faces":{"up":{"uv":[11,5,12,6],"texture":"#0"}}},{"from":[4,12,9],"to":[5,12,10],"faces":{"up":{"uv":[4,9,5,10],"texture":"#0"}}},{"from":[5,12,11],"to":[6,12,12],"faces":{"up":{"uv":[5,11,6,12],"texture":"#0"}}},{"from":[7,12,12],"to":[8,12,13],"faces":{"up":{"uv":[7,12,8,13],"texture":"#0"}}},{"from":[6,13,5],"to":[7,13,6],"faces":{"up":{"uv":[6,5,7,6],"texture":"#0"}}},{"from":[10,13,5],"to":[11,13,6],"faces":{"up":{"uv":[10,5,11,6],"texture":"#0"}}},{"from":[11,13,6],"to":[12,13,7],"faces":{"up":{"uv":[11,6,12,7],"texture":"#0"}}},{"from":[5,13,10],"to":[6,13,11],"faces":{"up":{"uv":[5,10,6,11],"texture":"#0"}}},{"from":[6,13,11],"to":[7,13,12],"faces":{"up":{"uv":[6,11,7,12],"texture":"#0"}}},{"from":[6,14,10],"to":[7,14,11],"faces":{"up":{"uv":[6,10,7,11],"texture":"#0"}}},{"from":[10,14,10],"to":[11,14,11],"faces":{"up":{"uv":[10,10,11,11],"texture":"#0"}}},{"from":[11,14,9],"to":[12,14,10],"faces":{"up":{"uv":[11,9,12,10],"texture":"#0"}}},{"from":[10,15,8],"to":[11,15,9],"faces":{"up":{"uv":[10,8,11,9],"texture":"#0"}}},{"from":[9,15,9],"to":[11,15,10],"faces":{"up":{"uv":[9,9,11,10],"texture":"#0"}}},{"from":[8,15,10],"to":[10,15,11],"faces":{"up":{"uv":[8,10,10,11],"texture":"#0"}}},{"from":[7,1,4],"to":[8,1,5],"faces":{"down":{"uv":[7,11,8,12],"texture":"#0"}}},{"from":[6,1,5],"to":[9,1,6],"faces":{"down":{"uv":[6,10,9,11],"texture":"#0"}}},{"from":[6,1,6],"to":[7,1,7],"faces":{"down":{"uv":[6,9,7,10],"texture":"#0"}}},{"from":[8,1,12],"to":[10,1,13],"faces":{"down":{"uv":[8,3,10,4],"texture":"#0"}}},{"from":[7,1,11],"to":[11,1,12],"faces":{"down":{"uv":[7,4,11,5],"texture":"#0"}}},{"from":[10,1,10],"to":[11,1,11],"faces":{"down":{"uv":[10,5,11,6],"texture":"#0"}}},{"from":[11,2,4],"to":[12,2,5],"faces":{"down":{"uv":[11,11,12,12],"texture":"#0"}}},{"from":[11,2,5],"to":[13,2,6],"faces":{"down":{"uv":[11,10,13,11],"texture":"#0"}}},{"from":[12,2,6],"to":[13,2,7],"faces":{"down":{"uv":[12,9,13,10],"texture":"#0"}}},{"from":[4,3,4],"to":[5,3,5],"faces":{"down":{"uv":[4,11,5,12],"texture":"#0"}}},{"from":[12,3,4],"to":[13,3,5],"faces":{"down":{"uv":[12,11,13,12],"texture":"#0"}}},{"from":[13,3,6],"to":[14,3,7],"faces":{"down":{"uv":[13,9,14,10],"texture":"#0"}}},{"from":[13,3,10],"to":[14,3,11],"faces":{"down":{"uv":[13,5,14,6],"texture":"#0"}}},{"from":[6,3,13],"to":[7,3,14],"faces":{"down":{"uv":[6,2,7,3],"texture":"#0"}}},{"from":[8,4,2],"to":[10,4,3],"faces":{"down":{"uv":[8,13,10,14],"texture":"#0"}}},{"from":[5,4,3],"to":[6,4,4],"faces":{"down":{"uv":[5,12,6,13],"texture":"#0"}}},{"from":[3,4,5],"to":[4,4,6],"faces":{"down":{"uv":[3,10,4,11],"texture":"#0"}}},{"from":[13,4,5],"to":[14,4,6],"faces":{"down":{"uv":[13,10,14,11],"texture":"#0"}}},{"from":[7,4,14],"to":[8,4,15],"faces":{"down":{"uv":[7,1,8,2],"texture":"#0"}}},{"from":[14,4,9],"to":[15,4,10],"faces":{"down":{"uv":[14,6,15,7],"texture":"#0"}}},{"from":[13,4,11],"to":[14,4,12],"faces":{"down":{"uv":[13,4,14,5],"texture":"#0"}}},{"from":[5,4,13],"to":[6,4,14],"faces":{"down":{"uv":[5,2,6,3],"texture":"#0"}}},{"from":[10,5,2],"to":[11,5,3],"faces":{"down":{"uv":[10,13,11,14],"texture":"#0"}}},{"from":[4,5,3],"to":[5,5,4],"faces":{"down":{"uv":[4,12,5,13],"texture":"#0"}}},{"from":[3,5,4],"to":[4,5,5],"faces":{"down":{"uv":[3,11,4,12],"texture":"#0"}}},{"from":[14,5,10],"to":[15,5,11],"faces":{"down":{"uv":[14,5,15,6],"texture":"#0"}}},{"from":[4,5,13],"to":[5,5,14],"faces":{"down":{"uv":[4,2,5,3],"texture":"#0"}}},{"from":[6,5,14],"to":[7,5,15],"faces":{"down":{"uv":[6,1,7,2],"texture":"#0"}}},{"from":[9,15,9],"to":[10,16,9],"faces":{"south":{"uv":[9,0,10,1],"texture":"#0"}}},{"from":[14,4,10],"to":[15,5,10],"faces":{"south":{"uv":[14,11,15,12],"texture":"#0"}}},{"from":[2,8,10],"to":[3,9,10],"faces":{"south":{"uv":[2,7,3,8],"texture":"#0"}}},{"from":[14,8,10],"to":[15,9,10],"faces":{"south":{"uv":[14,7,15,8],"texture":"#0"}}},{"from":[4,11,10],"to":[5,12,10],"faces":{"south":{"uv":[4,4,5,5],"texture":"#0"}}},{"from":[11,13,10],"to":[12,14,10],"faces":{"south":{"uv":[11,2,12,3],"texture":"#0"}}},{"from":[10,14,10],"to":[11,15,10],"faces":{"south":{"uv":[10,1,11,2],"texture":"#0"}}},{"from":[8,15,10],"to":[9,16,10],"faces":{"south":{"uv":[8,0,9,1],"texture":"#0"}}},{"from":[8,0,11],"to":[10,1,11],"faces":{"south":{"uv":[8,15,10,16],"texture":"#0"}}},{"from":[13,3,11],"to":[14,4,11],"faces":{"south":{"uv":[13,12,14,13],"texture":"#0"}}},{"from":[14,5,11],"to":[15,6,11],"faces":{"south":{"uv":[14,10,15,11],"texture":"#0"}}},{"from":[2,6,11],"to":[3,8,11],"faces":{"south":{"uv":[2,8,3,10],"texture":"#0"}}},{"from":[8,14,11],"to":[10,15,11],"faces":{"south":{"uv":[8,1,10,2],"texture":"#0"}}},{"from":[5,12,11],"to":[6,13,11],"faces":{"south":{"uv":[5,3,6,4],"texture":"#0"}}},{"from":[6,13,11],"to":[7,14,11],"faces":{"south":{"uv":[6,2,7,3],"texture":"#0"}}},{"from":[10,13,11],"to":[11,14,11],"faces":{"south":{"uv":[10,2,11,3],"texture":"#0"}}},{"from":[10,1,12],"to":[11,2,12],"faces":{"south":{"uv":[10,14,11,15],"texture":"#0"}}},{"from":[13,4,12],"to":[14,5,12],"faces":{"south":{"uv":[13,11,14,12],"texture":"#0"}}},{"from":[4,10,12],"to":[5,11,12],"faces":{"south":{"uv":[4,5,5,6],"texture":"#0"}}},{"from":[5,11,12],"to":[7,12,12],"faces":{"south":{"uv":[5,4,7,5],"texture":"#0"}}},{"from":[6,12,12],"to":[8,13,12],"faces":{"south":{"uv":[6,3,8,4],"texture":"#0"}}},{"from":[8,1,13],"to":[10,2,13],"faces":{"south":{"uv":[8,14,10,15],"texture":"#0"}}},{"from":[5,3,13],"to":[6,4,13],"faces":{"south":{"uv":[5,12,6,13],"texture":"#0"}}},{"from":[4,4,13],"to":[5,5,13],"faces":{"south":{"uv":[4,11,5,12],"texture":"#0"}}},{"from":[7,11,13],"to":[8,12,13],"faces":{"south":{"uv":[7,4,8,5],"texture":"#0"}}},{"from":[10,10,13],"to":[12,11,13],"faces":{"south":{"uv":[10,5,12,6],"texture":"#0"}}},{"from":[12,8,13],"to":[13,9,13],"faces":{"south":{"uv":[12,7,13,8],"texture":"#0"}}},{"from":[11,9,13],"to":[13,10,13],"faces":{"south":{"uv":[11,6,13,7],"texture":"#0"}}},{"from":[5,10,13],"to":[7,11,13],"faces":{"south":{"uv":[5,5,7,6],"texture":"#0"}}},{"from":[6,3,14],"to":[7,4,14],"faces":{"south":{"uv":[6,12,7,13],"texture":"#0"}}},{"from":[5,4,14],"to":[7,5,14],"faces":{"south":{"uv":[5,11,7,12],"texture":"#0"}}},{"from":[4,5,14],"to":[6,6,14],"faces":{"south":{"uv":[4,10,6,11],"texture":"#0"}}},{"from":[5,6,14],"to":[6,7,14],"faces":{"south":{"uv":[5,9,6,10],"texture":"#0"}}},{"from":[11,7,14],"to":[12,8,14],"faces":{"south":{"uv":[11,8,12,9],"texture":"#0"}}},{"from":[10,8,14],"to":[12,9,14],"faces":{"south":{"uv":[10,7,12,8],"texture":"#0"}}},{"from":[9,9,14],"to":[11,10,14],"faces":{"south":{"uv":[9,6,11,7],"texture":"#0"}}},{"from":[7,4,15],"to":[8,5,15],"faces":{"south":{"uv":[7,11,8,12],"texture":"#0"}}},{"from":[6,5,15],"to":[8,6,15],"faces":{"south":{"uv":[6,10,8,11],"texture":"#0"}}},{"from":[6,6,15],"to":[7,7,15],"faces":{"south":{"uv":[6,9,7,10],"texture":"#0"}}},{"from":[10,7,15],"to":[11,8,15],"faces":{"south":{"uv":[10,8,11,9],"texture":"#0"}}},{"from":[9,8,15],"to":[10,9,15],"faces":{"south":{"uv":[9,7,10,8],"texture":"#0"}}},{"from":[8,4,2],"to":[10,5,2],"faces":{"north":{"uv":[6,11,8,12],"texture":"#0"}}},{"from":[7,5,2],"to":[11,7,2],"faces":{"north":{"uv":[5,9,9,11],"texture":"#0"}}},{"from":[8,7,2],"to":[10,8,2],"faces":{"north":{"uv":[6,8,8,9],"texture":"#0"}}},{"from":[5,4,3],"to":[6,5,3],"faces":{"north":{"uv":[10,11,11,12],"texture":"#0"}}},{"from":[4,5,3],"to":[5,6,3],"faces":{"north":{"uv":[11,10,12,11],"texture":"#0"}}},{"from":[7,10,3],"to":[8,11,3],"faces":{"north":{"uv":[8,5,9,6],"texture":"#0"}}},{"from":[5,8,3],"to":[6,9,3],"faces":{"north":{"uv":[10,7,11,8],"texture":"#0"}}},{"from":[6,9,3],"to":[7,10,3],"faces":{"north":{"uv":[9,6,10,7],"texture":"#0"}}},{"from":[7,1,4],"to":[8,2,4],"faces":{"north":{"uv":[8,14,9,15],"texture":"#0"}}},{"from":[11,2,4],"to":[12,3,4],"faces":{"north":{"uv":[4,13,5,14],"texture":"#0"}}},{"from":[4,3,4],"to":[6,4,4],"faces":{"north":{"uv":[10,12,12,13],"texture":"#0"}}},{"from":[11,3,4],"to":[13,4,4],"faces":{"north":{"uv":[3,12,5,13],"texture":"#0"}}},{"from":[4,4,4],"to":[5,5,4],"faces":{"north":{"uv":[11,11,12,12],"texture":"#0"}}},{"from":[12,4,4],"to":[13,5,4],"faces":{"north":{"uv":[3,11,4,12],"texture":"#0"}}},{"from":[3,5,4],"to":[4,6,4],"faces":{"north":{"uv":[12,10,13,11],"texture":"#0"}}},{"from":[7,11,4],"to":[8,12,4],"faces":{"north":{"uv":[8,4,9,5],"texture":"#0"}}},{"from":[4,9,4],"to":[6,10,4],"faces":{"north":{"uv":[10,6,12,7],"texture":"#0"}}},{"from":[5,10,4],"to":[7,11,4],"faces":{"north":{"uv":[9,5,11,6],"texture":"#0"}}},{"from":[10,10,4],"to":[12,11,4],"faces":{"north":{"uv":[4,5,6,6],"texture":"#0"}}},{"from":[6,1,5],"to":[7,2,5],"faces":{"north":{"uv":[9,14,10,15],"texture":"#0"}}},{"from":[12,2,5],"to":[13,3,5],"faces":{"north":{"uv":[3,13,4,14],"texture":"#0"}}},{"from":[3,4,5],"to":[4,5,5],"faces":{"north":{"uv":[12,11,13,12],"texture":"#0"}}},{"from":[13,4,5],"to":[14,5,5],"faces":{"north":{"uv":[2,11,3,12],"texture":"#0"}}},{"from":[4,10,5],"to":[5,11,5],"faces":{"north":{"uv":[11,5,12,6],"texture":"#0"}}},{"from":[12,10,5],"to":[13,11,5],"faces":{"north":{"uv":[3,5,4,6],"texture":"#0"}}},{"from":[5,11,5],"to":[7,12,5],"faces":{"north":{"uv":[9,4,11,5],"texture":"#0"}}},{"from":[10,11,5],"to":[12,12,5],"faces":{"north":{"uv":[4,4,6,5],"texture":"#0"}}},{"from":[6,12,5],"to":[7,13,5],"faces":{"north":{"uv":[9,3,10,4],"texture":"#0"}}},{"from":[10,12,5],"to":[11,13,5],"faces":{"north":{"uv":[5,3,6,4],"texture":"#0"}}},{"from":[7,0,6],"to":[8,1,6],"faces":{"north":{"uv":[8,15,9,16],"texture":"#0"}}},{"from":[13,3,6],"to":[14,4,6],"faces":{"north":{"uv":[2,12,3,13],"texture":"#0"}}},{"from":[11,12,6],"to":[12,13,6],"faces":{"north":{"uv":[4,3,5,4],"texture":"#0"}}},{"from":[9,15,8],"to":[10,16,8],"faces":{"north":{"uv":[6,0,7,1],"texture":"#0"}}},{"from":[8,0,6],"to":[10,0,7],"faces":{"down":{"uv":[8,9,10,10],"texture":"#1","cullface":"down"}}},{"from":[6,0,7],"to":[11,0,10],"faces":{"down":{"uv":[6,6,11,9],"texture":"#1","cullface":"down"}}},{"from":[7,0,10],"to":[8,0,11],"faces":{"down":{"uv":[7,5,8,6],"texture":"#1","cullface":"down"}}},{"from":[8,16,7],"to":[9,16,8],"faces":{"up":{"uv":[8,7,9,8],"texture":"#1","cullface":"up"}}},{"from":[7,16,8],"to":[9,16,9],"faces":{"up":{"uv":[7,8,9,9],"texture":"#1","cullface":"up"}}},{"from":[9,12,4],"to":[9,13,5],"faces":{"east":{"uv":[11,3,12,4],"texture":"#1"}}},{"from":[9,15,7],"to":[9,16,8],"faces":{"east":{"uv":[8,0,9,1],"texture":"#1"}}},{"from":[9,12,12],"to":[9,13,13],"faces":{"east":{"uv":[3,3,4,4],"texture":"#1"}}},{"from":[10,8,2],"to":[10,9,3],"faces":{"east":{"uv":[13,7,14,8],"texture":"#1"}}},{"from":[10,2,3],"to":[10,3,4],"faces":{"east":{"uv":[12,13,13,14],"texture":"#1"}}},{"from":[10,10,3],"to":[10,11,4],"faces":{"east":{"uv":[12,5,13,6],"texture":"#1"}}},{"from":[10,1,4],"to":[10,2,5],"faces":{"east":{"uv":[11,14,12,15],"texture":"#1"}}},{"from":[10,11,4],"to":[10,12,5],"faces":{"east":{"uv":[11,4,12,5],"texture":"#1"}}},{"from":[10,13,5],"to":[10,14,6],"faces":{"east":{"uv":[10,2,11,3],"texture":"#1"}}},{"from":[10,0,6],"to":[10,1,7],"faces":{"east":{"uv":[9,15,10,16],"texture":"#1"}}},{"from":[10,14,6],"to":[10,15,7],"faces":{"east":{"uv":[9,1,10,2],"texture":"#1"}}},{"from":[10,13,11],"to":[10,14,12],"faces":{"east":{"uv":[4,2,5,3],"texture":"#1"}}},{"from":[10,11,12],"to":[10,12,13],"faces":{"east":{"uv":[3,4,4,5],"texture":"#1"}}},{"from":[10,2,13],"to":[10,3,14],"faces":{"east":{"uv":[2,13,3,14],"texture":"#1"}}},{"from":[10,10,13],"to":[10,11,14],"faces":{"east":{"uv":[2,5,3,6],"texture":"#1"}}},{"from":[10,4,14],"to":[10,5,15],"faces":{"east":{"uv":[1,11,2,12],"texture":"#1"}}},{"from":[11,7,2],"to":[11,8,3],"faces":{"east":{"uv":[13,8,14,9],"texture":"#1"}}},{"from":[11,3,3],"to":[11,4,4],"faces":{"east":{"uv":[12,12,13,13],"texture":"#1"}}},{"from":[11,9,3],"to":[11,10,4],"faces":{"east":{"uv":[12,6,13,7],"texture":"#1"}}},{"from":[11,1,5],"to":[11,2,6],"faces":{"east":{"uv":[10,14,11,15],"texture":"#1"}}},{"from":[11,13,6],"to":[11,14,7],"faces":{"east":{"uv":[9,2,10,3],"texture":"#1"}}},{"from":[11,0,7],"to":[11,1,10],"faces":{"east":{"uv":[6,15,9,16],"texture":"#1"}}},{"from":[11,14,7],"to":[11,15,8],"faces":{"east":{"uv":[8,1,9,2],"texture":"#1"}}},{"from":[11,5,14],"to":[11,7,15],"faces":{"east":{"uv":[1,9,2,11],"texture":"#1"}}},{"from":[11,12,11],"to":[11,13,12],"faces":{"east":{"uv":[4,3,5,4],"texture":"#1"}}},{"from":[11,3,13],"to":[11,4,14],"faces":{"east":{"uv":[2,12,3,13],"texture":"#1"}}},{"from":[12,4,3],"to":[12,5,4],"faces":{"east":{"uv":[12,11,13,12],"texture":"#1"}}},{"from":[12,8,3],"to":[12,9,4],"faces":{"east":{"uv":[12,7,13,8],"texture":"#1"}}},{"from":[12,1,6],"to":[12,2,7],"faces":{"east":{"uv":[9,14,10,15],"texture":"#1"}}},{"from":[12,12,7],"to":[12,14,8],"faces":{"east":{"uv":[8,2,9,4],"texture":"#1"}}},{"from":[12,13,8],"to":[12,14,9],"faces":{"east":{"uv":[7,2,8,3],"texture":"#1"}}},{"from":[12,12,9],"to":[12,13,10],"faces":{"east":{"uv":[6,3,7,4],"texture":"#1"}}},{"from":[12,1,10],"to":[12,2,11],"faces":{"east":{"uv":[5,14,6,15],"texture":"#1"}}},{"from":[12,11,10],"to":[12,13,11],"faces":{"east":{"uv":[5,3,6,5],"texture":"#1"}}},{"from":[12,11,11],"to":[12,12,12],"faces":{"east":{"uv":[4,4,5,5],"texture":"#1"}}},{"from":[12,2,12],"to":[12,3,13],"faces":{"east":{"uv":[3,13,4,14],"texture":"#1"}}},{"from":[12,4,13],"to":[12,5,14],"faces":{"east":{"uv":[2,11,3,12],"texture":"#1"}}},{"from":[13,5,3],"to":[13,8,4],"faces":{"east":{"uv":[12,8,13,11],"texture":"#1"}}},{"from":[13,8,4],"to":[13,10,5],"faces":{"east":{"uv":[11,6,12,8],"texture":"#1"}}},{"from":[13,9,5],"to":[13,10,6],"faces":{"east":{"uv":[10,6,11,7],"texture":"#1"}}},{"from":[13,5,13],"to":[13,8,14],"faces":{"east":{"uv":[2,8,3,11],"texture":"#1"}}},{"from":[13,1,7],"to":[13,2,10],"faces":{"east":{"uv":[6,14,9,15],"texture":"#1"}}},{"from":[13,11,7],"to":[13,12,8],"faces":{"east":{"uv":[8,4,9,5],"texture":"#1"}}},{"from":[13,11,8],"to":[13,13,9],"faces":{"east":{"uv":[7,3,8,5],"texture":"#1"}}},{"from":[13,3,12],"to":[13,5,13],"faces":{"east":{"uv":[3,11,4,13],"texture":"#1"}}},{"from":[13,11,9],"to":[13,12,10],"faces":{"east":{"uv":[6,4,7,5],"texture":"#1"}}},{"from":[13,2,10],"to":[13,3,11],"faces":{"east":{"uv":[5,13,6,14],"texture":"#1"}}},{"from":[13,10,10],"to":[13,11,11],"faces":{"east":{"uv":[5,5,6,6],"texture":"#1"}}},{"from":[13,2,11],"to":[13,4,12],"faces":{"east":{"uv":[4,12,5,14],"texture":"#1"}}},{"from":[13,9,11],"to":[13,11,12],"faces":{"east":{"uv":[4,5,5,7],"texture":"#1"}}},{"from":[14,5,4],"to":[14,8,5],"faces":{"east":{"uv":[11,8,12,11],"texture":"#1"}}},{"from":[14,5,5],"to":[14,9,6],"faces":{"east":{"uv":[10,7,11,11],"texture":"#1"}}},{"from":[14,4,6],"to":[14,5,7],"faces":{"east":{"uv":[9,11,10,12],"texture":"#1"}}},{"from":[14,8,6],"to":[14,10,7],"faces":{"east":{"uv":[9,6,10,8],"texture":"#1"}}},{"from":[14,2,7],"to":[14,4,9],"faces":{"east":{"uv":[7,12,9,14],"texture":"#1"}}},{"from":[14,9,7],"to":[14,11,8],"faces":{"east":{"uv":[8,5,9,7],"texture":"#1"}}},{"from":[14,5,12],"to":[14,8,13],"faces":{"east":{"uv":[3,8,4,11],"texture":"#1"}}},{"from":[14,10,8],"to":[14,11,10],"faces":{"east":{"uv":[6,5,8,6],"texture":"#1"}}},{"from":[14,2,9],"to":[14,3,10],"faces":{"east":{"uv":[6,13,7,14],"texture":"#1"}}},{"from":[14,5,11],"to":[14,9,12],"faces":{"east":{"uv":[4,7,5,11],"texture":"#1"}}},{"from":[14,8,10],"to":[14,10,11],"faces":{"east":{"uv":[5,6,6,8],"texture":"#1"}}},{"from":[15,5,6],"to":[15,8,7],"faces":{"east":{"uv":[9,8,10,11],"texture":"#1"}}},{"from":[15,4,7],"to":[15,9,8],"faces":{"east":{"uv":[8,7,9,12],"texture":"#1"}}},{"from":[15,4,8],"to":[15,8,9],"faces":{"east":{"uv":[7,8,8,12],"texture":"#1"}}},{"from":[15,5,9],"to":[15,8,10],"faces":{"east":{"uv":[6,8,7,11],"texture":"#1"}}},{"from":[15,6,10],"to":[15,8,11],"faces":{"east":{"uv":[5,8,6,10],"texture":"#1"}}},{"from":[2,5,6],"to":[2,8,7],"faces":{"west":{"uv":[6,8,7,11],"texture":"#1"}}},{"from":[2,4,7],"to":[2,6,8],"faces":{"west":{"uv":[7,10,8,12],"texture":"#1"}}},{"from":[2,8,7],"to":[2,9,8],"faces":{"west":{"uv":[7,7,8,8],"texture":"#1"}}},{"from":[2,4,8],"to":[2,5,10],"faces":{"west":{"uv":[8,11,10,12],"texture":"#1"}}},{"from":[2,5,10],"to":[2,6,11],"faces":{"west":{"uv":[10,10,11,11],"texture":"#1"}}},{"from":[3,6,4],"to":[3,8,5],"faces":{"west":{"uv":[4,8,5,10],"texture":"#1"}}},{"from":[3,5,5],"to":[3,9,6],"faces":{"west":{"uv":[5,7,6,11],"texture":"#1"}}},{"from":[3,3,6],"to":[3,5,7],"faces":{"west":{"uv":[6,11,7,13],"texture":"#1"}}},{"from":[3,8,6],"to":[3,10,7],"faces":{"west":{"uv":[6,6,7,8],"texture":"#1"}}},{"from":[3,2,7],"to":[3,4,10],"faces":{"west":{"uv":[7,12,10,14],"texture":"#1"}}},{"from":[3,9,7],"to":[3,11,10],"faces":{"west":{"uv":[7,5,10,7],"texture":"#1"}}},{"from":[3,5,12],"to":[3,8,13],"faces":{"west":{"uv":[12,8,13,11],"texture":"#1"}}},{"from":[3,8,10],"to":[3,10,11],"faces":{"west":{"uv":[10,6,11,8],"texture":"#1"}}},{"from":[3,4,11],"to":[3,9,12],"faces":{"west":{"uv":[11,7,12,12],"texture":"#1"}}},{"from":[3,3,10],"to":[3,5,11],"faces":{"west":{"uv":[10,11,11,13],"texture":"#1"}}},{"from":[4,6,3],"to":[4,8,4],"faces":{"west":{"uv":[3,8,4,10],"texture":"#1"}}},{"from":[4,8,4],"to":[4,9,5],"faces":{"west":{"uv":[4,7,5,8],"texture":"#1"}}},{"from":[4,2,5],"to":[4,3,7],"faces":{"west":{"uv":[5,13,7,14],"texture":"#1"}}},{"from":[4,9,5],"to":[4,10,6],"faces":{"west":{"uv":[5,6,6,7],"texture":"#1"}}},{"from":[4,6,13],"to":[4,8,14],"faces":{"west":{"uv":[13,8,14,10],"texture":"#1"}}},{"from":[4,10,6],"to":[4,11,7],"faces":{"west":{"uv":[6,5,7,6],"texture":"#1"}}},{"from":[4,1,7],"to":[4,2,10],"faces":{"west":{"uv":[7,14,10,15],"texture":"#1"}}},{"from":[4,11,7],"to":[4,12,8],"faces":{"west":{"uv":[7,4,8,5],"texture":"#1"}}},{"from":[4,11,8],"to":[4,13,9],"faces":{"west":{"uv":[8,3,9,5],"texture":"#1"}}},{"from":[4,8,12],"to":[4,10,13],"faces":{"west":{"uv":[12,6,13,8],"texture":"#1"}}},{"from":[4,2,10],"to":[4,3,11],"faces":{"west":{"uv":[10,13,11,14],"texture":"#1"}}},{"from":[4,2,11],"to":[4,4,12],"faces":{"west":{"uv":[11,12,12,14],"texture":"#1"}}},{"from":[4,9,11],"to":[4,10,12],"faces":{"west":{"uv":[11,6,12,7],"texture":"#1"}}},{"from":[4,3,12],"to":[4,4,13],"faces":{"west":{"uv":[12,12,13,13],"texture":"#1"}}},{"from":[5,2,4],"to":[5,3,5],"faces":{"west":{"uv":[4,13,5,14],"texture":"#1"}}},{"from":[5,1,6],"to":[5,2,7],"faces":{"west":{"uv":[6,14,7,15],"texture":"#1"}}},{"from":[5,11,6],"to":[5,13,7],"faces":{"west":{"uv":[6,3,7,5],"texture":"#1"}}},{"from":[5,12,7],"to":[5,14,8],"faces":{"west":{"uv":[7,2,8,4],"texture":"#1"}}},{"from":[5,13,8],"to":[5,14,10],"faces":{"west":{"uv":[8,2,10,3],"texture":"#1"}}},{"from":[5,8,13],"to":[5,9,14],"faces":{"west":{"uv":[13,7,14,8],"texture":"#1"}}},{"from":[5,1,10],"to":[5,2,11],"faces":{"west":{"uv":[10,14,11,15],"texture":"#1"}}},{"from":[5,2,12],"to":[5,3,13],"faces":{"west":{"uv":[12,13,13,14],"texture":"#1"}}},{"from":[6,5,2],"to":[6,8,3],"faces":{"west":{"uv":[2,8,3,11],"texture":"#1"}}},{"from":[6,3,3],"to":[6,4,4],"faces":{"west":{"uv":[3,12,4,13],"texture":"#1"}}},{"from":[6,13,6],"to":[6,14,7],"faces":{"west":{"uv":[6,2,7,3],"texture":"#1"}}},{"from":[6,0,7],"to":[6,1,10],"faces":{"west":{"uv":[7,15,10,16],"texture":"#1"}}},{"from":[6,14,7],"to":[6,15,10],"faces":{"west":{"uv":[7,1,10,2],"texture":"#1"}}},{"from":[6,7,14],"to":[6,8,15],"faces":{"west":{"uv":[14,8,15,9],"texture":"#1"}}},{"from":[6,9,13],"to":[6,10,14],"faces":{"west":{"uv":[13,6,14,7],"texture":"#1"}}},{"from":[6,1,11],"to":[6,2,12],"faces":{"west":{"uv":[11,14,12,15],"texture":"#1"}}},{"from":[7,4,2],"to":[7,5,3],"faces":{"west":{"uv":[2,11,3,12],"texture":"#1"}}},{"from":[7,8,2],"to":[7,9,3],"faces":{"west":{"uv":[2,7,3,8],"texture":"#1"}}},{"from":[7,2,3],"to":[7,3,4],"faces":{"west":{"uv":[3,13,4,14],"texture":"#1"}}},{"from":[7,13,5],"to":[7,14,6],"faces":{"west":{"uv":[5,2,6,3],"texture":"#1"}}},{"from":[7,14,6],"to":[7,15,7],"faces":{"west":{"uv":[6,1,7,2],"texture":"#1"}}},{"from":[7,15,8],"to":[7,16,9],"faces":{"west":{"uv":[8,0,9,1],"texture":"#1"}}},{"from":[7,0,10],"to":[7,1,11],"faces":{"west":{"uv":[10,15,11,16],"texture":"#1"}}},{"from":[7,14,10],"to":[7,15,11],"faces":{"west":{"uv":[10,1,11,2],"texture":"#1"}}},{"from":[7,13,11],"to":[7,14,12],"faces":{"west":{"uv":[11,2,12,3],"texture":"#1"}}},{"from":[7,1,12],"to":[7,2,13],"faces":{"west":{"uv":[12,14,13,15],"texture":"#1"}}},{"from":[7,2,13],"to":[7,3,14],"faces":{"west":{"uv":[13,13,14,14],"texture":"#1"}}},{"from":[7,10,13],"to":[7,11,14],"faces":{"west":{"uv":[13,5,14,6],"texture":"#1"}}},{"from":[7,8,14],"to":[7,9,15],"faces":{"west":{"uv":[14,7,15,8],"texture":"#1"}}},{"from":[8,12,4],"to":[8,13,5],"faces":{"west":{"uv":[4,3,5,4],"texture":"#1"}}},{"from":[8,15,7],"to":[8,16,8],"faces":{"west":{"uv":[7,0,8,1],"texture":"#1"}}},{"from":[8,12,12],"to":[8,13,13],"faces":{"west":{"uv":[12,3,13,4],"texture":"#1"}}},{"from":[6,8,2],"to":[7,8,3],"faces":{"up":{"uv":[6,2,7,3],"texture":"#1"}}},{"from":[10,8,2],"to":[11,8,3],"faces":{"up":{"uv":[10,2,11,3],"texture":"#1"}}},{"from":[4,8,3],"to":[5,8,4],"faces":{"up":{"uv":[4,3,5,4],"texture":"#1"}}},{"from":[12,8,3],"to":[13,8,4],"faces":{"up":{"uv":[12,3,13,4],"texture":"#1"}}},{"from":[3,8,4],"to":[4,8,5],"faces":{"up":{"uv":[3,4,4,5],"texture":"#1"}}},{"from":[13,8,4],"to":[14,8,5],"faces":{"up":{"uv":[13,4,14,5],"texture":"#1"}}},{"from":[2,8,6],"to":[3,8,7],"faces":{"up":{"uv":[2,6,3,7],"texture":"#1"}}},{"from":[14,8,6],"to":[15,8,7],"faces":{"up":{"uv":[14,6,15,7],"texture":"#1"}}},{"from":[14,8,10],"to":[15,8,11],"faces":{"up":{"uv":[14,10,15,11],"texture":"#1"}}},{"from":[3,8,12],"to":[4,8,13],"faces":{"up":{"uv":[3,12,4,13],"texture":"#1"}}},{"from":[13,8,12],"to":[14,8,13],"faces":{"up":{"uv":[13,12,14,13],"texture":"#1"}}},{"from":[4,8,13],"to":[5,8,14],"faces":{"up":{"uv":[4,13,5,14],"texture":"#1"}}},{"from":[12,8,13],"to":[13,8,14],"faces":{"up":{"uv":[12,13,13,14],"texture":"#1"}}},{"from":[6,8,14],"to":[7,8,15],"faces":{"up":{"uv":[6,14,7,15],"texture":"#1"}}},{"from":[7,9,2],"to":[10,9,3],"faces":{"up":{"uv":[7,2,10,3],"texture":"#1"}}},{"from":[11,9,3],"to":[12,9,4],"faces":{"up":{"uv":[11,3,12,4],"texture":"#1"}}},{"from":[3,9,5],"to":[4,9,6],"faces":{"up":{"uv":[3,5,4,6],"texture":"#1"}}},{"from":[13,9,5],"to":[14,9,6],"faces":{"up":{"uv":[13,5,14,6],"texture":"#1"}}},{"from":[2,9,7],"to":[3,9,8],"faces":{"up":{"uv":[2,7,3,8],"texture":"#1"}}},{"from":[14,9,7],"to":[15,9,8],"faces":{"up":{"uv":[14,7,15,8],"texture":"#1"}}},{"from":[7,9,14],"to":[9,9,15],"faces":{"up":{"uv":[7,14,9,15],"texture":"#1"}}},{"from":[3,9,11],"to":[4,9,12],"faces":{"up":{"uv":[3,11,4,12],"texture":"#1"}}},{"from":[13,9,11],"to":[14,9,12],"faces":{"up":{"uv":[13,11,14,12],"texture":"#1"}}},{"from":[5,9,13],"to":[6,9,14],"faces":{"up":{"uv":[5,13,6,14],"texture":"#1"}}},{"from":[10,10,3],"to":[11,10,4],"faces":{"up":{"uv":[10,3,11,4],"texture":"#1"}}},{"from":[12,10,4],"to":[13,10,5],"faces":{"up":{"uv":[12,4,13,5],"texture":"#1"}}},{"from":[3,10,6],"to":[4,10,7],"faces":{"up":{"uv":[3,6,4,7],"texture":"#1"}}},{"from":[13,10,6],"to":[14,10,7],"faces":{"up":{"uv":[13,6,14,7],"texture":"#1"}}},{"from":[3,10,10],"to":[4,10,11],"faces":{"up":{"uv":[3,10,4,11],"texture":"#1"}}},{"from":[13,10,10],"to":[14,10,11],"faces":{"up":{"uv":[13,10,14,11],"texture":"#1"}}},{"from":[4,10,12],"to":[5,10,13],"faces":{"up":{"uv":[4,12,5,13],"texture":"#1"}}},{"from":[6,10,13],"to":[7,10,14],"faces":{"up":{"uv":[6,13,7,14],"texture":"#1"}}},{"from":[8,11,3],"to":[10,11,4],"faces":{"up":{"uv":[8,3,10,4],"texture":"#1"}}},{"from":[4,11,6],"to":[5,11,7],"faces":{"up":{"uv":[4,6,5,7],"texture":"#1"}}},{"from":[7,11,13],"to":[10,11,14],"faces":{"up":{"uv":[7,13,10,14],"texture":"#1"}}},{"from":[3,11,7],"to":[4,11,10],"faces":{"up":{"uv":[3,7,4,10],"texture":"#1"}}},{"from":[13,11,7],"to":[14,11,10],"faces":{"up":{"uv":[13,7,14,10],"texture":"#1"}}},{"from":[12,11,10],"to":[13,11,12],"faces":{"up":{"uv":[12,10,13,12],"texture":"#1"}}},{"from":[9,12,4],"to":[10,12,5],"faces":{"up":{"uv":[9,4,10,5],"texture":"#1"}}},{"from":[4,12,7],"to":[5,12,8],"faces":{"up":{"uv":[4,7,5,8],"texture":"#1"}}},{"from":[12,12,7],"to":[13,12,8],"faces":{"up":{"uv":[12,7,13,8],"texture":"#1"}}},{"from":[12,12,9],"to":[13,12,10],"faces":{"up":{"uv":[12,9,13,10],"texture":"#1"}}},{"from":[11,12,11],"to":[12,12,12],"faces":{"up":{"uv":[11,11,12,12],"texture":"#1"}}},{"from":[9,12,12],"to":[10,12,13],"faces":{"up":{"uv":[9,12,10,13],"texture":"#1"}}},{"from":[8,13,4],"to":[9,13,5],"faces":{"up":{"uv":[8,4,9,5],"texture":"#1"}}},{"from":[5,13,6],"to":[6,13,7],"faces":{"up":{"uv":[5,6,6,7],"texture":"#1"}}},{"from":[4,13,8],"to":[5,13,9],"faces":{"up":{"uv":[4,8,5,9],"texture":"#1"}}},{"from":[12,13,8],"to":[13,13,9],"faces":{"up":{"uv":[12,8,13,9],"texture":"#1"}}},{"from":[11,13,10],"to":[12,13,11],"faces":{"up":{"uv":[11,10,12,11],"texture":"#1"}}},{"from":[10,13,11],"to":[11,13,12],"faces":{"up":{"uv":[10,11,11,12],"texture":"#1"}}},{"from":[8,13,12],"to":[9,13,13],"faces":{"up":{"uv":[8,12,9,13],"texture":"#1"}}},{"from":[7,14,5],"to":[10,14,6],"faces":{"up":{"uv":[7,5,10,6],"texture":"#1"}}},{"from":[6,14,6],"to":[7,14,7],"faces":{"up":{"uv":[6,6,7,7],"texture":"#1"}}},{"from":[10,14,6],"to":[11,14,7],"faces":{"up":{"uv":[10,6,11,7],"texture":"#1"}}},{"from":[5,14,7],"to":[6,14,10],"faces":{"up":{"uv":[5,7,6,10],"texture":"#1"}}},{"from":[11,14,7],"to":[12,14,9],"faces":{"up":{"uv":[11,7,12,9],"texture":"#1"}}},{"from":[7,14,11],"to":[10,14,12],"faces":{"up":{"uv":[7,11,10,12],"texture":"#1"}}},{"from":[7,15,6],"to":[10,15,7],"faces":{"up":{"uv":[7,6,10,7],"texture":"#1"}}},{"from":[6,15,7],"to":[8,15,8],"faces":{"up":{"uv":[6,7,8,8],"texture":"#1"}}},{"from":[9,15,7],"to":[11,15,8],"faces":{"up":{"uv":[9,7,11,8],"texture":"#1"}}},{"from":[6,15,8],"to":[7,15,9],"faces":{"up":{"uv":[6,8,7,9],"texture":"#1"}}},{"from":[6,15,9],"to":[8,15,10],"faces":{"up":{"uv":[6,9,8,10],"texture":"#1"}}},{"from":[7,15,10],"to":[8,15,11],"faces":{"up":{"uv":[7,10,8,11],"texture":"#1"}}},{"from":[8,1,4],"to":[10,1,5],"faces":{"down":{"uv":[8,11,10,12],"texture":"#1"}}},{"from":[9,1,5],"to":[11,1,6],"faces":{"down":{"uv":[9,10,11,11],"texture":"#1"}}},{"from":[5,1,6],"to":[6,1,7],"faces":{"down":{"uv":[5,9,6,10],"texture":"#1"}}},{"from":[10,1,6],"to":[12,1,7],"faces":{"down":{"uv":[10,9,12,10],"texture":"#1"}}},{"from":[4,1,7],"to":[6,1,10],"faces":{"down":{"uv":[4,6,6,9],"texture":"#1"}}},{"from":[11,1,7],"to":[13,1,10],"faces":{"down":{"uv":[11,6,13,9],"texture":"#1"}}},{"from":[7,1,12],"to":[8,1,13],"faces":{"down":{"uv":[7,3,8,4],"texture":"#1"}}},{"from":[6,1,11],"to":[7,1,12],"faces":{"down":{"uv":[6,4,7,5],"texture":"#1"}}},{"from":[5,1,10],"to":[7,1,11],"faces":{"down":{"uv":[5,5,7,6],"texture":"#1"}}},{"from":[11,1,10],"to":[12,1,11],"faces":{"down":{"uv":[11,5,12,6],"texture":"#1"}}},{"from":[7,2,3],"to":[10,2,4],"faces":{"down":{"uv":[7,12,10,13],"texture":"#1"}}},{"from":[5,2,4],"to":[7,2,5],"faces":{"down":{"uv":[5,11,7,12],"texture":"#1"}}},{"from":[10,2,4],"to":[11,2,5],"faces":{"down":{"uv":[10,11,11,12],"texture":"#1"}}},{"from":[4,2,5],"to":[6,2,6],"faces":{"down":{"uv":[4,10,6,11],"texture":"#1"}}},{"from":[4,2,6],"to":[5,2,7],"faces":{"down":{"uv":[4,9,5,10],"texture":"#1"}}},{"from":[3,2,7],"to":[4,2,10],"faces":{"down":{"uv":[3,6,4,9],"texture":"#1"}}},{"from":[13,2,7],"to":[14,2,10],"faces":{"down":{"uv":[13,6,14,9],"texture":"#1"}}},{"from":[7,2,13],"to":[10,2,14],"faces":{"down":{"uv":[7,2,10,3],"texture":"#1"}}},{"from":[5,2,12],"to":[7,2,13],"faces":{"down":{"uv":[5,3,7,4],"texture":"#1"}}},{"from":[10,2,12],"to":[12,2,13],"faces":{"down":{"uv":[10,3,12,4],"texture":"#1"}}},{"from":[11,2,11],"to":[13,2,12],"faces":{"down":{"uv":[11,4,13,5],"texture":"#1"}}},{"from":[4,2,10],"to":[5,2,11],"faces":{"down":{"uv":[4,5,5,6],"texture":"#1"}}},{"from":[12,2,10],"to":[13,2,11],"faces":{"down":{"uv":[12,5,13,6],"texture":"#1"}}},{"from":[4,2,11],"to":[6,2,12],"faces":{"down":{"uv":[4,4,6,5],"texture":"#1"}}},{"from":[6,3,3],"to":[7,3,4],"faces":{"down":{"uv":[6,12,7,13],"texture":"#1"}}},{"from":[10,3,3],"to":[11,3,4],"faces":{"down":{"uv":[10,12,11,13],"texture":"#1"}}},{"from":[3,3,6],"to":[4,3,7],"faces":{"down":{"uv":[3,9,4,10],"texture":"#1"}}},{"from":[3,3,10],"to":[4,3,11],"faces":{"down":{"uv":[3,5,4,6],"texture":"#1"}}},{"from":[4,3,12],"to":[5,3,13],"faces":{"down":{"uv":[4,3,5,4],"texture":"#1"}}},{"from":[12,3,12],"to":[13,3,13],"faces":{"down":{"uv":[12,3,13,4],"texture":"#1"}}},{"from":[10,3,13],"to":[11,3,14],"faces":{"down":{"uv":[10,2,11,3],"texture":"#1"}}},{"from":[7,4,2],"to":[8,4,3],"faces":{"down":{"uv":[7,13,8,14],"texture":"#1"}}},{"from":[11,4,3],"to":[12,4,4],"faces":{"down":{"uv":[11,12,12,13],"texture":"#1"}}},{"from":[2,4,7],"to":[3,4,10],"faces":{"down":{"uv":[2,6,3,9],"texture":"#1"}}},{"from":[14,4,7],"to":[15,4,9],"faces":{"down":{"uv":[14,7,15,9],"texture":"#1"}}},{"from":[8,4,14],"to":[10,4,15],"faces":{"down":{"uv":[8,1,10,2],"texture":"#1"}}},{"from":[11,4,13],"to":[12,4,14],"faces":{"down":{"uv":[11,2,12,3],"texture":"#1"}}},{"from":[3,4,11],"to":[4,4,12],"faces":{"down":{"uv":[3,4,4,5],"texture":"#1"}}},{"from":[6,5,2],"to":[7,5,3],"faces":{"down":{"uv":[6,13,7,14],"texture":"#1"}}},{"from":[12,5,3],"to":[13,5,4],"faces":{"down":{"uv":[12,12,13,13],"texture":"#1"}}},{"from":[13,5,4],"to":[14,5,5],"faces":{"down":{"uv":[13,11,14,12],"texture":"#1"}}},{"from":[2,5,6],"to":[3,5,7],"faces":{"down":{"uv":[2,9,3,10],"texture":"#1"}}},{"from":[14,5,6],"to":[15,5,7],"faces":{"down":{"uv":[14,9,15,10],"texture":"#1"}}},{"from":[2,5,10],"to":[3,5,11],"faces":{"down":{"uv":[2,5,3,6],"texture":"#1"}}},{"from":[3,5,12],"to":[4,5,13],"faces":{"down":{"uv":[3,3,4,4],"texture":"#1"}}},{"from":[13,5,12],"to":[14,5,13],"faces":{"down":{"uv":[13,3,14,4],"texture":"#1"}}},{"from":[12,5,13],"to":[13,5,14],"faces":{"down":{"uv":[12,2,13,3],"texture":"#1"}}},{"from":[10,5,14],"to":[11,5,15],"faces":{"down":{"uv":[10,1,11,2],"texture":"#1"}}},{"from":[4,12,9],"to":[5,13,9],"faces":{"south":{"uv":[4,3,5,4],"texture":"#1"}}},{"from":[12,12,9],"to":[13,13,9],"faces":{"south":{"uv":[12,3,13,4],"texture":"#1"}}},{"from":[7,15,9],"to":[8,16,9],"faces":{"south":{"uv":[7,0,8,1],"texture":"#1"}}},{"from":[6,0,10],"to":[7,1,10],"faces":{"south":{"uv":[6,15,7,16],"texture":"#1"}}},{"from":[10,0,10],"to":[11,1,10],"faces":{"south":{"uv":[10,15,11,16],"texture":"#1"}}},{"from":[4,1,10],"to":[5,2,10],"faces":{"south":{"uv":[4,14,5,15],"texture":"#1"}}},{"from":[12,1,10],"to":[13,2,10],"faces":{"south":{"uv":[12,14,13,15],"texture":"#1"}}},{"from":[3,2,10],"to":[4,3,10],"faces":{"south":{"uv":[3,13,4,14],"texture":"#1"}}},{"from":[13,2,10],"to":[14,3,10],"faces":{"south":{"uv":[13,13,14,14],"texture":"#1"}}},{"from":[2,4,10],"to":[3,5,10],"faces":{"south":{"uv":[2,11,3,12],"texture":"#1"}}},{"from":[3,10,10],"to":[4,11,10],"faces":{"south":{"uv":[3,5,4,6],"texture":"#1"}}},{"from":[13,10,10],"to":[14,11,10],"faces":{"south":{"uv":[13,5,14,6],"texture":"#1"}}},{"from":[12,11,10],"to":[13,12,10],"faces":{"south":{"uv":[12,4,13,5],"texture":"#1"}}},{"from":[5,13,10],"to":[6,14,10],"faces":{"south":{"uv":[5,2,6,3],"texture":"#1"}}},{"from":[6,14,10],"to":[7,15,10],"faces":{"south":{"uv":[6,1,7,2],"texture":"#1"}}},{"from":[7,0,11],"to":[8,1,11],"faces":{"south":{"uv":[7,15,8,16],"texture":"#1"}}},{"from":[5,1,11],"to":[6,2,11],"faces":{"south":{"uv":[5,14,6,15],"texture":"#1"}}},{"from":[11,1,11],"to":[12,2,11],"faces":{"south":{"uv":[11,14,12,15],"texture":"#1"}}},{"from":[3,3,11],"to":[4,4,11],"faces":{"south":{"uv":[3,12,4,13],"texture":"#1"}}},{"from":[2,5,11],"to":[3,6,11],"faces":{"south":{"uv":[2,10,3,11],"texture":"#1"}}},{"from":[14,6,11],"to":[15,8,11],"faces":{"south":{"uv":[14,8,15,10],"texture":"#1"}}},{"from":[7,14,11],"to":[8,15,11],"faces":{"south":{"uv":[7,1,8,2],"texture":"#1"}}},{"from":[3,9,11],"to":[4,10,11],"faces":{"south":{"uv":[3,6,4,7],"texture":"#1"}}},{"from":[13,9,11],"to":[14,10,11],"faces":{"south":{"uv":[13,6,14,7],"texture":"#1"}}},{"from":[11,12,11],"to":[12,13,11],"faces":{"south":{"uv":[11,3,12,4],"texture":"#1"}}},{"from":[6,1,12],"to":[7,2,12],"faces":{"south":{"uv":[6,14,7,15],"texture":"#1"}}},{"from":[4,2,12],"to":[5,3,12],"faces":{"south":{"uv":[4,13,5,14],"texture":"#1"}}},{"from":[12,2,12],"to":[13,3,12],"faces":{"south":{"uv":[12,13,13,14],"texture":"#1"}}},{"from":[3,4,12],"to":[4,5,12],"faces":{"south":{"uv":[3,11,4,12],"texture":"#1"}}},{"from":[3,8,12],"to":[4,9,12],"faces":{"south":{"uv":[3,7,4,8],"texture":"#1"}}},{"from":[13,8,12],"to":[14,9,12],"faces":{"south":{"uv":[13,7,14,8],"texture":"#1"}}},{"from":[12,10,12],"to":[13,11,12],"faces":{"south":{"uv":[12,5,13,6],"texture":"#1"}}},{"from":[10,11,12],"to":[12,12,12],"faces":{"south":{"uv":[10,4,12,5],"texture":"#1"}}},{"from":[9,12,12],"to":[11,13,12],"faces":{"south":{"uv":[9,3,11,4],"texture":"#1"}}},{"from":[7,13,12],"to":[10,14,12],"faces":{"south":{"uv":[7,2,10,3],"texture":"#1"}}},{"from":[7,1,13],"to":[8,2,13],"faces":{"south":{"uv":[7,14,8,15],"texture":"#1"}}},{"from":[5,2,13],"to":[7,3,13],"faces":{"south":{"uv":[5,13,7,14],"texture":"#1"}}},{"from":[10,2,13],"to":[12,3,13],"faces":{"south":{"uv":[10,13,12,14],"texture":"#1"}}},{"from":[4,3,13],"to":[5,4,13],"faces":{"south":{"uv":[4,12,5,13],"texture":"#1"}}},{"from":[11,3,13],"to":[13,4,13],"faces":{"south":{"uv":[11,12,13,13],"texture":"#1"}}},{"from":[12,4,13],"to":[13,5,13],"faces":{"south":{"uv":[12,11,13,12],"texture":"#1"}}},{"from":[3,5,13],"to":[4,8,13],"faces":{"south":{"uv":[3,8,4,11],"texture":"#1"}}},{"from":[13,5,13],"to":[14,8,13],"faces":{"south":{"uv":[13,8,14,11],"texture":"#1"}}},{"from":[8,12,13],"to":[9,13,13],"faces":{"south":{"uv":[8,3,9,4],"texture":"#1"}}},{"from":[8,11,13],"to":[10,12,13],"faces":{"south":{"uv":[8,4,10,5],"texture":"#1"}}},{"from":[4,8,13],"to":[5,9,13],"faces":{"south":{"uv":[4,7,5,8],"texture":"#1"}}},{"from":[4,9,13],"to":[6,10,13],"faces":{"south":{"uv":[4,6,6,7],"texture":"#1"}}},{"from":[7,2,14],"to":[10,3,14],"faces":{"south":{"uv":[7,13,10,14],"texture":"#1"}}},{"from":[7,3,14],"to":[11,4,14],"faces":{"south":{"uv":[7,12,11,13],"texture":"#1"}}},{"from":[10,4,14],"to":[12,5,14],"faces":{"south":{"uv":[10,11,12,12],"texture":"#1"}}},{"from":[11,5,14],"to":[13,7,14],"faces":{"south":{"uv":[11,9,13,11],"texture":"#1"}}},{"from":[4,6,14],"to":[5,7,14],"faces":{"south":{"uv":[4,9,5,10],"texture":"#1"}}},{"from":[7,10,14],"to":[10,11,14],"faces":{"south":{"uv":[7,5,10,6],"texture":"#1"}}},{"from":[4,7,14],"to":[6,8,14],"faces":{"south":{"uv":[4,8,6,9],"texture":"#1"}}},{"from":[12,7,14],"to":[13,8,14],"faces":{"south":{"uv":[12,8,13,9],"texture":"#1"}}},{"from":[5,8,14],"to":[7,9,14],"faces":{"south":{"uv":[5,7,7,8],"texture":"#1"}}},{"from":[6,9,14],"to":[9,10,14],"faces":{"south":{"uv":[6,6,9,7],"texture":"#1"}}},{"from":[8,4,15],"to":[10,5,15],"faces":{"south":{"uv":[8,11,10,12],"texture":"#1"}}},{"from":[8,5,15],"to":[11,6,15],"faces":{"south":{"uv":[8,10,11,11],"texture":"#1"}}},{"from":[7,6,15],"to":[11,7,15],"faces":{"south":{"uv":[7,9,11,10],"texture":"#1"}}},{"from":[6,7,15],"to":[10,8,15],"faces":{"south":{"uv":[6,8,10,9],"texture":"#1"}}},{"from":[7,8,15],"to":[9,9,15],"faces":{"south":{"uv":[7,7,9,8],"texture":"#1"}}},{"from":[7,4,2],"to":[8,5,2],"faces":{"north":{"uv":[8,11,9,12],"texture":"#1"}}},{"from":[6,5,2],"to":[7,7,2],"faces":{"north":{"uv":[9,9,10,11],"texture":"#1"}}},{"from":[7,8,2],"to":[10,9,2],"faces":{"north":{"uv":[6,7,9,8],"texture":"#1"}}},{"from":[10,7,2],"to":[11,8,2],"faces":{"north":{"uv":[5,8,6,9],"texture":"#1"}}},{"from":[6,7,2],"to":[8,8,2],"faces":{"north":{"uv":[8,8,10,9],"texture":"#1"}}},{"from":[7,2,3],"to":[10,3,3],"faces":{"north":{"uv":[6,13,9,14],"texture":"#1"}}},{"from":[6,3,3],"to":[11,4,3],"faces":{"north":{"uv":[5,12,10,13],"texture":"#1"}}},{"from":[6,4,3],"to":[7,5,3],"faces":{"north":{"uv":[9,11,10,12],"texture":"#1"}}},{"from":[10,4,3],"to":[12,5,3],"faces":{"north":{"uv":[4,11,6,12],"texture":"#1"}}},{"from":[5,5,3],"to":[6,6,3],"faces":{"north":{"uv":[10,10,11,11],"texture":"#1"}}},{"from":[11,5,3],"to":[13,8,3],"faces":{"north":{"uv":[3,8,5,11],"texture":"#1"}}},{"from":[4,6,3],"to":[6,8,3],"faces":{"north":{"uv":[10,8,12,10],"texture":"#1"}}},{"from":[8,10,3],"to":[10,11,3],"faces":{"north":{"uv":[6,5,8,6],"texture":"#1"}}},{"from":[7,9,3],"to":[11,10,3],"faces":{"north":{"uv":[5,6,9,7],"texture":"#1"}}},{"from":[6,8,3],"to":[7,9,3],"faces":{"north":{"uv":[9,7,10,8],"texture":"#1"}}},{"from":[10,8,3],"to":[12,9,3],"faces":{"north":{"uv":[4,7,6,8],"texture":"#1"}}},{"from":[8,1,4],"to":[10,2,4],"faces":{"north":{"uv":[6,14,8,15],"texture":"#1"}}},{"from":[5,2,4],"to":[7,3,4],"faces":{"north":{"uv":[9,13,11,14],"texture":"#1"}}},{"from":[10,2,4],"to":[11,3,4],"faces":{"north":{"uv":[5,13,6,14],"texture":"#1"}}},{"from":[13,5,4],"to":[14,8,4],"faces":{"north":{"uv":[2,8,3,11],"texture":"#1"}}},{"from":[3,6,4],"to":[4,8,4],"faces":{"north":{"uv":[12,8,13,10],"texture":"#1"}}},{"from":[8,12,4],"to":[9,13,4],"faces":{"north":{"uv":[7,3,8,4],"texture":"#1"}}},{"from":[8,11,4],"to":[10,12,4],"faces":{"north":{"uv":[6,4,8,5],"texture":"#1"}}},{"from":[4,8,4],"to":[5,9,4],"faces":{"north":{"uv":[11,7,12,8],"texture":"#1"}}},{"from":[12,8,4],"to":[13,9,4],"faces":{"north":{"uv":[3,7,4,8],"texture":"#1"}}},{"from":[11,9,4],"to":[13,10,4],"faces":{"north":{"uv":[3,6,5,7],"texture":"#1"}}},{"from":[10,1,5],"to":[11,2,5],"faces":{"north":{"uv":[5,14,6,15],"texture":"#1"}}},{"from":[4,2,5],"to":[5,3,5],"faces":{"north":{"uv":[11,13,12,14],"texture":"#1"}}},{"from":[3,8,5],"to":[4,9,5],"faces":{"north":{"uv":[12,7,13,8],"texture":"#1"}}},{"from":[13,8,5],"to":[14,9,5],"faces":{"north":{"uv":[2,7,3,8],"texture":"#1"}}},{"from":[7,12,5],"to":[8,13,5],"faces":{"north":{"uv":[8,3,9,4],"texture":"#1"}}},{"from":[9,12,5],"to":[10,13,5],"faces":{"north":{"uv":[6,3,7,4],"texture":"#1"}}},{"from":[7,13,5],"to":[10,14,5],"faces":{"north":{"uv":[6,2,9,3],"texture":"#1"}}},{"from":[8,0,6],"to":[10,1,6],"faces":{"north":{"uv":[6,15,8,16],"texture":"#1"}}},{"from":[5,1,6],"to":[6,2,6],"faces":{"north":{"uv":[10,14,11,15],"texture":"#1"}}},{"from":[11,1,6],"to":[12,2,6],"faces":{"north":{"uv":[4,14,5,15],"texture":"#1"}}},{"from":[3,3,6],"to":[4,4,6],"faces":{"north":{"uv":[12,12,13,13],"texture":"#1"}}},{"from":[2,5,6],"to":[3,8,6],"faces":{"north":{"uv":[13,8,14,11],"texture":"#1"}}},{"from":[14,5,6],"to":[15,8,6],"faces":{"north":{"uv":[1,8,2,11],"texture":"#1"}}},{"from":[7,14,6],"to":[10,15,6],"faces":{"north":{"uv":[6,1,9,2],"texture":"#1"}}},{"from":[6,13,6],"to":[7,14,6],"faces":{"north":{"uv":[9,2,10,3],"texture":"#1"}}},{"from":[10,13,6],"to":[11,14,6],"faces":{"north":{"uv":[5,2,6,3],"texture":"#1"}}},{"from":[3,9,6],"to":[4,10,6],"faces":{"north":{"uv":[12,6,13,7],"texture":"#1"}}},{"from":[13,9,6],"to":[14,10,6],"faces":{"north":{"uv":[2,6,3,7],"texture":"#1"}}},{"from":[5,12,6],"to":[6,13,6],"faces":{"north":{"uv":[10,3,11,4],"texture":"#1"}}},{"from":[6,0,7],"to":[7,1,7],"faces":{"north":{"uv":[9,15,10,16],"texture":"#1"}}},{"from":[10,0,7],"to":[11,1,7],"faces":{"north":{"uv":[5,15,6,16],"texture":"#1"}}},{"from":[4,1,7],"to":[5,2,7],"faces":{"north":{"uv":[11,14,12,15],"texture":"#1"}}},{"from":[12,1,7],"to":[13,2,7],"faces":{"north":{"uv":[3,14,4,15],"texture":"#1"}}},{"from":[3,2,7],"to":[4,3,7],"faces":{"north":{"uv":[12,13,13,14],"texture":"#1"}}},{"from":[13,2,7],"to":[14,3,7],"faces":{"north":{"uv":[2,13,3,14],"texture":"#1"}}},{"from":[2,4,7],"to":[3,5,7],"faces":{"north":{"uv":[13,11,14,12],"texture":"#1"}}},{"from":[14,4,7],"to":[15,5,7],"faces":{"north":{"uv":[1,11,2,12],"texture":"#1"}}},{"from":[2,8,7],"to":[3,9,7],"faces":{"north":{"uv":[13,7,14,8],"texture":"#1"}}},{"from":[14,8,7],"to":[15,9,7],"faces":{"north":{"uv":[1,7,2,8],"texture":"#1"}}},{"from":[3,10,7],"to":[4,11,7],"faces":{"north":{"uv":[12,5,13,6],"texture":"#1"}}},{"from":[13,10,7],"to":[14,11,7],"faces":{"north":{"uv":[2,5,3,6],"texture":"#1"}}},{"from":[4,11,7],"to":[5,12,7],"faces":{"north":{"uv":[11,4,12,5],"texture":"#1"}}},{"from":[12,11,7],"to":[13,12,7],"faces":{"north":{"uv":[3,4,4,5],"texture":"#1"}}},{"from":[5,13,7],"to":[6,14,7],"faces":{"north":{"uv":[10,2,11,3],"texture":"#1"}}},{"from":[11,13,7],"to":[12,14,7],"faces":{"north":{"uv":[4,2,5,3],"texture":"#1"}}},{"from":[6,14,7],"to":[7,15,7],"faces":{"north":{"uv":[9,1,10,2],"texture":"#1"}}},{"from":[10,14,7],"to":[11,15,7],"faces":{"north":{"uv":[5,1,6,2],"texture":"#1"}}},{"from":[8,15,7],"to":[9,16,7],"faces":{"north":{"uv":[7,0,8,1],"texture":"#1"}}},{"from":[4,12,8],"to":[5,13,8],"faces":{"north":{"uv":[11,3,12,4],"texture":"#1"}}},{"from":[12,12,8],"to":[13,13,8],"faces":{"north":{"uv":[3,3,4,4],"texture":"#1"}}},{"from":[7,15,8],"to":[8,16,8],"faces":{"north":{"uv":[8,0,9,1],"texture":"#1"}}}],"display":{"thirdperson_righthand":{"rotation":[45,0,0],"scale":[0.45,0.5,0.45]},"firstperson_righthand":{"rotation":[0,45,0],"translation":[1.5,2,0],"scale":[0.5,0.55,0.5]},"ground":{"scale":[0.001,0.001,0.001]},"gui":{"rotation":[0,20,0],"translation":[-0.25,0,0],"scale":[0.7,0.72,0.7]},"fixed":{"rotation":[0,45,0],"translation":[-0.5,0,-2],"scale":[0.9,0.9,0.9]}}}