{"textures":{"0":"item/turret"},"elements":[{"from":[5,7.5,5],"to":[11,13.5,11],"faces":{"north":{"uv":[0,0,6,6],"texture":"#0"},"east":{"uv":[0,6,6,12],"texture":"#0"},"south":{"uv":[0,6,6,12],"texture":"#0"},"west":{"uv":[0,6,6,12],"texture":"#0"},"up":{"uv":[6,0,12,6],"texture":"#0"},"down":{"uv":[6,0,12,6],"texture":"#0"}}},{"from":[6,4,5],"to":[10,5.5,6],"faces":{"north":{"uv":[9,8,13,9.5],"texture":"#0"},"east":{"uv":[10,10.5,11,12],"texture":"#0"},"west":{"uv":[12,5,13,6.5],"texture":"#0"},"up":{"uv":[10,6,14,7],"texture":"#0"},"down":{"uv":[12,6,16,7],"texture":"#0"}}},{"from":[6,4,10],"to":[10,5.5,11],"faces":{"east":{"uv":[8,10,9,11.5],"texture":"#0"},"south":{"uv":[9,8,13,9.5],"texture":"#0"},"west":{"uv":[10,10.5,11,12],"texture":"#0"},"up":{"uv":[6,10,10,11],"texture":"#0"},"down":{"uv":[6,6,10,7],"texture":"#0"}}},{"from":[5,4,6],"to":[11,5.5,10],"faces":{"north":{"uv":[6,8,12,9.5],"texture":"#0"},"east":{"uv":[12,5,16,6.5],"texture":"#0"},"south":{"uv":[6,10,12,11.5],"texture":"#0"},"west":{"uv":[12,10,16,11.5],"texture":"#0"},"up":{"uv":[6,6,12,10],"texture":"#0"},"down":{"uv":[6,6,12,10],"texture":"#0"}}},{"from":[15,0,7.5],"to":[16,3.5,8.5],"rotation":{"angle":22.5,"axis":"z","origin":[15,0,7.5]},"faces":{"north":{"uv":[13,6,14,12],"texture":"#0"},"east":{"uv":[13,6,14,12],"texture":"#0"},"south":{"uv":[13,6,14,12],"texture":"#0"},"west":{"uv":[13,6,14,12],"texture":"#0"},"up":{"uv":[13,6,14,7],"texture":"#0"},"down":{"uv":[12,11,13,12],"texture":"#0"}}},{"from":[10.5,3,7.5],"to":[14,4,8.5],"rotation":{"angle":-22.5,"axis":"z","origin":[14,3,7.5]},"faces":{"north":{"uv":[14,0,13,6],"rotation":90,"texture":"#0"},"east":{"uv":[14,6,13,7],"rotation":90,"texture":"#0"},"south":{"uv":[14,6,13,0],"rotation":90,"texture":"#0"},"west":{"uv":[14,0,13,1],"rotation":90,"texture":"#0"},"up":{"uv":[14,6,13,0],"rotation":90,"texture":"#0"},"down":{"uv":[14,6,13,0],"rotation":90,"texture":"#0"}}},{"from":[2,3,7.5],"to":[5.5,4,8.5],"rotation":{"angle":22.5,"axis":"z","origin":[2,3,8.5]},"faces":{"north":{"uv":[16,6,15,0],"rotation":90,"texture":"#0"},"east":{"uv":[15,0,16,1],"rotation":270,"texture":"#0"},"south":{"uv":[15,0,16,6],"rotation":90,"texture":"#0"},"west":{"uv":[15,6,16,5],"texture":"#0"},"up":{"uv":[16,0,15,6],"rotation":90,"texture":"#0"},"down":{"uv":[15,0,16,6],"rotation":180,"texture":"#0"}}},{"from":[1,-0.5,7.5],"to":[2,3,8.5],"rotation":{"angle":-22.5,"axis":"z","origin":[3,2.5,8.5]},"faces":{"north":{"uv":[12,6,13,12],"texture":"#0"},"east":{"uv":[12,6,13,12],"texture":"#0"},"south":{"uv":[12,6,13,12],"texture":"#0"},"west":{"uv":[12,6,13,12],"texture":"#0"},"up":{"uv":[12,6,13,7],"rotation":270,"texture":"#0"},"down":{"uv":[12,11,13,12],"rotation":90,"texture":"#0"}}},{"from":[7.5,3,10.5],"to":[8.5,4,14],"rotation":{"angle":22.5,"axis":"x","origin":[8.5,3,14]},"faces":{"north":{"uv":[14,0,13,1],"rotation":90,"texture":"#0"},"east":{"uv":[14,6,13,0],"rotation":90,"texture":"#0"},"south":{"uv":[14,6,13,5],"rotation":90,"texture":"#0"},"west":{"uv":[14,0,13,6],"rotation":90,"texture":"#0"},"up":{"uv":[14,6,13,0],"texture":"#0"},"down":{"uv":[14,6,13,0],"texture":"#0"}}},{"from":[7.5,-0.5,14],"to":[8.5,3,15],"rotation":{"angle":-22.5,"axis":"x","origin":[8.5,2.5,13]},"faces":{"north":{"uv":[13,12,14,6],"texture":"#0"},"east":{"uv":[13,12,14,6],"texture":"#0"},"south":{"uv":[13,12,14,6],"texture":"#0"},"west":{"uv":[13,12,14,6],"texture":"#0"},"up":{"uv":[13,6,14,7],"texture":"#0"},"down":{"uv":[12,11,13,12],"texture":"#0"}}},{"from":[7.5,3,2],"to":[8.5,4,5.5],"rotation":{"angle":-22.5,"axis":"x","origin":[7.5,3,2]},"faces":{"north":{"uv":[16,6,15,5],"rotation":90,"texture":"#0"},"east":{"uv":[15,0,16,6],"rotation":270,"texture":"#0"},"south":{"uv":[15,0,16,1],"rotation":270,"texture":"#0"},"west":{"uv":[15,6,16,0],"rotation":270,"texture":"#0"},"up":{"uv":[16,6,15,0],"texture":"#0"},"down":{"uv":[15,0,16,6],"texture":"#0"}}},{"from":[7.5,-0.5,1],"to":[8.5,3,2],"rotation":{"angle":22.5,"axis":"x","origin":[7.5,2.5,3]},"faces":{"north":{"uv":[12,6,13,12],"texture":"#0"},"east":{"uv":[12,6,13,12],"texture":"#0"},"south":{"uv":[12,6,13,12],"texture":"#0"},"west":{"uv":[12,6,13,12],"texture":"#0"},"up":{"uv":[12,6,13,7],"rotation":270,"texture":"#0"},"down":{"uv":[12,11,13,12],"rotation":90,"texture":"#0"}}},{"from":[6,5.5,6],"to":[10,7.5,10],"faces":{"north":{"uv":[0,12,4,14],"texture":"#0"},"east":{"uv":[12,12,16,14],"texture":"#0"},"south":{"uv":[4,12,8,14],"texture":"#0"},"west":{"uv":[8,12,12,14],"texture":"#0"}}}],"display":{"thirdperson_righthand":{"rotation":[75,45,0],"translation":[0,2.5,0],"scale":[0.5,0.5,0.5]},"firstperson_righthand":{"rotation":[0,90,0],"translation":[0,3,1],"scale":[0.45,0.45,0.45]},"ground":{"scale":[0,0,0]},"gui":{"rotation":[30,133,0],"translation":[0,1,0],"scale":[0.75,0.75,0.75]},"fixed":{"translation":[0,1.5,0]}}}
