{
	"credit": "Made with Blockbench",
	"textures": {
		"0": "object/book",
		"placeholder": "object/ddbook"
	},
	"elements": [
		{
			"from": [3, 0, 5],
			"to": [14, 0.25, 12],
			"faces": {
				"north": {"uv": [0, 0, 11, 0.25], "texture": "#0"},
				"east": {"uv": [10.75, 0, 11, 7], "rotation": 270, "texture": "#0"},
				"south": {"uv": [0, 6.75, 11, 7], "texture": "#0"},
				"west": {"uv": [0, 0, 0.25, 7], "rotation": 270, "texture": "#0"},
				"up": {"uv": [0, 0, 11, 7], "texture": "#0"},
				"down": {"uv": [0, 0, 11, 7], "texture": "#0"}
			}
		},
		{
			"from": [3, 1.75, 5],
			"to": [14, 2, 12],
			"faces": {
				"north": {"uv": [0, 0, 11, 0.25], "texture": "#0"},
				"east": {"uv": [10.75, 0, 11, 7], "rotation": 270, "texture": "#0"},
				"south": {"uv": [0, 6.75, 11, 7], "texture": "#0"},
				"west": {"uv": [0, 0, 0.25, 7], "rotation": 270, "texture": "#0"},
				"up": {"uv": [0, 0, 11, 7], "texture": "#0"},
				"down": {"uv": [0, 0, 11, 7], "texture": "#0"}
			}
		},
		{
			"from": [3.25, 0.25, 5],
			"to": [13.75, 1.75, 11.75],
			"faces": {
				"east": {"uv": [0, 12, 6.75, 13.5], "texture": "#0"},
				"south": {"uv": [0, 11, 10.5, 12.5], "texture": "#0"},
				"west": {"uv": [8.25, 12, 15, 13.5], "texture": "#0"}
			}
		},
		{
			"from": [3, 0.25, 4.75],
			"to": [14, 1.75, 5],
			"faces": {
				"north": {"uv": [0, 7.5, 11, 9], "texture": "#0"},
				"east": {"uv": [1.75, 8.5, 2, 10], "texture": "#0"},
				"south": {"uv": [0, 8.25, 11, 9.75], "texture": "#0"},
				"west": {"uv": [9.5, 8.25, 9.75, 9.75], "texture": "#0"},
				"up": {"uv": [0, 7.5, 11, 7.75], "texture": "#0"},
				"down": {"uv": [0, 10.25, 11, 10.5], "texture": "#0"}
			}
		},
		{
			"from": [9, 2, 6.5],
			"to": [9.25, 2.25, 10.5],
			"faces": {
				"north": {"uv": [12.75, 8.5, 13, 8.75], "texture": "#0"},
				"east": {"uv": [11.75, 9, 15.75, 9.25], "texture": "#0"},
				"south": {"uv": [12.5, 9, 12.75, 9.25], "texture": "#0"},
				"west": {"uv": [11.5, 8.75, 15.5, 9], "texture": "#0"},
				"up": {"uv": [13, 1.25, 13.25, 5.25], "texture": "#0"}
			}
		},
		{
			"from": [9.25, 2, 6.25],
			"to": [9.5, 2.25, 6.5],
			"faces": {
				"north": {"uv": [15, 8, 15.25, 8.25], "texture": "#0"},
				"east": {"uv": [14.75, 8.25, 15, 8.5], "texture": "#0"},
				"south": {"uv": [15.5, 4.5, 15.75, 4.75], "texture": "#0"},
				"west": {"uv": [13.25, 6.25, 13.5, 6.5], "texture": "#0"},
				"up": {"uv": [13.75, 2, 14, 2.25], "texture": "#0"}
			}
		},
		{
			"from": [9.25, 2, 10.5],
			"to": [9.5, 2.25, 10.75],
			"faces": {
				"north": {"uv": [13.25, 6, 13.5, 6.25], "texture": "#0"},
				"east": {"uv": [13.75, 8.75, 14, 9], "texture": "#0"},
				"south": {"uv": [14.25, 7.25, 14.5, 7.5], "texture": "#0"},
				"west": {"uv": [13.25, 6.25, 13.5, 6.5], "texture": "#0"},
				"up": {"uv": [14.75, 5, 15, 5.25], "texture": "#0"}
			}
		},
		{
			"from": [12, 2, 6.5],
			"to": [12.25, 2.25, 10.5],
			"faces": {
				"north": {"uv": [12.75, 8.5, 13, 8.75], "texture": "#0"},
				"east": {"uv": [11.75, 9, 15.75, 9.25], "texture": "#0"},
				"south": {"uv": [12.5, 9, 12.75, 9.25], "texture": "#0"},
				"west": {"uv": [11.5, 8.75, 15.5, 9], "texture": "#0"},
				"up": {"uv": [13, 1.25, 13.25, 5.25], "texture": "#0"}
			}
		},
		{
			"from": [11.75, 2, 6.25],
			"to": [12, 2.25, 6.5],
			"faces": {
				"north": {"uv": [13.25, 6, 13.5, 6.25], "texture": "#0"},
				"east": {"uv": [13.75, 8.75, 14, 9], "texture": "#0"},
				"south": {"uv": [14.25, 7.25, 14.5, 7.5], "texture": "#0"},
				"west": {"uv": [13.25, 6.25, 13.5, 6.5], "texture": "#0"},
				"up": {"uv": [14.75, 5, 15, 5.25], "texture": "#0"}
			}
		},
		{
			"from": [11.75, 2, 10.5],
			"to": [12, 2.25, 10.75],
			"faces": {
				"north": {"uv": [13.25, 6, 13.5, 6.25], "texture": "#0"},
				"east": {"uv": [13.75, 8.75, 14, 9], "texture": "#0"},
				"south": {"uv": [14.25, 7.25, 14.5, 7.5], "texture": "#0"},
				"west": {"uv": [13.25, 6.25, 13.5, 6.5], "texture": "#0"},
				"up": {"uv": [14.75, 5, 15, 5.25], "texture": "#0"}
			}
		},
		{
			"from": [9.5, 2, 6],
			"to": [11.75, 2.25, 6.25],
			"faces": {
				"north": {"uv": [12, 9.75, 16, 10], "texture": "#0"},
				"east": {"uv": [15.5, 2.75, 15.75, 3], "texture": "#0"},
				"south": {"uv": [12, 0, 16, 0.25], "texture": "#0"},
				"west": {"uv": [15.25, 7.75, 15.5, 8], "texture": "#0"},
				"up": {"uv": [12.75, 1.25, 13, 5.25], "rotation": 90, "texture": "#0"}
			}
		},
		{
			"from": [9.5, 2, 10.75],
			"to": [11.75, 2.25, 11],
			"faces": {
				"north": {"uv": [12, 9.75, 16, 10], "texture": "#0"},
				"east": {"uv": [15.5, 2.75, 15.75, 3], "texture": "#0"},
				"south": {"uv": [12, 0, 16, 0.25], "texture": "#0"},
				"west": {"uv": [15.25, 7.75, 15.5, 8], "texture": "#0"},
				"up": {"uv": [12.75, 1.25, 13, 5.25], "rotation": 90, "texture": "#0"}
			}
		},
		{
			"from": [9.25, 2, 6.25],
			"to": [12, 2.001, 10.75],
			"faces": {
				"up": {"uv": [0, 4, 16, 13], "rotation": 90, "texture": "#placeholder"}
			}
		}
	],
	"display": {
		"thirdperson_righthand": {
			"rotation": [0, 180, 90],
			"translation": [6.75, -1.25, -2.25]
		},
		"thirdperson_lefthand": {
			"rotation": [0, 180, 90],
			"translation": [6.75, -1.25, -2.25]
		},
		"gui": {
			"rotation": [77, 70, -2],
			"translation": [-0.75, 1.5, 0]
		},
		"head": {
			"translation": [-0.4, 5.55, -0.8],
			"scale": [1.3, 1.3, 1.3]
		}
	},
	"groups": [
		{
			"name": "ddbook",
			"children": [0, 1, 2, 3, 4, 5, 6, 7, 8, 9, 10, 11, 12]
		}
	]
}