{"textures":{"0":"skins/jan"},"elements":[{"from":[-11.5,15,-0.5],"to":[1.5,20,4.5],"rotation":{"angle":-45,"axis":"y","origin":[2,17.5,8]},"faces":{"north":{"uv":[12,13,13,16],"rotation":270,"texture":"#0"},"east":{"uv":[14,13,13,12],"texture":"#0"},"south":{"uv":[14,13,15,16],"rotation":90,"texture":"#0"},"west":{"uv":[15,12,14,13],"rotation":180,"texture":"#0"},"up":{"uv":[13,13,14,16],"rotation":90,"texture":"#0"},"down":{"uv":[15,13,16,16],"rotation":90,"texture":"#0"}}},{"from":[-11,15.5,0],"to":[1,19.5,4],"rotation":{"angle":-45,"axis":"y","origin":[2,17.5,8]},"faces":{"north":{"uv":[8,13,9,16],"rotation":270,"texture":"#0"},"east":{"uv":[10,13,9,12],"texture":"#0"},"south":{"uv":[10,13,11,16],"rotation":90,"texture":"#0"},"west":{"uv":[11,12,10,13],"rotation":180,"texture":"#0"},"up":{"uv":[9,13,10,16],"rotation":90,"texture":"#0"},"down":{"uv":[11,13,12,16],"rotation":90,"texture":"#0"}}},{"from":[6,15.5,-5],"to":[10,19.5,7],"rotation":{"angle":-45,"axis":"y","origin":[14,17.5,8]},"faces":{"north":{"uv":[13,4,12,5],"rotation":180,"texture":"#0"},"east":{"uv":[10,5,11,8],"rotation":270,"texture":"#0"},"south":{"uv":[12,5,11,4],"texture":"#0"},"west":{"uv":[12,5,13,8],"rotation":90,"texture":"#0"},"up":{"uv":[11,5,12,8],"rotation":180,"texture":"#0"},"down":{"uv":[13,5,14,8],"texture":"#0"}}},{"from":[5.5,15,-5.5],"to":[10.49,20,7.5],"rotation":{"angle":-45,"axis":"y","origin":[14,17.5,8]},"faces":{"north":{"uv":[13,8,12,9],"rotation":180,"texture":"#0"},"east":{"uv":[10,9,11,12],"rotation":270,"texture":"#0"},"south":{"uv":[12,9,11,8],"texture":"#0"},"west":{"uv":[12,9,13,12],"rotation":90,"texture":"#0"},"up":{"uv":[11,9,12,12],"rotation":180,"texture":"#0"},"down":{"uv":[13,9,14,12],"texture":"#0"}}},{"from":[1.5,7.25,-2.5],"to":[6.5,12.25,10.5],"rotation":{"angle":22.5,"axis":"y","origin":[6,8.5,3]},"faces":{"north":{"uv":[3,12,2,13],"rotation":180,"texture":"#0"},"east":{"uv":[0,13,1,16],"rotation":270,"texture":"#0"},"south":{"uv":[8,1.75,7.25,1],"texture":"#0"},"west":{"uv":[2,13,3,16],"rotation":90,"texture":"#0"},"up":{"uv":[1,13,2,16],"rotation":180,"texture":"#0"},"down":{"uv":[3,13,4,16],"texture":"#0"}}},{"from":[2,7.75,-2],"to":[6,11.75,10],"rotation":{"angle":22.5,"axis":"y","origin":[6,8.5,3]},"faces":{"north":{"uv":[7,12,6,13],"rotation":180,"texture":"#0"},"east":{"uv":[4,13,5,16],"rotation":270,"texture":"#0"},"south":{"uv":[6,13,5,12],"texture":"#0"},"west":{"uv":[6,13,7,16],"rotation":90,"texture":"#0"},"up":{"uv":[5,13,6,16],"rotation":180,"texture":"#0"},"down":{"uv":[7,13,8,16],"texture":"#0"}}},{"from":[7.5,7.25,-2.5],"to":[12.5,12.25,10.5],"rotation":{"angle":-22.5,"axis":"y","origin":[10,5.5,8]},"faces":{"north":{"uv":[3,8,2,9],"rotation":180,"texture":"#0"},"east":{"uv":[0,9,1,12],"rotation":270,"texture":"#0"},"south":{"uv":[2,9,1,8],"texture":"#0"},"west":{"uv":[2,9,3,12],"rotation":90,"texture":"#0"},"up":{"uv":[1,9,2,12],"rotation":180,"texture":"#0"},"down":{"uv":[3,9,4,12],"texture":"#0"}}},{"from":[8,7.75,-2],"to":[12,11.75,10],"rotation":{"angle":-22.5,"axis":"y","origin":[10,5.5,8]},"faces":{"north":{"uv":[3,4,2,5],"rotation":180,"texture":"#0"},"east":{"uv":[0,5,1,8],"rotation":270,"texture":"#0"},"south":{"uv":[2,5,1,4],"texture":"#0"},"west":{"uv":[2,5,3,8],"rotation":90,"texture":"#0"},"up":{"uv":[1,5,2,8],"rotation":180,"texture":"#0"},"down":{"uv":[3,5,4,8],"texture":"#0"}}},{"from":[4,10.72,0.5],"to":[12,23.73,5.5],"rotation":{"angle":-45,"axis":"x","origin":[8,17.5,8]},"faces":{"north":{"uv":[5,9,7,12],"texture":"#0"},"east":{"uv":[4,9,5,12],"texture":"#0"},"south":{"uv":[8,9,10,12],"texture":"#0"},"west":{"uv":[7,9,8,12],"texture":"#0"},"up":{"uv":[7,9,5,8],"texture":"#0"},"down":{"uv":[9,8,7,9],"texture":"#0"}}},{"from":[4.1,7.5,-2],"to":[11.9,19.5,2],"rotation":{"angle":-45,"axis":"x","origin":[5,19.5,2]},"faces":{"north":{"uv":[5,5,7,7.98],"texture":"#0"},"east":{"uv":[4,5,5,8],"texture":"#0"},"south":{"uv":[8,5,10,8],"texture":"#0"},"west":{"uv":[7,5,8,7.98],"texture":"#0"},"up":{"uv":[7,5,5,4],"texture":"#0"},"down":{"uv":[9,4,7,5],"texture":"#0"}}},{"from":[3.5,15,-8.5],"to":[12.5,24,0.5],"faces":{"north":{"uv":[10,0,12,2],"texture":"#0"},"east":{"uv":[8,2,10,4],"rotation":90,"texture":"#0"},"south":{"uv":[14,0,12,2],"texture":"#0"},"west":{"uv":[12,2,14,4],"rotation":90,"texture":"#0"},"up":{"uv":[16,4,14,2],"rotation":180,"texture":"#0"},"down":{"uv":[10,2,12,4],"rotation":180,"texture":"#0"}}},{"from":[4,15.5,-8],"to":[12,23.5,0],"faces":{"north":{"uv":[4,2,2,0],"rotation":180,"texture":"#0","cullface":"up"},"east":{"uv":[0,2,2,4],"rotation":90,"texture":"#0","cullface":"east"},"south":{"uv":[6,0,4,2],"texture":"#0","cullface":"down"},"west":{"uv":[4,2,6,4],"rotation":90,"texture":"#0","cullface":"west"},"up":{"uv":[6,2,8,4],"texture":"#0","cullface":"south"},"down":{"uv":[2,2,4,4],"rotation":180,"texture":"#0","cullface":"north"}}}],"display":{"head":{"translation":[0,-18.25,19.25],"scale":[1.6,1.6,1.6]}}}