{"textures":{"0":"block/basalt_side","1":"block/podzol_top","particle":"block/cobblestone"},"elements":[{"from":[9.5,0,3],"to":[17.5,16,13],"faces":{"north":{"uv":[0,0,8,16],"texture":"#0"},"east":{"uv":[3,0,13,16],"texture":"#0"},"south":{"uv":[8,0,16,16],"texture":"#0"},"west":{"uv":[3,0,13,16],"texture":"#0"},"up":{"uv":[3,8,13,16],"rotation":90,"texture":"#0"},"down":{"uv":[3,0,13,8],"rotation":270,"texture":"#0"}}},{"from":[9.5,0,13],"to":[17.5,13,15],"faces":{"east":{"uv":[1,3,3,16],"texture":"#0"},"south":{"uv":[8,3,16,16],"texture":"#0"},"west":{"uv":[13,3,15,16],"texture":"#0"},"up":{"uv":[1,8,3,16],"rotation":90,"texture":"#0"},"down":{"uv":[13,8,15,16],"rotation":270,"texture":"#0"}}},{"from":[9.5,13,13],"to":[17.5,15,14],"faces":{"east":{"uv":[1,1,2,3],"texture":"#0"},"south":{"uv":[8,1,16,3],"texture":"#0"},"west":{"uv":[14,1,15,3],"texture":"#0"},"up":{"uv":[0,0,1,8],"rotation":90,"texture":"#0"}}},{"from":[9.5,13,2],"to":[17.5,15,3],"faces":{"north":{"uv":[0,1,8,3],"texture":"#0"},"east":{"uv":[14,1,15,3],"texture":"#0"},"west":{"uv":[1,1,2,3],"texture":"#0"},"up":{"uv":[0,0,1,8],"rotation":90,"texture":"#0"}}},{"from":[9.5,0,1],"to":[17.5,13,3],"faces":{"north":{"uv":[0,3,8,16],"texture":"#0"},"east":{"uv":[13,3,15,16],"texture":"#0"},"west":{"uv":[1,3,3,16],"texture":"#0"},"up":{"uv":[1,8,3,16],"rotation":90,"texture":"#0"},"down":{"uv":[13,8,15,16],"rotation":270,"texture":"#0"}}},{"from":[0,0,0],"to":[16,0,16],"faces":{"up":{"uv":[0,0,16,16],"texture":"#1"}}}]}