{"textures":{"0":"block/spruce_planks","1":"block/white_wool","2":"block/purple_concrete"},"elements":[{"from":[9,9,5],"to":[9,10,6],"faces":{"east":{"uv":[10,6,11,7],"texture":"#1"}}},{"from":[9,8,6],"to":[9,9,7],"faces":{"east":{"uv":[9,7,10,8],"texture":"#1"}}},{"from":[9,8,9],"to":[9,11,10],"faces":{"east":{"uv":[6,5,7,8],"texture":"#1"}}},{"from":[10,9,6],"to":[10,11,7],"faces":{"east":{"uv":[9,5,10,7],"texture":"#1"}}},{"from":[10,8,7],"to":[10,9,8],"faces":{"east":{"uv":[8,7,9,8],"texture":"#1"}}},{"from":[10,8,8],"to":[10,10,9],"faces":{"east":{"uv":[7,6,8,8],"texture":"#1"}}},{"from":[11,9,7],"to":[11,11,8],"faces":{"east":{"uv":[8,5,9,7],"texture":"#1"}}},{"from":[6,9,6],"to":[6,10,7],"faces":{"west":{"uv":[6,6,7,7],"texture":"#1"}}},{"from":[6,8,7],"to":[6,11,8],"faces":{"west":{"uv":[7,5,8,8],"texture":"#1"}}},{"from":[6,10,8],"to":[6,11,9],"faces":{"west":{"uv":[8,5,9,6],"texture":"#1"}}},{"from":[6,8,8],"to":[6,9,9],"faces":{"west":{"uv":[8,7,9,8],"texture":"#1"}}},{"from":[7,8,6],"to":[7,9,7],"faces":{"west":{"uv":[6,7,7,8],"texture":"#1"}}},{"from":[7,8,9],"to":[7,10,10],"faces":{"west":{"uv":[9,6,10,8],"texture":"#1"}}},{"from":[8,9,5],"to":[8,10,6],"faces":{"west":{"uv":[5,6,6,7],"texture":"#1"}}},{"from":[8,9,5],"to":[9,9,6],"faces":{"down":{"uv":[8,10,9,11],"texture":"#1"}}},{"from":[6,9,6],"to":[7,9,7],"faces":{"down":{"uv":[6,9,7,10],"texture":"#1"}}},{"from":[9,9,6],"to":[10,9,7],"faces":{"down":{"uv":[9,9,10,10],"texture":"#1"}}},{"from":[10,9,7],"to":[11,9,8],"faces":{"down":{"uv":[10,8,11,9],"texture":"#1"}}},{"from":[10,9,8],"to":[11,11,8],"faces":{"south":{"uv":[10,5,11,7],"texture":"#1"}}},{"from":[6,10,9],"to":[7,11,9],"faces":{"south":{"uv":[6,5,7,6],"texture":"#1"}}},{"from":[9,8,9],"to":[10,10,9],"faces":{"south":{"uv":[9,6,10,8],"texture":"#1"}}},{"from":[6,8,9],"to":[7,9,9],"faces":{"south":{"uv":[6,7,7,8],"texture":"#1"}}},{"from":[7,8,10],"to":[9,10,10],"faces":{"south":{"uv":[7,6,9,8],"texture":"#1"}}},{"from":[8,10,10],"to":[9,11,10],"faces":{"south":{"uv":[8,5,9,6],"texture":"#1"}}},{"from":[8,9,5],"to":[9,10,5],"faces":{"north":{"uv":[7,6,8,7],"texture":"#1"}}},{"from":[7,8,6],"to":[9,9,6],"faces":{"north":{"uv":[7,7,9,8],"texture":"#1"}}},{"from":[6,9,6],"to":[8,10,6],"faces":{"north":{"uv":[8,6,10,7],"texture":"#1"}}},{"from":[9,9,6],"to":[10,11,6],"faces":{"north":{"uv":[6,5,7,7],"texture":"#1"}}},{"from":[10,9,7],"to":[11,11,7],"faces":{"north":{"uv":[5,5,6,7],"texture":"#1"}}},{"from":[6,8,7],"to":[7,9,7],"faces":{"north":{"uv":[9,7,10,8],"texture":"#1"}}},{"from":[9,8,7],"to":[10,9,7],"faces":{"north":{"uv":[6,7,7,8],"texture":"#1"}}},{"from":[8,16,7],"to":[9,16,8],"faces":{"up":{"uv":[8,7,9,8],"texture":"#2","cullface":"up"}}},{"from":[9,10,5],"to":[9,11,6],"faces":{"east":{"uv":[10,5,11,6],"texture":"#2"}}},{"from":[9,13,7],"to":[9,16,8],"faces":{"east":{"uv":[8,0,9,3],"texture":"#2"}}},{"from":[9,11,9],"to":[9,12,10],"faces":{"east":{"uv":[6,4,7,5],"texture":"#2"}}},{"from":[9,11,8],"to":[9,14,9],"faces":{"east":{"uv":[7,2,8,5],"texture":"#2"}}},{"from":[10,11,6],"to":[10,13,7],"faces":{"east":{"uv":[9,3,10,5],"texture":"#2"}}},{"from":[10,12,7],"to":[10,13,8],"faces":{"east":{"uv":[8,3,9,4],"texture":"#2"}}},{"from":[10,10,8],"to":[10,11,9],"faces":{"east":{"uv":[7,5,8,6],"texture":"#2"}}},{"from":[11,11,7],"to":[11,12,8],"faces":{"east":{"uv":[8,4,9,5],"texture":"#2"}}},{"from":[6,10,6],"to":[6,11,7],"faces":{"west":{"uv":[6,5,7,6],"texture":"#2"}}},{"from":[6,11,7],"to":[6,12,9],"faces":{"west":{"uv":[7,4,9,5],"texture":"#2"}}},{"from":[6,9,8],"to":[6,10,9],"faces":{"west":{"uv":[8,6,9,7],"texture":"#2"}}},{"from":[7,11,6],"to":[7,12,7],"faces":{"west":{"uv":[6,4,7,5],"texture":"#2"}}},{"from":[7,12,7],"to":[7,14,8],"faces":{"west":{"uv":[7,2,8,4],"texture":"#2"}}},{"from":[7,10,9],"to":[7,11,10],"faces":{"west":{"uv":[9,5,10,6],"texture":"#2"}}},{"from":[7,12,8],"to":[7,13,9],"faces":{"west":{"uv":[8,3,9,4],"texture":"#2"}}},{"from":[8,10,5],"to":[8,11,6],"faces":{"west":{"uv":[5,5,6,6],"texture":"#2"}}},{"from":[8,12,6],"to":[8,13,7],"faces":{"west":{"uv":[6,3,7,4],"texture":"#2"}}},{"from":[8,14,7],"to":[8,16,8],"faces":{"west":{"uv":[7,0,8,2],"texture":"#2"}}},{"from":[8,13,8],"to":[8,14,9],"faces":{"west":{"uv":[8,2,9,3],"texture":"#2"}}},{"from":[8,11,9],"to":[8,12,10],"faces":{"west":{"uv":[9,4,10,5],"texture":"#2"}}},{"from":[8,11,5],"to":[9,11,6],"faces":{"up":{"uv":[8,5,9,6],"texture":"#2"}}},{"from":[6,11,6],"to":[7,11,7],"faces":{"up":{"uv":[6,6,7,7],"texture":"#2"}}},{"from":[9,11,8],"to":[10,11,9],"faces":{"up":{"uv":[9,8,10,9],"texture":"#2"}}},{"from":[7,11,9],"to":[8,11,10],"faces":{"up":{"uv":[7,9,8,10],"texture":"#2"}}},{"from":[7,12,6],"to":[8,12,7],"faces":{"up":{"uv":[7,6,8,7],"texture":"#2"}}},{"from":[6,12,7],"to":[7,12,9],"faces":{"up":{"uv":[6,7,7,9],"texture":"#2"}}},{"from":[10,12,7],"to":[11,12,8],"faces":{"up":{"uv":[10,7,11,8],"texture":"#2"}}},{"from":[8,12,9],"to":[9,12,10],"faces":{"up":{"uv":[8,9,9,10],"texture":"#2"}}},{"from":[8,13,6],"to":[10,13,7],"faces":{"up":{"uv":[8,6,10,7],"texture":"#2"}}},{"from":[9,13,7],"to":[10,13,8],"faces":{"up":{"uv":[9,7,10,8],"texture":"#2"}}},{"from":[7,13,8],"to":[8,13,9],"faces":{"up":{"uv":[7,8,8,9],"texture":"#2"}}},{"from":[7,14,7],"to":[8,14,8],"faces":{"up":{"uv":[7,7,8,8],"texture":"#2"}}},{"from":[8,14,8],"to":[9,14,9],"faces":{"up":{"uv":[8,8,9,9],"texture":"#2"}}},{"from":[8,14,8],"to":[9,16,8],"faces":{"south":{"uv":[8,0,9,2],"texture":"#2"}}},{"from":[9,11,8],"to":[11,12,8],"faces":{"south":{"uv":[9,4,11,5],"texture":"#2"}}},{"from":[9,12,8],"to":[10,13,8],"faces":{"south":{"uv":[9,3,10,4],"texture":"#2"}}},{"from":[7,13,8],"to":[8,14,8],"faces":{"south":{"uv":[7,2,8,3],"texture":"#2"}}},{"from":[8,13,9],"to":[9,14,9],"faces":{"south":{"uv":[8,2,9,3],"texture":"#2"}}},{"from":[7,12,9],"to":[9,13,9],"faces":{"south":{"uv":[7,3,9,4],"texture":"#2"}}},{"from":[6,11,9],"to":[8,12,9],"faces":{"south":{"uv":[6,4,8,5],"texture":"#2"}}},{"from":[9,10,9],"to":[10,11,9],"faces":{"south":{"uv":[9,5,10,6],"texture":"#2"}}},{"from":[6,9,9],"to":[7,10,9],"faces":{"south":{"uv":[6,6,7,7],"texture":"#2"}}},{"from":[8,11,10],"to":[9,12,10],"faces":{"south":{"uv":[8,4,9,5],"texture":"#2"}}},{"from":[7,10,10],"to":[8,11,10],"faces":{"south":{"uv":[7,5,8,6],"texture":"#2"}}},{"from":[8,10,5],"to":[9,11,5],"faces":{"north":{"uv":[7,5,8,6],"texture":"#2"}}},{"from":[6,10,6],"to":[8,11,6],"faces":{"north":{"uv":[8,5,10,6],"texture":"#2"}}},{"from":[8,12,6],"to":[10,13,6],"faces":{"north":{"uv":[6,3,8,4],"texture":"#2"}}},{"from":[7,11,6],"to":[10,12,6],"faces":{"north":{"uv":[6,4,9,5],"texture":"#2"}}},{"from":[8,14,7],"to":[9,16,7],"faces":{"north":{"uv":[7,0,8,2],"texture":"#2"}}},{"from":[7,13,7],"to":[9,14,7],"faces":{"north":{"uv":[7,2,9,3],"texture":"#2"}}},{"from":[7,12,7],"to":[8,13,7],"faces":{"north":{"uv":[8,3,9,4],"texture":"#2"}}},{"from":[10,11,7],"to":[11,12,7],"faces":{"north":{"uv":[5,4,6,5],"texture":"#2"}}},{"from":[6,11,7],"to":[7,12,7],"faces":{"north":{"uv":[9,4,10,5],"texture":"#2"}}},{"from":[7,-2,7],"to":[9,-2,9],"faces":{"down":{"uv":[7,7,9,9],"texture":"#0","cullface":"down"}}},{"from":[9,7,6],"to":[9,8,7],"faces":{"east":{"uv":[9,8,10,9],"texture":"#0"}}},{"from":[9,-2,7],"to":[9,7,9],"faces":{"east":{"uv":[7,7,9,16],"texture":"#0"}}},{"from":[9,7,9],"to":[9,8,10],"faces":{"east":{"uv":[6,8,7,9],"texture":"#0"}}},{"from":[10,7,7],"to":[10,8,9],"faces":{"east":{"uv":[7,8,9,9],"texture":"#0"}}},{"from":[6,7,7],"to":[6,8,9],"faces":{"west":{"uv":[7,8,9,9],"texture":"#0"}}},{"from":[7,7,6],"to":[7,8,7],"faces":{"west":{"uv":[6,8,7,9],"texture":"#0"}}},{"from":[7,-2,7],"to":[7,7,9],"faces":{"west":{"uv":[7,7,9,16],"texture":"#0"}}},{"from":[7,7,9],"to":[7,8,10],"faces":{"west":{"uv":[9,8,10,9],"texture":"#0"}}},{"from":[7,7,6],"to":[9,7,7],"faces":{"down":{"uv":[7,9,9,10],"texture":"#0"}}},{"from":[6,7,7],"to":[7,7,9],"faces":{"down":{"uv":[6,7,7,9],"texture":"#0"}}},{"from":[9,7,7],"to":[10,7,9],"faces":{"down":{"uv":[9,7,10,9],"texture":"#0"}}},{"from":[7,7,9],"to":[9,7,10],"faces":{"down":{"uv":[7,6,9,7],"texture":"#0"}}},{"from":[7,-2,9],"to":[9,7,9],"faces":{"south":{"uv":[7,7,9,16],"texture":"#0"}}},{"from":[6,7,9],"to":[7,8,9],"faces":{"south":{"uv":[6,8,7,9],"texture":"#0"}}},{"from":[9,7,9],"to":[10,8,9],"faces":{"south":{"uv":[9,8,10,9],"texture":"#0"}}},{"from":[7,7,10],"to":[9,8,10],"faces":{"south":{"uv":[7,8,9,9],"texture":"#0"}}},{"from":[7,7,6],"to":[9,8,6],"faces":{"north":{"uv":[7,8,9,9],"texture":"#0"}}},{"from":[7,-2,7],"to":[9,7,7],"faces":{"north":{"uv":[7,7,9,16],"texture":"#0"}}},{"from":[6,7,7],"to":[7,8,7],"faces":{"north":{"uv":[9,8,10,9],"texture":"#0"}}},{"from":[9,7,7],"to":[10,8,7],"faces":{"north":{"uv":[6,8,7,9],"texture":"#0"}}}],"display":{"head":{"scale":[1,1.1,1]}}}