{"textures":{"0":"block/cactus_side","1":"block/cactus_top","2":"block/cactus_bottom"},"elements":[{"from":[4,4,4],"to":[12,12,12],"faces":{"north":{"uv":[1,1,15,15],"texture":"#0"},"east":{"uv":[1,1,15,15],"texture":"#0"},"south":{"uv":[1,1,15,15],"texture":"#0"},"west":{"uv":[1,1,15,15],"texture":"#0"},"up":{"uv":[1,1,15,15],"texture":"#1"},"down":{"uv":[1,1,15,15],"texture":"#2"}}}],"display":{"firstperson_righthand":{"rotation":[0,-35,0],"translation":[0,0,0]},"thirdperson_righthand":{"rotation":[0,-70,0],"translation":[0,0,-3],"scale":[0.8,0.8,0.8]},"gui":{"rotation":[10,-25,0],"translation":[0.5,0,0]},"fixed":{"rotation":[0,180,0],"translation":[0,0,0],"scale":[1.1,1.1,1.1]},"ground":{"scale":[0,0,0]}}}