{"ambientocclusion":false,"textures":{"0":"item/console","1":"block/iron_block","2":"block/black_concrete"},"elements":[{"from":[5,8,7],"to":[5.5,9.5,7.5],"faces":{"north":{"uv":[9.5,2.5,11,4],"texture":"#0"},"east":{"uv":[9,2.5,10.5,4],"texture":"#0"},"south":{"uv":[11,1.5,9.5,3],"texture":"#0"},"west":{"uv":[9.5,2.5,11,4],"texture":"#0"},"up":{"uv":[8,5.5,9.5,7],"texture":"#0"},"down":{"uv":[11,7,9.5,5.5],"texture":"#0"}}},{"from":[4,7,6],"to":[12,10.5,7],"faces":{"north":{"uv":[1,1,9,4.5],"texture":"#1"},"east":{"uv":[0,0,4,1],"texture":"#1"},"south":{"uv":[4,3,12,6.5],"texture":"#2"},"west":{"uv":[4,1,0,0],"texture":"#1"},"up":{"uv":[0,0,8,1],"texture":"#1"},"down":{"uv":[0,0,8,1],"texture":"#1"}}},{"from":[4,7,7],"to":[4.5,10.5,7.5],"faces":{"north":{"uv":[0,0,0.5,3.5],"texture":"#1"},"east":{"uv":[0,0,0.5,3.5],"texture":"#1"},"south":{"uv":[0,0,0.5,3.5],"texture":"#1"},"west":{"uv":[0,0,0.5,3.5],"texture":"#1"},"up":{"uv":[0,0,0.5,0.5],"texture":"#1"},"down":{"uv":[0,0,0.5,0.5],"texture":"#1"}}},{"from":[11.5,7,7],"to":[12,10.5,7.5],"faces":{"north":{"uv":[0,0,0.5,3.5],"texture":"#1"},"east":{"uv":[0,0,0.5,3.5],"texture":"#1"},"south":{"uv":[0,0,0.5,3.5],"texture":"#1"},"west":{"uv":[0,0,0.5,3.5],"texture":"#1"},"up":{"uv":[0,0,0.5,0.5],"texture":"#1"},"down":{"uv":[0,0,0.5,0.5],"texture":"#1"}}},{"from":[4.5,10,7],"to":[11.5,10.5,7.5],"faces":{"north":{"uv":[0,0,7,0.5],"texture":"#1"},"east":{"uv":[0,0,0.5,0.5],"texture":"#1"},"south":{"uv":[0,0,7,0.5],"texture":"#1"},"west":{"uv":[0,0,0.5,0.5],"texture":"#1"},"up":{"uv":[0,0,7,0.5],"texture":"#1"},"down":{"uv":[0,0,7,0.5],"texture":"#1"}}},{"from":[4.5,7,7],"to":[11.5,7.5,7.5],"faces":{"north":{"uv":[0,0,7,0.5],"texture":"#1"},"east":{"uv":[0,0,0.5,0.5],"texture":"#1"},"south":{"uv":[0,0,7,0.5],"texture":"#1"},"west":{"uv":[0,0,0.5,0.5],"texture":"#1"},"up":{"uv":[0,0,7,0.5],"texture":"#1"},"down":{"uv":[0,0,7,0.5],"texture":"#1"}}}],"display":{"thirdperson_righthand":{"rotation":[0,0,0],"translation":[0,0.5,1]},"gui":{"rotation":[-20,0,0],"translation":[0,-0.5,0],"scale":[1.3,1.3,1.3]},"fixed":{"rotation":[0,180,0],"translation":[0,-1,0],"scale":[1.3,1.3,1.3]},"ground":{"scale":[0,0,0]}}}