{"textures":{"0":"item/firework_rocket","1":"block/coal_block","2":"block/orange_terracotta"},"elements":[{"from":[6,3,6],"to":[10,15,10],"faces":{"north":{"uv":[7,5,10,13],"texture":"#0"},"east":{"uv":[7,5,10,13],"texture":"#0"},"south":{"uv":[7,5,10,13],"texture":"#0"},"west":{"uv":[7,5,10,13],"texture":"#0"},"up":{"uv":[0,0,4,4],"texture":"#2"},"down":{"uv":[4,4,8,8],"texture":"#1"}}},{"from":[5,15,5],"to":[11,16,11],"faces":{"north":{"uv":[0,0,6,1],"texture":"#2"},"east":{"uv":[0,0,6,1],"texture":"#2"},"south":{"uv":[0,0,3,1],"texture":"#2"},"west":{"uv":[0,0,3,1],"texture":"#2"},"up":{"uv":[0,0,3,3],"texture":"#2"},"down":{"uv":[0,0,3,3],"texture":"#2"}}},{"from":[6,16,6],"to":[10,17,10],"faces":{"north":{"uv":[0,0,4,1],"texture":"#2"},"east":{"uv":[0,0,4,1],"texture":"#2"},"south":{"uv":[0,0,3,1],"texture":"#2"},"west":{"uv":[0,0,3,1],"texture":"#2"},"up":{"uv":[0,0,3,3],"texture":"#2"},"down":{"uv":[0,0,3,3],"texture":"#2"}}},{"from":[7,17,7],"to":[9,18,9],"faces":{"north":{"uv":[0,0,2,1],"texture":"#2"},"east":{"uv":[0,0,2,1],"texture":"#2"},"south":{"uv":[0,0,3,1],"texture":"#2"},"west":{"uv":[0,0,3,1],"texture":"#2"},"up":{"uv":[0,0,3,3],"texture":"#2"},"down":{"uv":[0,0,3,3],"texture":"#2"}}}]}