{"textures":{"1":"block/red_nether_bricks","2":"block/glowstone"},"elements":[{"from":[11,4,6],"to":[11,13,7],"faces":{"east":{"uv":[9,3,10,12],"texture":"#2"}}},{"from":[11,3,7],"to":[11,14,9],"faces":{"east":{"uv":[7,2,9,13],"texture":"#2"}}},{"from":[11,4,9],"to":[11,13,10],"faces":{"east":{"uv":[6,3,7,12],"texture":"#2"}}},{"from":[5,4,6],"to":[5,12,7],"faces":{"west":{"uv":[6,4,7,12],"texture":"#2"}}},{"from":[5,3,7],"to":[5,13,9],"faces":{"west":{"uv":[7,3,9,13],"texture":"#2"}}},{"from":[5,4,9],"to":[5,12,10],"faces":{"west":{"uv":[9,4,10,12],"texture":"#2"}}},{"from":[7,15,6],"to":[9,15,7],"faces":{"up":{"uv":[7,6,9,7],"texture":"#2"}}},{"from":[6,15,7],"to":[10,15,9],"faces":{"up":{"uv":[6,7,10,9],"texture":"#2"}}},{"from":[7,15,9],"to":[9,15,10],"faces":{"up":{"uv":[7,9,9,10],"texture":"#2"}}},{"from":[7,3,11],"to":[9,4,11],"faces":{"south":{"uv":[7,12,9,13],"texture":"#2"}}},{"from":[6,4,11],"to":[10,12,11],"faces":{"south":{"uv":[6,4,10,12],"texture":"#2"}}},{"from":[7,12,11],"to":[9,13,11],"faces":{"south":{"uv":[7,3,9,4],"texture":"#2"}}},{"from":[7,3,5],"to":[9,4,5],"faces":{"north":{"uv":[7,12,9,13],"texture":"#2"}}},{"from":[6,4,5],"to":[10,14,5],"faces":{"north":{"uv":[6,2,10,12],"texture":"#2"}}},{"from":[7,14,5],"to":[9,15,5],"faces":{"north":{"uv":[7,1,9,2],"texture":"#2"}}},{"from":[3,0,3],"to":[13,0,13],"faces":{"down":{"uv":[3,3,13,13],"texture":"#1","cullface":"down"}}},{"from":[6,16,4],"to":[10,16,5],"faces":{"up":{"uv":[6,4,10,5],"texture":"#1","cullface":"up"}}},{"from":[5,16,5],"to":[11,16,6],"faces":{"up":{"uv":[5,5,11,6],"texture":"#1","cullface":"up"}}},{"from":[4,16,6],"to":[7,16,7],"faces":{"up":{"uv":[4,6,7,7],"texture":"#1","cullface":"up"}}},{"from":[9,16,6],"to":[12,16,7],"faces":{"up":{"uv":[9,6,12,7],"texture":"#1","cullface":"up"}}},{"from":[4,16,7],"to":[6,16,9],"faces":{"up":{"uv":[4,7,6,9],"texture":"#1","cullface":"up"}}},{"from":[10,16,7],"to":[12,16,9],"faces":{"up":{"uv":[10,7,12,9],"texture":"#1","cullface":"up"}}},{"from":[6,16,11],"to":[10,16,12],"faces":{"up":{"uv":[6,11,10,12],"texture":"#1","cullface":"up"}}},{"from":[5,16,10],"to":[11,16,11],"faces":{"up":{"uv":[5,10,11,11],"texture":"#1","cullface":"up"}}},{"from":[4,16,9],"to":[7,16,10],"faces":{"up":{"uv":[4,9,7,10],"texture":"#1","cullface":"up"}}},{"from":[9,16,9],"to":[12,16,10],"faces":{"up":{"uv":[9,9,12,10],"texture":"#1","cullface":"up"}}},{"from":[6,4,4],"to":[6,14,5],"faces":{"east":{"uv":[11,2,12,12],"texture":"#1"}}},{"from":[6,15,7],"to":[6,16,9],"faces":{"east":{"uv":[7,0,9,1],"texture":"#1"}}},{"from":[6,4,11],"to":[6,12,12],"faces":{"east":{"uv":[4,4,5,12],"texture":"#1"}}},{"from":[7,3,4],"to":[7,4,5],"faces":{"east":{"uv":[11,12,12,13],"texture":"#1"}}},{"from":[7,14,4],"to":[7,15,5],"faces":{"east":{"uv":[11,1,12,2],"texture":"#1"}}},{"from":[7,15,6],"to":[7,16,7],"faces":{"east":{"uv":[9,0,10,1],"texture":"#1"}}},{"from":[7,15,9],"to":[7,16,10],"faces":{"east":{"uv":[6,0,7,1],"texture":"#1"}}},{"from":[7,3,11],"to":[7,4,12],"faces":{"east":{"uv":[4,12,5,13],"texture":"#1"}}},{"from":[7,12,11],"to":[7,13,12],"faces":{"east":{"uv":[4,3,5,4],"texture":"#1"}}},{"from":[10,15,4],"to":[10,16,5],"faces":{"east":{"uv":[11,0,12,1],"texture":"#1"}}},{"from":[10,15,11],"to":[10,16,12],"faces":{"east":{"uv":[4,0,5,1],"texture":"#1"}}},{"from":[11,14,4],"to":[11,15,5],"faces":{"east":{"uv":[11,1,12,2],"texture":"#1"}}},{"from":[11,15,5],"to":[11,16,6],"faces":{"east":{"uv":[10,0,11,1],"texture":"#1"}}},{"from":[11,14,11],"to":[11,15,12],"faces":{"east":{"uv":[4,1,5,2],"texture":"#1"}}},{"from":[11,15,10],"to":[11,16,11],"faces":{"east":{"uv":[5,0,6,1],"texture":"#1"}}},{"from":[12,1,4],"to":[12,14,5],"faces":{"east":{"uv":[11,2,12,15],"texture":"#1"}}},{"from":[12,1,5],"to":[12,15,6],"faces":{"east":{"uv":[10,1,11,15],"texture":"#1"}}},{"from":[12,1,6],"to":[12,4,7],"faces":{"east":{"uv":[9,12,10,15],"texture":"#1"}}},{"from":[12,13,6],"to":[12,16,7],"faces":{"east":{"uv":[9,0,10,3],"texture":"#1"}}},{"from":[12,1,7],"to":[12,3,9],"faces":{"east":{"uv":[7,13,9,15],"texture":"#1"}}},{"from":[12,14,7],"to":[12,16,9],"faces":{"east":{"uv":[7,0,9,2],"texture":"#1"}}},{"from":[12,1,11],"to":[12,14,12],"faces":{"east":{"uv":[4,2,5,15],"texture":"#1"}}},{"from":[12,1,10],"to":[12,15,11],"faces":{"east":{"uv":[5,1,6,15],"texture":"#1"}}},{"from":[12,1,9],"to":[12,4,10],"faces":{"east":{"uv":[6,12,7,15],"texture":"#1"}}},{"from":[12,13,9],"to":[12,16,10],"faces":{"east":{"uv":[6,0,7,3],"texture":"#1"}}},{"from":[13,0,3],"to":[13,1,13],"faces":{"east":{"uv":[3,15,13,16],"texture":"#1"}}},{"from":[3,0,3],"to":[3,1,13],"faces":{"west":{"uv":[3,15,13,16],"texture":"#1"}}},{"from":[4,1,4],"to":[4,14,5],"faces":{"west":{"uv":[4,2,5,15],"texture":"#1"}}},{"from":[4,1,5],"to":[4,15,6],"faces":{"west":{"uv":[5,1,6,15],"texture":"#1"}}},{"from":[4,1,6],"to":[4,4,7],"faces":{"west":{"uv":[6,12,7,15],"texture":"#1"}}},{"from":[4,12,6],"to":[4,16,7],"faces":{"west":{"uv":[6,0,7,4],"texture":"#1"}}},{"from":[4,1,7],"to":[4,3,9],"faces":{"west":{"uv":[7,13,9,15],"texture":"#1"}}},{"from":[4,13,7],"to":[4,16,9],"faces":{"west":{"uv":[7,0,9,3],"texture":"#1"}}},{"from":[4,1,11],"to":[4,14,12],"faces":{"west":{"uv":[11,2,12,15],"texture":"#1"}}},{"from":[4,1,10],"to":[4,15,11],"faces":{"west":{"uv":[10,1,11,15],"texture":"#1"}}},{"from":[4,1,9],"to":[4,4,10],"faces":{"west":{"uv":[9,12,10,15],"texture":"#1"}}},{"from":[4,12,9],"to":[4,16,10],"faces":{"west":{"uv":[9,0,10,4],"texture":"#1"}}},{"from":[5,14,4],"to":[5,15,5],"faces":{"west":{"uv":[4,1,5,2],"texture":"#1"}}},{"from":[5,15,5],"to":[5,16,6],"faces":{"west":{"uv":[5,0,6,1],"texture":"#1"}}},{"from":[5,14,11],"to":[5,15,12],"faces":{"west":{"uv":[11,1,12,2],"texture":"#1"}}},{"from":[5,15,10],"to":[5,16,11],"faces":{"west":{"uv":[10,0,11,1],"texture":"#1"}}},{"from":[6,15,4],"to":[6,16,5],"faces":{"west":{"uv":[4,0,5,1],"texture":"#1"}}},{"from":[6,15,11],"to":[6,16,12],"faces":{"west":{"uv":[11,0,12,1],"texture":"#1"}}},{"from":[9,3,4],"to":[9,4,5],"faces":{"west":{"uv":[4,12,5,13],"texture":"#1"}}},{"from":[9,14,4],"to":[9,15,5],"faces":{"west":{"uv":[4,1,5,2],"texture":"#1"}}},{"from":[9,15,6],"to":[9,16,7],"faces":{"west":{"uv":[6,0,7,1],"texture":"#1"}}},{"from":[9,15,9],"to":[9,16,10],"faces":{"west":{"uv":[9,0,10,1],"texture":"#1"}}},{"from":[9,3,11],"to":[9,4,12],"faces":{"west":{"uv":[11,12,12,13],"texture":"#1"}}},{"from":[9,12,11],"to":[9,13,12],"faces":{"west":{"uv":[11,3,12,4],"texture":"#1"}}},{"from":[10,4,4],"to":[10,14,5],"faces":{"west":{"uv":[4,2,5,12],"texture":"#1"}}},{"from":[10,15,7],"to":[10,16,9],"faces":{"west":{"uv":[7,0,9,1],"texture":"#1"}}},{"from":[10,4,11],"to":[10,12,12],"faces":{"west":{"uv":[11,4,12,12],"texture":"#1"}}},{"from":[3,1,3],"to":[13,1,4],"faces":{"up":{"uv":[3,3,13,4],"texture":"#1"}}},{"from":[3,1,4],"to":[4,1,12],"faces":{"up":{"uv":[3,4,4,12],"texture":"#1"}}},{"from":[12,1,4],"to":[13,1,12],"faces":{"up":{"uv":[12,4,13,12],"texture":"#1"}}},{"from":[3,1,12],"to":[13,1,13],"faces":{"up":{"uv":[3,12,13,13],"texture":"#1"}}},{"from":[7,3,4],"to":[9,3,5],"faces":{"up":{"uv":[7,4,9,5],"texture":"#1"}}},{"from":[4,3,7],"to":[5,3,9],"faces":{"up":{"uv":[4,7,5,9],"texture":"#1"}}},{"from":[11,3,7],"to":[12,3,9],"faces":{"up":{"uv":[11,7,12,9],"texture":"#1"}}},{"from":[7,3,11],"to":[9,3,12],"faces":{"up":{"uv":[7,11,9,12],"texture":"#1"}}},{"from":[6,4,4],"to":[7,4,5],"faces":{"up":{"uv":[6,4,7,5],"texture":"#1"}}},{"from":[9,4,4],"to":[10,4,5],"faces":{"up":{"uv":[9,4,10,5],"texture":"#1"}}},{"from":[4,4,6],"to":[5,4,7],"faces":{"up":{"uv":[4,6,5,7],"texture":"#1"}}},{"from":[11,4,6],"to":[12,4,7],"faces":{"up":{"uv":[11,6,12,7],"texture":"#1"}}},{"from":[4,4,9],"to":[5,4,10],"faces":{"up":{"uv":[4,9,5,10],"texture":"#1"}}},{"from":[11,4,9],"to":[12,4,10],"faces":{"up":{"uv":[11,9,12,10],"texture":"#1"}}},{"from":[6,4,11],"to":[7,4,12],"faces":{"up":{"uv":[6,11,7,12],"texture":"#1"}}},{"from":[9,4,11],"to":[10,4,12],"faces":{"up":{"uv":[9,11,10,12],"texture":"#1"}}},{"from":[4,14,4],"to":[5,14,5],"faces":{"up":{"uv":[4,4,5,5],"texture":"#1"}}},{"from":[11,14,4],"to":[12,14,5],"faces":{"up":{"uv":[11,4,12,5],"texture":"#1"}}},{"from":[4,14,11],"to":[5,14,12],"faces":{"up":{"uv":[4,11,5,12],"texture":"#1"}}},{"from":[11,14,11],"to":[12,14,12],"faces":{"up":{"uv":[11,11,12,12],"texture":"#1"}}},{"from":[5,15,4],"to":[6,15,5],"faces":{"up":{"uv":[5,4,6,5],"texture":"#1"}}},{"from":[10,15,4],"to":[11,15,5],"faces":{"up":{"uv":[10,4,11,5],"texture":"#1"}}},{"from":[4,15,5],"to":[5,15,6],"faces":{"up":{"uv":[4,5,5,6],"texture":"#1"}}},{"from":[11,15,5],"to":[12,15,6],"faces":{"up":{"uv":[11,5,12,6],"texture":"#1"}}},{"from":[10,15,11],"to":[11,15,12],"faces":{"up":{"uv":[10,11,11,12],"texture":"#1"}}},{"from":[4,15,10],"to":[5,15,11],"faces":{"up":{"uv":[4,10,5,11],"texture":"#1"}}},{"from":[11,15,10],"to":[12,15,11],"faces":{"up":{"uv":[11,10,12,11],"texture":"#1"}}},{"from":[5,15,11],"to":[6,15,12],"faces":{"up":{"uv":[5,11,6,12],"texture":"#1"}}},{"from":[4,12,6],"to":[5,12,7],"faces":{"down":{"uv":[4,9,5,10],"texture":"#1"}}},{"from":[4,12,9],"to":[5,12,10],"faces":{"down":{"uv":[4,6,5,7],"texture":"#1"}}},{"from":[6,12,11],"to":[7,12,12],"faces":{"down":{"uv":[6,4,7,5],"texture":"#1"}}},{"from":[9,12,11],"to":[10,12,12],"faces":{"down":{"uv":[9,4,10,5],"texture":"#1"}}},{"from":[11,13,6],"to":[12,13,7],"faces":{"down":{"uv":[11,9,12,10],"texture":"#1"}}},{"from":[4,13,7],"to":[5,13,9],"faces":{"down":{"uv":[4,7,5,9],"texture":"#1"}}},{"from":[7,13,11],"to":[9,13,12],"faces":{"down":{"uv":[7,4,9,5],"texture":"#1"}}},{"from":[11,13,9],"to":[12,13,10],"faces":{"down":{"uv":[11,6,12,7],"texture":"#1"}}},{"from":[6,14,4],"to":[7,14,5],"faces":{"down":{"uv":[6,11,7,12],"texture":"#1"}}},{"from":[9,14,4],"to":[10,14,5],"faces":{"down":{"uv":[9,11,10,12],"texture":"#1"}}},{"from":[11,14,7],"to":[12,14,9],"faces":{"down":{"uv":[11,7,12,9],"texture":"#1"}}},{"from":[7,15,4],"to":[9,15,5],"faces":{"down":{"uv":[7,11,9,12],"texture":"#1"}}},{"from":[4,4,6],"to":[5,12,6],"faces":{"south":{"uv":[4,4,5,12],"texture":"#1"}}},{"from":[11,4,6],"to":[12,13,6],"faces":{"south":{"uv":[11,3,12,12],"texture":"#1"}}},{"from":[7,15,6],"to":[9,16,6],"faces":{"south":{"uv":[7,0,9,1],"texture":"#1"}}},{"from":[4,3,7],"to":[5,4,7],"faces":{"south":{"uv":[4,12,5,13],"texture":"#1"}}},{"from":[11,3,7],"to":[12,4,7],"faces":{"south":{"uv":[11,12,12,13],"texture":"#1"}}},{"from":[4,12,7],"to":[5,13,7],"faces":{"south":{"uv":[4,3,5,4],"texture":"#1"}}},{"from":[11,13,7],"to":[12,14,7],"faces":{"south":{"uv":[11,2,12,3],"texture":"#1"}}},{"from":[6,15,7],"to":[7,16,7],"faces":{"south":{"uv":[6,0,7,1],"texture":"#1"}}},{"from":[9,15,7],"to":[10,16,7],"faces":{"south":{"uv":[9,0,10,1],"texture":"#1"}}},{"from":[4,15,10],"to":[5,16,10],"faces":{"south":{"uv":[4,0,5,1],"texture":"#1"}}},{"from":[11,15,10],"to":[12,16,10],"faces":{"south":{"uv":[11,0,12,1],"texture":"#1"}}},{"from":[10,15,11],"to":[11,16,11],"faces":{"south":{"uv":[10,0,11,1],"texture":"#1"}}},{"from":[5,15,11],"to":[6,16,11],"faces":{"south":{"uv":[5,0,6,1],"texture":"#1"}}},{"from":[11,14,11],"to":[12,15,11],"faces":{"south":{"uv":[11,1,12,2],"texture":"#1"}}},{"from":[4,14,11],"to":[5,15,11],"faces":{"south":{"uv":[4,1,5,2],"texture":"#1"}}},{"from":[4,1,12],"to":[12,3,12],"faces":{"south":{"uv":[4,13,12,15],"texture":"#1"}}},{"from":[6,15,12],"to":[10,16,12],"faces":{"south":{"uv":[6,0,10,1],"texture":"#1"}}},{"from":[4,3,12],"to":[7,4,12],"faces":{"south":{"uv":[4,12,7,13],"texture":"#1"}}},{"from":[9,3,12],"to":[12,4,12],"faces":{"south":{"uv":[9,12,12,13],"texture":"#1"}}},{"from":[4,4,12],"to":[6,12,12],"faces":{"south":{"uv":[4,4,6,12],"texture":"#1"}}},{"from":[10,4,12],"to":[12,12,12],"faces":{"south":{"uv":[10,4,12,12],"texture":"#1"}}},{"from":[5,14,12],"to":[11,15,12],"faces":{"south":{"uv":[5,1,11,2],"texture":"#1"}}},{"from":[9,12,12],"to":[12,13,12],"faces":{"south":{"uv":[9,3,12,4],"texture":"#1"}}},{"from":[4,13,12],"to":[12,14,12],"faces":{"south":{"uv":[4,2,12,3],"texture":"#1"}}},{"from":[4,12,12],"to":[7,13,12],"faces":{"south":{"uv":[4,3,7,4],"texture":"#1"}}},{"from":[3,0,13],"to":[13,1,13],"faces":{"south":{"uv":[3,15,13,16],"texture":"#1"}}},{"from":[3,0,3],"to":[13,1,3],"faces":{"north":{"uv":[3,15,13,16],"texture":"#1"}}},{"from":[4,1,4],"to":[12,3,4],"faces":{"north":{"uv":[4,13,12,15],"texture":"#1"}}},{"from":[6,15,4],"to":[10,16,4],"faces":{"north":{"uv":[6,0,10,1],"texture":"#1"}}},{"from":[4,3,4],"to":[7,4,4],"faces":{"north":{"uv":[9,12,12,13],"texture":"#1"}}},{"from":[9,3,4],"to":[12,4,4],"faces":{"north":{"uv":[4,12,7,13],"texture":"#1"}}},{"from":[4,4,4],"to":[6,14,4],"faces":{"north":{"uv":[10,2,12,12],"texture":"#1"}}},{"from":[10,4,4],"to":[12,14,4],"faces":{"north":{"uv":[4,2,6,12],"texture":"#1"}}},{"from":[9,14,4],"to":[11,15,4],"faces":{"north":{"uv":[5,1,7,2],"texture":"#1"}}},{"from":[5,14,4],"to":[7,15,4],"faces":{"north":{"uv":[9,1,11,2],"texture":"#1"}}},{"from":[10,15,5],"to":[11,16,5],"faces":{"north":{"uv":[5,0,6,1],"texture":"#1"}}},{"from":[5,15,5],"to":[6,16,5],"faces":{"north":{"uv":[10,0,11,1],"texture":"#1"}}},{"from":[11,14,5],"to":[12,15,5],"faces":{"north":{"uv":[4,1,5,2],"texture":"#1"}}},{"from":[4,14,5],"to":[5,15,5],"faces":{"north":{"uv":[11,1,12,2],"texture":"#1"}}},{"from":[4,15,6],"to":[5,16,6],"faces":{"north":{"uv":[11,0,12,1],"texture":"#1"}}},{"from":[11,15,6],"to":[12,16,6],"faces":{"north":{"uv":[4,0,5,1],"texture":"#1"}}},{"from":[4,3,9],"to":[5,4,9],"faces":{"north":{"uv":[11,12,12,13],"texture":"#1"}}},{"from":[11,3,9],"to":[12,4,9],"faces":{"north":{"uv":[4,12,5,13],"texture":"#1"}}},{"from":[4,12,9],"to":[5,13,9],"faces":{"north":{"uv":[11,3,12,4],"texture":"#1"}}},{"from":[11,13,9],"to":[12,14,9],"faces":{"north":{"uv":[4,2,5,3],"texture":"#1"}}},{"from":[6,15,9],"to":[7,16,9],"faces":{"north":{"uv":[9,0,10,1],"texture":"#1"}}},{"from":[9,15,9],"to":[10,16,9],"faces":{"north":{"uv":[6,0,7,1],"texture":"#1"}}},{"from":[4,4,10],"to":[5,12,10],"faces":{"north":{"uv":[11,4,12,12],"texture":"#1"}}},{"from":[11,4,10],"to":[12,13,10],"faces":{"north":{"uv":[4,3,5,12],"texture":"#1"}}},{"from":[7,15,10],"to":[9,16,10],"faces":{"north":{"uv":[7,0,9,1],"texture":"#1"}}}],"display":{"head":{"translation":[0,-32,0],"scale":[2.2,2.5,2.2]}}}