{"textures":{"0":"block/iron_block","1":"block/orange_terracotta"},"elements":[{"from":[7,1,7],"to":[9,2,9],"rotation":{"angle":45,"axis":"x","origin":[8,8,8]},"faces":{"north":{"uv":[0,0,2,1],"texture":"#0"},"east":{"uv":[0,0,2,1],"texture":"#0"},"south":{"uv":[0,0,2,1],"texture":"#0"},"west":{"uv":[0,0,2,1],"texture":"#0"},"up":{"uv":[1,1,3,3],"texture":"#0"},"down":{"uv":[1,1,3,3],"texture":"#0"}}},{"from":[7.5,0,7.5],"to":[8.5,1,8.5],"rotation":{"angle":45,"axis":"x","origin":[8,8,8]},"faces":{"north":{"uv":[0,0,1,1],"texture":"#0"},"east":{"uv":[0,0,1,1],"texture":"#0"},"south":{"uv":[0,0,1,1],"texture":"#0"},"west":{"uv":[0,0,1,1],"texture":"#0"},"up":{"uv":[0,0,1,1],"texture":"#0"},"down":{"uv":[0,0,1,1],"texture":"#0"}}},{"from":[6.5,2,6.5],"to":[9.5,3,9.5],"rotation":{"angle":45,"axis":"x","origin":[8,8,8]},"faces":{"north":{"uv":[0,0,3,1],"texture":"#0"},"east":{"uv":[0,0,3,1],"texture":"#0"},"south":{"uv":[0,0,3,1],"texture":"#0"},"west":{"uv":[0,0,3,1],"texture":"#0"},"up":{"uv":[1,1,4,4],"texture":"#0"},"down":{"uv":[1,1,4,4],"texture":"#0"}}},{"from":[6,3,6],"to":[10,4,10],"rotation":{"angle":45,"axis":"x","origin":[8,8,8]},"faces":{"north":{"uv":[0,0,4,1],"texture":"#0"},"east":{"uv":[0,0,4,1],"texture":"#0"},"south":{"uv":[0,0,4,1],"texture":"#0"},"west":{"uv":[0,0,4,1],"texture":"#0"},"up":{"uv":[1,1,5,5],"texture":"#0"},"down":{"uv":[1,1,5,5],"texture":"#0"}}},{"from":[5.5,4,5.5],"to":[10.5,5,10.5],"rotation":{"angle":45,"axis":"x","origin":[8,8,8]},"faces":{"north":{"uv":[0,0,5,1],"texture":"#0"},"east":{"uv":[0,0,5,1],"texture":"#0"},"south":{"uv":[0,0,5,1],"texture":"#0"},"west":{"uv":[0,0,5,1],"texture":"#0"},"up":{"uv":[1,1,6,6],"texture":"#0"},"down":{"uv":[1,1,6,6],"texture":"#0"}}},{"from":[5,5,5],"to":[11,7,11],"rotation":{"angle":45,"axis":"x","origin":[8,8,8]},"faces":{"north":{"uv":[0,0,6,1],"texture":"#0"},"east":{"uv":[0,0,6,1],"texture":"#0"},"south":{"uv":[0,0,6,1],"texture":"#0"},"west":{"uv":[0,0,6,1],"texture":"#0"},"up":{"uv":[1,1,7,7],"texture":"#0"},"down":{"uv":[1,1,7,7],"texture":"#0"}}},{"from":[7,7,9],"to":[9,10,10],"rotation":{"angle":45,"axis":"x","origin":[8,8,8]},"faces":{"north":{"uv":[0,0,2,3],"texture":"#1"},"east":{"uv":[0,0,1,3],"texture":"#1"},"south":{"uv":[0,0,2,3],"texture":"#1"},"west":{"uv":[0,0,1,3],"texture":"#1"},"up":{"uv":[0,0,2,1],"texture":"#1"},"down":{"uv":[0,0,2,1],"texture":"#1"}}},{"from":[7,7,6],"to":[9,10,7],"rotation":{"angle":45,"axis":"x","origin":[8,8,8]},"faces":{"north":{"uv":[0,0,2,3],"texture":"#1"},"east":{"uv":[0,0,1,3],"texture":"#1"},"south":{"uv":[0,0,2,3],"texture":"#1"},"west":{"uv":[0,0,1,3],"texture":"#1"},"up":{"uv":[0,0,2,1],"texture":"#1"},"down":{"uv":[0,0,2,1],"texture":"#1"}}},{"from":[7,10,6.5],"to":[9,11,9.5],"rotation":{"angle":45,"axis":"x","origin":[8,8,8]},"faces":{"north":{"uv":[0,0,2,1],"texture":"#1"},"east":{"uv":[0,0,3,1],"texture":"#1"},"south":{"uv":[0,0,2,1],"texture":"#1"},"west":{"uv":[0,0,3,1],"texture":"#1"},"up":{"uv":[0,0,2,3],"texture":"#1"},"down":{"uv":[0,0,2,3],"texture":"#1"}}}],"display":{"thirdperson_righthand":{"rotation":[40,0,0],"translation":[0,-1,-1.5]},"gui":{"rotation":[-20,100,0],"translation":[2,1,1],"scale":[1.2,1.2,1.2]},"fixed":{"rotation":[-20,280,0],"translation":[-2,2,-1],"scale":[1.2,1.2,1.2]},"ground":{"scale":[0,0,0]},"head":{"scale":[2.5,2.5,2.5],"translation":[0,-19,0],"rotation":[-45,0,0]}}}