{"textures":{"0":"block/red_concrete","1":"block/white_concrete_powder","2":"block/coal_block","3":"block/quartz_block_top","particle":"block/red_concrete"},"elements":[{"from":[5.6,3,8.8],"to":[6.6,13,10.8],"faces":{"north":{"uv":[8,0,6,10],"texture":"#0"},"east":{"uv":[0,0,2,10],"texture":"#0"},"south":{"uv":[2,0,3,10],"texture":"#0"},"west":{"uv":[4,0,6,10],"texture":"#0"},"up":{"uv":[0,0,2,1],"texture":"#0","rotation":90},"down":{"uv":[0,2,2,3],"texture":"#0","rotation":270}}},{"from":[3.8,3,8],"to":[5.8,13,9],"faces":{"north":{"uv":[8,0,6,10],"texture":"#0"},"east":{"uv":[0,0,1,10],"texture":"#0"},"south":{"uv":[2,0,4,10],"texture":"#0"},"west":{"uv":[4,0,5,10],"texture":"#0"},"up":{"uv":[0,0,1,2],"texture":"#0","rotation":90},"down":{"uv":[0,2,1,4],"texture":"#0","rotation":270}}},{"from":[3.8,3,10.6],"to":[5.8,13,11.6],"faces":{"north":{"uv":[8,0,6,10],"texture":"#0"},"east":{"uv":[0,0,1,10],"texture":"#0"},"south":{"uv":[2,0,4,10],"texture":"#0"},"west":{"uv":[4,0,5,10],"texture":"#0"},"up":{"uv":[0,0,1,2],"texture":"#0","rotation":90},"down":{"uv":[0,2,1,4],"texture":"#0","rotation":270}}},{"from":[3,3,8.8],"to":[4,13,10.8],"faces":{"north":{"uv":[8,0,6,10],"texture":"#0"},"east":{"uv":[0,0,2,10],"texture":"#0"},"south":{"uv":[2,0,3,10],"texture":"#0"},"west":{"uv":[4,0,6,10],"texture":"#0"},"up":{"uv":[0,0,2,1],"texture":"#0","rotation":90},"down":{"uv":[0,2,2,3],"texture":"#0","rotation":270}}},{"from":[3.8,3.5,8.8],"to":[5.8,12.5,10.8],"faces":{"north":{"uv":[0,0,2,9],"texture":"#0"},"east":{"uv":[0,0,2,9],"texture":"#0"},"south":{"uv":[0,0,2,9],"texture":"#0"},"west":{"uv":[0,0,2,9],"texture":"#0"},"up":{"uv":[6,8,10,12],"texture":"#1","rotation":90},"down":{"uv":[4,5,8,9],"texture":"#1","rotation":270}}},{"from":[4.5,12.5,9.5],"to":[5.5,14.5,10.5],"faces":{"north":{"uv":[0,0,1,2],"texture":"#2"},"east":{"uv":[0,0,1,2],"texture":"#2"},"south":{"uv":[0,0,1,2],"texture":"#2"},"west":{"uv":[0,0,1,2],"texture":"#2"},"up":{"uv":[0,0,1,1],"texture":"#2","rotation":90},"down":{"uv":[0,0,1,1],"texture":"#2","rotation":270}}},{"from":[4.8,14.3,10.3],"to":[5.8,15.3,11.3],"faces":{"north":{"uv":[0,0,1,1],"texture":"#2"},"east":{"uv":[0,0,1,1],"texture":"#2"},"south":{"uv":[0,0,1,1],"texture":"#2"},"west":{"uv":[0,0,1,1],"texture":"#2"},"up":{"uv":[0,0,1,1],"texture":"#2","rotation":90},"down":{"uv":[0,0,1,1],"texture":"#2","rotation":270}}},{"from":[5.4,15,11],"to":[6.4,16,13],"faces":{"north":{"uv":[0,0,1,1],"texture":"#2"},"east":{"uv":[0,0,2,1],"texture":"#2"},"south":{"uv":[0,0,1,1],"texture":"#2"},"west":{"uv":[0,0,2,1],"texture":"#2"},"up":{"uv":[0,0,2,1],"texture":"#2","rotation":90},"down":{"uv":[0,0,2,1],"texture":"#2","rotation":270}}},{"from":[5.8001,14.3,12.8],"to":[6.8001,15.3,13.8],"faces":{"north":{"uv":[0,0,1,1],"texture":"#2"},"east":{"uv":[0,0,1,1],"texture":"#2"},"south":{"uv":[0,0,1,1],"texture":"#2"},"west":{"uv":[0,0,1,1],"texture":"#2"},"up":{"uv":[0,0,1,1],"texture":"#2","rotation":90},"down":{"uv":[0,0,1,1],"texture":"#2","rotation":270}}},{"from":[5.7,7.5,8.7],"to":[6.8,9.5,10.9],"faces":{"north":{"uv":[9,9,10.1,11],"texture":"#3"},"east":{"uv":[9,5,11.2,7],"texture":"#3"},"south":{"uv":[2,4,3.1,6],"texture":"#3"},"west":{"uv":[3,11,5.2,13],"texture":"#3"},"up":{"uv":[8,6,10.2,7.1],"texture":"#3","rotation":90},"down":{"uv":[3,11,5.2,12.1],"texture":"#3","rotation":270}}},{"from":[2.7,7.5,8.7],"to":[3.8,9.5,10.9],"faces":{"north":{"uv":[9,9,10.1,11],"texture":"#3"},"east":{"uv":[9,5,11.2,7],"texture":"#3"},"south":{"uv":[2,4,3.1,6],"texture":"#3"},"west":{"uv":[3,11,5.2,13],"texture":"#3"},"up":{"uv":[8,6,10.2,7.1],"texture":"#3","rotation":90},"down":{"uv":[3,11,5.2,12.1],"texture":"#3","rotation":270}}},{"from":[3.7,7.5,7.8],"to":[5.9,9.5,8.9],"faces":{"north":{"uv":[9,9,11.2,11],"texture":"#3"},"east":{"uv":[9,5,10.1,7],"texture":"#3"},"south":{"uv":[2,4,4.2,6],"texture":"#3"},"west":{"uv":[3,11,4.1,13],"texture":"#3"},"up":{"uv":[8,6,10.2,7.1],"texture":"#3","rotation":90},"down":{"uv":[3,11,4.1,13.2],"texture":"#3","rotation":270}}},{"from":[3.7,7.5,10.8],"to":[5.9,9.5,11.9],"faces":{"north":{"uv":[9,9,11.2,11],"texture":"#3"},"east":{"uv":[9,5,10.1,7],"texture":"#3"},"south":{"uv":[2,4,4.2,6],"texture":"#3"},"west":{"uv":[3,11,4.1,13],"texture":"#3"},"up":{"uv":[8,6,10.2,7.1],"texture":"#3","rotation":90},"down":{"uv":[3,11,4.1,13.2],"texture":"#3","rotation":270}}},{"from":[3.8,2,4.4],"to":[5.8,12,5.4],"faces":{"north":{"uv":[0,0,2,10],"texture":"#0"},"east":{"uv":[2,0,3,10],"texture":"#0"},"south":{"uv":[4,0,6,10],"texture":"#0"},"west":{"uv":[8,0,6,10],"texture":"#0"},"up":{"uv":[0,0,2,1],"texture":"#0"},"down":{"uv":[0,2,2,3],"texture":"#0"}}},{"from":[3,2,5.2],"to":[4,12,7.2],"faces":{"north":{"uv":[0,0,1,10],"texture":"#0"},"east":{"uv":[2,0,4,10],"texture":"#0"},"south":{"uv":[4,0,5,10],"texture":"#0"},"west":{"uv":[8,0,6,10],"texture":"#0"},"up":{"uv":[0,0,1,2],"texture":"#0"},"down":{"uv":[0,2,1,4],"texture":"#0"}}},{"from":[5.6,2,5.2],"to":[6.6,12,7.2],"faces":{"north":{"uv":[0,0,1,10],"texture":"#0"},"east":{"uv":[2,0,4,10],"texture":"#0"},"south":{"uv":[4,0,5,10],"texture":"#0"},"west":{"uv":[8,0,6,10],"texture":"#0"},"up":{"uv":[0,0,1,2],"texture":"#0"},"down":{"uv":[0,2,1,4],"texture":"#0"}}},{"from":[3.8,2,7],"to":[5.8,12,8],"faces":{"north":{"uv":[0,0,2,10],"texture":"#0"},"east":{"uv":[2,0,3,10],"texture":"#0"},"south":{"uv":[4,0,6,10],"texture":"#0"},"west":{"uv":[8,0,6,10],"texture":"#0"},"up":{"uv":[0,0,2,1],"texture":"#0"},"down":{"uv":[0,2,2,3],"texture":"#0"}}},{"from":[3.8,2.5,5.2],"to":[5.8,11.5,7.2],"faces":{"north":{"uv":[0,0,2,9],"texture":"#0"},"east":{"uv":[0,0,2,9],"texture":"#0"},"south":{"uv":[0,0,2,9],"texture":"#0"},"west":{"uv":[0,0,2,9],"texture":"#0"},"up":{"uv":[6,8,10,12],"texture":"#1"},"down":{"uv":[4,5,8,9],"texture":"#1"}}},{"from":[4.5,11.5,5.5],"to":[5.5,13.5,6.5],"faces":{"north":{"uv":[0,0,1,2],"texture":"#2"},"east":{"uv":[0,0,1,2],"texture":"#2"},"south":{"uv":[0,0,1,2],"texture":"#2"},"west":{"uv":[0,0,1,2],"texture":"#2"},"up":{"uv":[0,0,1,1],"texture":"#2"},"down":{"uv":[0,0,1,1],"texture":"#2"}}},{"from":[3.5,13,5],"to":[4.5,14,6],"faces":{"north":{"uv":[0,0,1,1],"texture":"#2"},"east":{"uv":[0,0,1,1],"texture":"#2"},"south":{"uv":[0,0,1,1],"texture":"#2"},"west":{"uv":[0,0,1,1],"texture":"#2"},"up":{"uv":[0,0,1,1],"texture":"#2"},"down":{"uv":[0,0,1,1],"texture":"#2"}}},{"from":[2,14,4.5],"to":[4,15,5.5],"faces":{"north":{"uv":[0,0,2,1],"texture":"#2"},"east":{"uv":[0,0,1,1],"texture":"#2"},"south":{"uv":[0,0,2,1],"texture":"#2"},"west":{"uv":[0,0,1,1],"texture":"#2"},"up":{"uv":[0,0,2,1],"texture":"#2"},"down":{"uv":[0,0,2,1],"texture":"#2"}}},{"from":[1,13.5,4],"to":[2,14.5,5],"faces":{"north":{"uv":[0,0,1,1],"texture":"#2"},"east":{"uv":[0,0,1,1],"texture":"#2"},"south":{"uv":[0,0,1,1],"texture":"#2"},"west":{"uv":[0,0,1,1],"texture":"#2"},"up":{"uv":[0,0,1,1],"texture":"#2"},"down":{"uv":[0,0,1,1],"texture":"#2"}}},{"from":[3.7,6.5,4.2],"to":[5.9,8.5,5.3],"faces":{"north":{"uv":[9,5,11.2,7],"texture":"#3"},"east":{"uv":[2,4,3.1,6],"texture":"#3"},"south":{"uv":[3,11,5.2,13],"texture":"#3"},"west":{"uv":[9,9,10.1,11],"texture":"#3"},"up":{"uv":[8,6,10.2,7.1],"texture":"#3"},"down":{"uv":[3,11,5.2,12.1],"texture":"#3"}}},{"from":[3.7,6.5,7.2],"to":[5.9,8.5,8.3],"faces":{"north":{"uv":[9,5,11.2,7],"texture":"#3"},"east":{"uv":[2,4,3.1,6],"texture":"#3"},"south":{"uv":[3,11,5.2,13],"texture":"#3"},"west":{"uv":[9,9,10.1,11],"texture":"#3"},"up":{"uv":[8,6,10.2,7.1],"texture":"#3"},"down":{"uv":[3,11,5.2,12.1],"texture":"#3"}}},{"from":[2.8,6.5,5.1],"to":[3.9,8.5,7.3],"faces":{"north":{"uv":[9,5,10.1,7],"texture":"#3"},"east":{"uv":[2,4,4.2,6],"texture":"#3"},"south":{"uv":[3,11,4.1,13],"texture":"#3"},"west":{"uv":[9,9,11.2,11],"texture":"#3"},"up":{"uv":[8,6,10.2,7.1],"texture":"#3"},"down":{"uv":[3,11,4.1,13.2],"texture":"#3"}}},{"from":[5.8,6.5,5.1],"to":[6.9,8.5,7.3],"faces":{"north":{"uv":[9,5,10.1,7],"texture":"#3"},"east":{"uv":[2,4,4.2,6],"texture":"#3"},"south":{"uv":[3,11,4.1,13],"texture":"#3"},"west":{"uv":[9,9,11.2,11],"texture":"#3"},"up":{"uv":[8,6,10.2,7.1],"texture":"#3"},"down":{"uv":[3,11,4.1,13.2],"texture":"#3"}}},{"from":[7,2,6.2],"to":[9,12,7.2],"faces":{"north":{"uv":[0,0,2,10],"texture":"#0"},"east":{"uv":[2,0,3,10],"texture":"#0"},"south":{"uv":[4,0,6,10],"texture":"#0"},"west":{"uv":[8,0,6,10],"texture":"#0"},"up":{"uv":[0,0,2,1],"texture":"#0"},"down":{"uv":[0,2,2,3],"texture":"#0"}}},{"from":[6.2,2,7],"to":[7.2,12,9],"faces":{"north":{"uv":[0,0,1,10],"texture":"#0"},"east":{"uv":[2,0,4,10],"texture":"#0"},"south":{"uv":[4,0,5,10],"texture":"#0"},"west":{"uv":[8,0,6,10],"texture":"#0"},"up":{"uv":[0,0,1,2],"texture":"#0"},"down":{"uv":[0,2,1,4],"texture":"#0"}}},{"from":[8.8,2,7],"to":[9.8,12,9],"faces":{"north":{"uv":[0,0,1,10],"texture":"#0"},"east":{"uv":[2,0,4,10],"texture":"#0"},"south":{"uv":[4,0,5,10],"texture":"#0"},"west":{"uv":[8,0,6,10],"texture":"#0"},"up":{"uv":[0,0,1,2],"texture":"#0"},"down":{"uv":[0,2,1,4],"texture":"#0"}}},{"from":[7,2,8.8],"to":[9,12,9.8],"faces":{"north":{"uv":[0,0,2,10],"texture":"#0"},"east":{"uv":[2,0,3,10],"texture":"#0"},"south":{"uv":[4,0,6,10],"texture":"#0"},"west":{"uv":[8,0,6,10],"texture":"#0"},"up":{"uv":[0,0,2,1],"texture":"#0"},"down":{"uv":[0,2,2,3],"texture":"#0"}}},{"from":[7,2.5,7],"to":[9,11.5,9],"faces":{"north":{"uv":[0,0,2,9],"texture":"#0"},"east":{"uv":[0,0,2,9],"texture":"#0"},"south":{"uv":[0,0,2,9],"texture":"#0"},"west":{"uv":[0,0,2,9],"texture":"#0"},"up":{"uv":[6,8,10,12],"texture":"#1"},"down":{"uv":[4,5,8,9],"texture":"#1"}}},{"from":[7.7,11.5,7.3],"to":[8.7,13.5,8.3],"faces":{"north":{"uv":[0,0,1,2],"texture":"#2"},"east":{"uv":[0,0,1,2],"texture":"#2"},"south":{"uv":[0,0,1,2],"texture":"#2"},"west":{"uv":[0,0,1,2],"texture":"#2"},"up":{"uv":[0,0,1,1],"texture":"#2"},"down":{"uv":[0,0,1,1],"texture":"#2"}}},{"from":[8.5,13.3,7],"to":[9.5,14.3,8],"faces":{"north":{"uv":[0,0,1,1],"texture":"#2"},"east":{"uv":[0,0,1,1],"texture":"#2"},"south":{"uv":[0,0,1,1],"texture":"#2"},"west":{"uv":[0,0,1,1],"texture":"#2"},"up":{"uv":[0,0,1,1],"texture":"#2"},"down":{"uv":[0,0,1,1],"texture":"#2"}}},{"from":[9.2,14,6.4],"to":[11.2,15,7.4],"faces":{"north":{"uv":[0,0,2,1],"texture":"#2"},"east":{"uv":[0,0,1,1],"texture":"#2"},"south":{"uv":[0,0,2,1],"texture":"#2"},"west":{"uv":[0,0,1,1],"texture":"#2"},"up":{"uv":[0,0,2,1],"texture":"#2"},"down":{"uv":[0,0,2,1],"texture":"#2"}}},{"from":[11,13.3,6],"to":[12,14.3,7],"faces":{"north":{"uv":[0,0,1,1],"texture":"#2"},"east":{"uv":[0,0,1,1],"texture":"#2"},"south":{"uv":[0,0,1,1],"texture":"#2"},"west":{"uv":[0,0,1,1],"texture":"#2"},"up":{"uv":[0,0,1,1],"texture":"#2"},"down":{"uv":[0,0,1,1],"texture":"#2"}}},{"from":[6.9,6.5,6],"to":[9.1,8.5,7.1],"faces":{"north":{"uv":[9,5,11.2,7],"texture":"#3"},"east":{"uv":[2,4,3.1,6],"texture":"#3"},"south":{"uv":[3,11,5.2,13],"texture":"#3"},"west":{"uv":[9,9,10.1,11],"texture":"#3"},"up":{"uv":[8,6,10.2,7.1],"texture":"#3"},"down":{"uv":[3,11,5.2,12.1],"texture":"#3"}}},{"from":[6.9,6.5,9],"to":[9.1,8.5,10.1],"faces":{"north":{"uv":[9,5,11.2,7],"texture":"#3"},"east":{"uv":[2,4,3.1,6],"texture":"#3"},"south":{"uv":[3,11,5.2,13],"texture":"#3"},"west":{"uv":[9,9,10.1,11],"texture":"#3"},"up":{"uv":[8,6,10.2,7.1],"texture":"#3"},"down":{"uv":[3,11,5.2,12.1],"texture":"#3"}}},{"from":[6,6.5,6.9],"to":[7.1,8.5,9.1],"faces":{"north":{"uv":[9,5,10.1,7],"texture":"#3"},"east":{"uv":[2,4,4.2,6],"texture":"#3"},"south":{"uv":[3,11,4.1,13],"texture":"#3"},"west":{"uv":[9,9,11.2,11],"texture":"#3"},"up":{"uv":[8,6,10.2,7.1],"texture":"#3"},"down":{"uv":[3,11,4.1,13.2],"texture":"#3"}}},{"from":[9,6.5,6.9],"to":[10.1,8.5,9.1],"faces":{"north":{"uv":[9,5,10.1,7],"texture":"#3"},"east":{"uv":[2,4,4.2,6],"texture":"#3"},"south":{"uv":[3,11,4.1,13],"texture":"#3"},"west":{"uv":[9,9,11.2,11],"texture":"#3"},"up":{"uv":[8,6,10.2,7.1],"texture":"#3"},"down":{"uv":[3,11,4.1,13.2],"texture":"#3"}}}],"display":{"thirdperson_righthand":{"scale":[0.7,0.8,0.7]},"firstperson_righthand":{"scale":[0.8,1,0.8]},"gui":{"rotation":[0,20,-35],"translation":[1,-1.5,0],"scale":[0.8,1.1,0.8]},"ground":{"scale":[0,0,0]},"fixed":{"rotation":[0,180,-35],"scale":[0.9,1.2,0.9]}}}