{"textures":{"0":"block/slime_block","1":"block/black_wool"},"elements":[{"from":[4,4,4],"to":[12,12,12],"faces":{"north":{"uv":[0,0,16,16],"texture":"#0"},"east":{"uv":[0,0,16,16],"texture":"#0"},"south":{"uv":[0,0,16,16],"texture":"#0"},"west":{"uv":[0,0,16,16],"texture":"#0"},"up":{"uv":[0,0,16,16],"texture":"#0"},"down":{"uv":[0,0,16,16],"texture":"#0"}}},{"from":[5,9,12],"to":[7,11,12.5],"faces":{"north":{"uv":[0,0,2,2],"texture":"#1"},"east":{"uv":[0,0,0.5,2],"texture":"#1"},"south":{"uv":[0,0,2,2],"texture":"#1"},"west":{"uv":[0,0,0.5,2],"texture":"#1"},"up":{"uv":[0,0,2,0.5],"texture":"#1"},"down":{"uv":[0,0,2,0.5],"texture":"#1"}}},{"from":[9,9,12],"to":[11,11,12.5],"faces":{"north":{"uv":[0,0,2,2],"texture":"#1"},"east":{"uv":[0,0,0.5,2],"texture":"#1"},"south":{"uv":[0,0,2,2],"texture":"#1"},"west":{"uv":[0,0,0.5,2],"texture":"#1"},"up":{"uv":[0,0,2,0.5],"texture":"#1"},"down":{"uv":[0,0,2,0.5],"texture":"#1"}}},{"from":[7,6,12],"to":[8,7,12.5],"faces":{"north":{"uv":[0,0,1,1],"texture":"#1"},"east":{"uv":[0,0,0.5,1],"texture":"#1"},"south":{"uv":[0,0,1,1],"texture":"#1"},"west":{"uv":[0,0,0.5,1],"texture":"#1"},"up":{"uv":[0,0,1,0.5],"texture":"#1"},"down":{"uv":[0,0,1,0.5],"texture":"#1"}}}],"display":{"firstperson_righthand":{"rotation":[0,-35,0],"translation":[0,0,0]},"thirdperson_righthand":{"rotation":[0,-70,0],"translation":[0,0,-3],"scale":[0.8,0.8,0.8]},"gui":{"rotation":[10,-25,0],"translation":[0.5,0,0]},"fixed":{"rotation":[0,180,0],"translation":[0,0,0],"scale":[1.1,1.1,1.1]},"ground":{"scale":[0,0,0]}}}