{"textures":{"1":"item/beetroot_stem","0":"item/beetroot","particle":"item/beetroot"},"elements":[{"from":[4,4,6],"to":[13,10,11],"faces":{"north":{"uv":[3,6,12,12],"texture":"#0"},"east":{"uv":[5,6,10,12],"texture":"#0"},"south":{"uv":[4,6,13,12],"texture":"#0"},"west":{"uv":[6,6,11,12],"texture":"#0"},"up":{"uv":[4,6,13,11],"texture":"#0"},"down":{"uv":[4,5,13,10],"texture":"#0"}}},{"from":[4,6,5],"to":[13,8,6],"faces":{"north":{"uv":[3,8,12,10],"texture":"#0"},"east":{"uv":[10,8,11,10],"texture":"#0"},"west":{"uv":[5,8,6,10],"texture":"#0"},"up":{"uv":[4,5,13,6],"texture":"#0"},"down":{"uv":[4,10,13,11],"texture":"#0"}}},{"from":[4,6,11],"to":[13,8,12],"faces":{"east":{"uv":[4,8,5,10],"texture":"#0"},"south":{"uv":[4,8,13,10],"texture":"#0"},"west":{"uv":[11,8,12,10],"texture":"#0"},"up":{"uv":[4,11,13,12],"texture":"#0"},"down":{"uv":[4,4,13,5],"texture":"#0"}}},{"from":[5,3,6],"to":[12,4,11],"faces":{"north":{"uv":[4,12,11,13],"texture":"#0"},"east":{"uv":[5,12,10,13],"texture":"#0"},"south":{"uv":[5,12,12,13],"texture":"#0"},"west":{"uv":[6,12,11,13],"texture":"#0"},"down":{"uv":[5,5,12,10],"texture":"#0"}}},{"from":[5,4,5],"to":[12,6,6],"faces":{"north":{"uv":[4,10,11,12],"texture":"#0"},"east":{"uv":[10,10,11,12],"texture":"#0"},"west":{"uv":[5,10,6,12],"texture":"#0"},"down":{"uv":[5,10,12,11],"texture":"#0"}}},{"from":[5,4,11],"to":[12,6,12],"faces":{"east":{"uv":[4,10,5,12],"texture":"#0"},"south":{"uv":[5,10,12,12],"texture":"#0"},"west":{"uv":[11,10,12,12],"texture":"#0"},"down":{"uv":[5,4,12,5],"texture":"#0"}}},{"from":[5,6,4],"to":[12,8,5],"faces":{"north":{"uv":[4,8,11,10],"texture":"#0"},"east":{"uv":[11,8,12,10],"texture":"#0"},"west":{"uv":[4,8,5,10],"texture":"#0"},"up":{"uv":[5,4,12,5],"texture":"#0"},"down":{"uv":[5,11,12,12],"texture":"#0"}}},{"from":[5,6,12],"to":[12,8,13],"faces":{"east":{"uv":[3,8,4,10],"texture":"#0"},"south":{"uv":[5,8,12,10],"texture":"#0"},"west":{"uv":[12,8,13,10],"texture":"#0"},"up":{"uv":[5,12,12,13],"texture":"#0"},"down":{"uv":[5,3,12,4],"texture":"#0"}}},{"from":[5,8,5],"to":[12,10,6],"faces":{"north":{"uv":[4,6,11,8],"texture":"#0"},"east":{"uv":[10,6,11,8],"texture":"#0"},"west":{"uv":[5,6,6,8],"texture":"#0"},"up":{"uv":[5,5,12,6],"texture":"#0"}}},{"from":[5,8,11],"to":[12,10,12],"faces":{"east":{"uv":[4,6,5,8],"texture":"#0"},"south":{"uv":[5,6,12,8],"texture":"#0"},"west":{"uv":[11,6,12,8],"texture":"#0"},"up":{"uv":[5,11,12,12],"texture":"#0"}}},{"from":[5,10,6],"to":[12,11,11],"faces":{"north":{"uv":[4,5,11,6],"texture":"#0"},"east":{"uv":[5,5,10,6],"texture":"#0"},"south":{"uv":[5,5,12,6],"texture":"#0"},"west":{"uv":[6,5,11,6],"texture":"#0"},"up":{"uv":[5,6,12,11],"texture":"#0"}}},{"from":[6,2,7],"to":[11,3,10],"faces":{"north":{"uv":[5,13,10,14],"texture":"#0"},"east":{"uv":[6,13,9,14],"texture":"#0"},"south":{"uv":[6,13,11,14],"texture":"#0"},"west":{"uv":[7,13,10,14],"texture":"#0"},"down":{"uv":[6,6,11,9],"texture":"#0"}}},{"from":[6,3,5],"to":[11,4,6],"faces":{"north":{"uv":[5,12,10,13],"texture":"#0"},"east":{"uv":[10,12,11,13],"texture":"#0"},"west":{"uv":[5,12,6,13],"texture":"#0"},"down":{"uv":[6,10,11,11],"texture":"#0"}}},{"from":[6,3,11],"to":[11,4,12],"faces":{"east":{"uv":[4,12,5,13],"texture":"#0"},"south":{"uv":[6,12,11,13],"texture":"#0"},"west":{"uv":[11,12,12,13],"texture":"#0"},"down":{"uv":[6,4,11,5],"texture":"#0"}}},{"from":[6,4,4],"to":[11,6,5],"faces":{"north":{"uv":[5,10,10,12],"texture":"#0"},"east":{"uv":[11,10,12,12],"texture":"#0"},"west":{"uv":[4,10,5,12],"texture":"#0"},"down":{"uv":[6,11,11,12],"texture":"#0"}}},{"from":[6,4,12],"to":[11,6,13],"faces":{"east":{"uv":[3,10,4,12],"texture":"#0"},"south":{"uv":[6,10,11,12],"texture":"#0"},"west":{"uv":[12,10,13,12],"texture":"#0"},"down":{"uv":[6,3,11,4],"texture":"#0"}}},{"from":[6,8,4],"to":[11,10,5],"faces":{"north":{"uv":[5,6,10,8],"texture":"#0"},"east":{"uv":[11,6,12,8],"texture":"#0"},"west":{"uv":[4,6,5,8],"texture":"#0"},"up":{"uv":[6,4,11,5],"texture":"#0"}}},{"from":[6,8,12],"to":[11,10,13],"faces":{"east":{"uv":[3,6,4,8],"texture":"#0"},"south":{"uv":[6,6,11,8],"texture":"#0"},"west":{"uv":[12,6,13,8],"texture":"#0"},"up":{"uv":[6,12,11,13],"texture":"#0"}}},{"from":[6,10,5],"to":[11,11,6],"faces":{"north":{"uv":[5,5,10,6],"texture":"#0"},"east":{"uv":[10,5,11,6],"texture":"#0"},"west":{"uv":[5,5,6,6],"texture":"#0"},"up":{"uv":[6,5,11,6],"texture":"#0"}}},{"from":[6,10,11],"to":[11,11,12],"faces":{"east":{"uv":[4,5,5,6],"texture":"#0"},"south":{"uv":[6,5,11,6],"texture":"#0"},"west":{"uv":[11,5,12,6],"texture":"#0"},"up":{"uv":[6,11,11,12],"texture":"#0"}}},{"from":[6,11,7],"to":[11,12,10],"faces":{"north":{"uv":[5,4,10,5],"texture":"#0"},"east":{"uv":[6,4,9,5],"texture":"#0"},"south":{"uv":[6,4,11,5],"texture":"#0"},"west":{"uv":[7,4,10,5],"texture":"#0"},"up":{"uv":[6,7,11,10],"texture":"#0"}}},{"from":[6,13,7],"to":[7,14,8],"faces":{"north":{"uv":[9,2,10,3],"texture":"#1"},"east":{"uv":[8,2,9,3],"texture":"#1"},"south":{"uv":[6,2,7,3],"texture":"#1"},"west":{"uv":[7,2,8,3],"texture":"#1"},"up":{"uv":[6,7,7,8],"texture":"#1"},"down":{"uv":[6,8,7,9],"texture":"#1"}}},{"from":[6,13,10],"to":[7,15,11],"faces":{"north":{"uv":[9,1,10,3],"texture":"#1"},"east":{"uv":[5,1,6,3],"texture":"#1"},"south":{"uv":[6,1,7,3],"texture":"#1"},"west":{"uv":[10,1,11,3],"texture":"#1"},"up":{"uv":[6,10,7,11],"texture":"#1"},"down":{"uv":[6,5,7,6],"texture":"#1"}}},{"from":[6,14,6],"to":[7,15,7],"faces":{"north":{"uv":[9,1,10,2],"texture":"#1"},"east":{"uv":[9,1,10,2],"texture":"#1"},"south":{"uv":[6,1,7,2],"texture":"#1"},"west":{"uv":[6,1,7,2],"texture":"#1"},"up":{"uv":[6,6,7,7],"texture":"#1"},"down":{"uv":[6,9,7,10],"texture":"#1"}}},{"from":[7,1,8],"to":[10,2,9],"faces":{"north":{"uv":[6,14,9,15],"texture":"#0"},"east":{"uv":[7,14,8,15],"texture":"#0"},"south":{"uv":[7,14,10,15],"texture":"#0"},"west":{"uv":[8,14,9,15],"texture":"#0"},"down":{"uv":[7,7,10,8],"texture":"#0"}}},{"from":[7,2,6],"to":[10,3,7],"faces":{"north":{"uv":[6,13,9,14],"texture":"#0"},"east":{"uv":[9,13,10,14],"texture":"#0"},"west":{"uv":[6,13,7,14],"texture":"#0"},"down":{"uv":[7,9,10,10],"texture":"#0"}}},{"from":[7,2,10],"to":[10,3,11],"faces":{"east":{"uv":[5,13,6,14],"texture":"#0"},"south":{"uv":[7,13,10,14],"texture":"#0"},"west":{"uv":[10,13,11,14],"texture":"#0"},"down":{"uv":[7,5,10,6],"texture":"#0"}}},{"from":[7,11,6],"to":[10,12,7],"faces":{"north":{"uv":[6,4,9,5],"texture":"#0"},"east":{"uv":[9,4,10,5],"texture":"#0"},"west":{"uv":[6,4,7,5],"texture":"#0"},"up":{"uv":[7,6,10,7],"texture":"#0"}}},{"from":[7,11,10],"to":[10,12,11],"faces":{"east":{"uv":[5,4,6,5],"texture":"#0"},"south":{"uv":[7,4,10,5],"texture":"#0"},"west":{"uv":[10,4,11,5],"texture":"#0"},"up":{"uv":[7,10,10,11],"texture":"#0"}}},{"from":[7,12,7],"to":[8,13,8],"faces":{"north":{"uv":[8,3,9,4],"texture":"#1"},"east":{"uv":[8,3,9,4],"texture":"#1"},"south":{"uv":[7,3,8,4],"texture":"#1"},"west":{"uv":[7,3,8,4],"texture":"#1"},"up":{"uv":[7,7,8,8],"texture":"#1"}}},{"from":[7,12,9],"to":[8,14,10],"faces":{"north":{"uv":[8,2,9,4],"texture":"#1"},"east":{"uv":[6,2,7,4],"texture":"#1"},"south":{"uv":[7,2,8,4],"texture":"#1"},"west":{"uv":[9,2,10,4],"texture":"#1"},"up":{"uv":[7,9,8,10],"texture":"#1"}}},{"from":[7,15,8],"to":[8,16,9],"faces":{"north":{"uv":[8,0,9,1],"texture":"#1"},"east":{"uv":[7,0,8,1],"texture":"#1"},"south":{"uv":[7,0,8,1],"texture":"#1"},"west":{"uv":[8,0,9,1],"texture":"#1"},"up":{"uv":[7,8,8,9],"texture":"#1"},"down":{"uv":[7,7,8,8],"texture":"#1"}}},{"from":[8,0,8],"to":[9,1,9],"faces":{"north":{"uv":[7,15,8,16],"texture":"#0"},"east":{"uv":[7,15,8,16],"texture":"#0"},"south":{"uv":[8,15,9,16],"texture":"#0"},"west":{"uv":[8,15,9,16],"texture":"#0"},"down":{"uv":[8,7,9,8],"texture":"#0"}}},{"from":[8,1,7],"to":[9,2,8],"faces":{"north":{"uv":[7,14,8,15],"texture":"#0"},"east":{"uv":[8,14,9,15],"texture":"#0"},"west":{"uv":[7,14,8,15],"texture":"#0"},"down":{"uv":[8,8,9,9],"texture":"#0"}}},{"from":[8,1,9],"to":[9,2,10],"faces":{"east":{"uv":[6,14,7,15],"texture":"#0"},"south":{"uv":[8,14,9,15],"texture":"#0"},"west":{"uv":[9,14,10,15],"texture":"#0"},"down":{"uv":[8,6,9,7],"texture":"#0"}}},{"from":[8,12,8],"to":[10,13,9],"faces":{"north":{"uv":[6,3,8,4],"texture":"#1"},"east":{"uv":[7,3,8,4],"texture":"#1"},"south":{"uv":[8,3,10,4],"texture":"#1"},"west":{"uv":[8,3,9,4],"texture":"#1"},"up":{"uv":[8,8,10,9],"texture":"#1"}}},{"from":[8,13,8],"to":[9,15,9],"faces":{"north":{"uv":[7,1,8,3],"texture":"#1"},"east":{"uv":[7,1,8,3],"texture":"#1"},"south":{"uv":[8,1,9,3],"texture":"#1"},"west":{"uv":[8,1,9,3],"texture":"#1"},"up":{"uv":[8,8,9,9],"texture":"#1"}}},{"from":[9,12,7],"to":[10,13,8],"faces":{"north":{"uv":[6,3,7,4],"texture":"#1"},"east":{"uv":[8,3,9,4],"texture":"#1"},"west":{"uv":[7,3,8,4],"texture":"#1"},"up":{"uv":[9,7,10,8],"texture":"#1"}}},{"from":[9,12,9],"to":[10,14,10],"faces":{"north":{"uv":[6,2,7,4],"texture":"#1"},"east":{"uv":[6,2,7,4],"texture":"#1"},"south":{"uv":[9,2,10,4],"texture":"#1"},"west":{"uv":[9,2,10,4],"texture":"#1"},"up":{"uv":[9,9,10,10],"texture":"#1"}}},{"from":[9,13,6],"to":[10,16,7],"faces":{"north":{"uv":[6,0,7,3],"texture":"#1"},"east":{"uv":[9,0,10,3],"texture":"#1"},"south":{"uv":[9,0,10,3],"texture":"#1"},"west":{"uv":[6,0,7,3],"texture":"#1"},"up":{"uv":[9,6,10,7],"texture":"#1"},"down":{"uv":[9,9,10,10],"texture":"#1"}}},{"from":[9,14,10],"to":[10,16,11],"faces":{"north":{"uv":[6,0,7,2],"texture":"#1"},"east":{"uv":[5,0,6,2],"texture":"#1"},"south":{"uv":[9,0,10,2],"texture":"#1"},"west":{"uv":[10,0,11,2],"texture":"#1"},"up":{"uv":[9,10,10,11],"texture":"#1"},"down":{"uv":[9,5,10,6],"texture":"#1"}}},{"from":[10,13,8],"to":[11,15,9],"faces":{"north":{"uv":[5,1,6,3],"texture":"#1"},"east":{"uv":[7,1,8,3],"texture":"#1"},"south":{"uv":[10,1,11,3],"texture":"#1"},"west":{"uv":[8,1,9,3],"texture":"#1"},"up":{"uv":[10,8,11,9],"texture":"#1"},"down":{"uv":[10,7,11,8],"texture":"#1"}}}],"display":{"thirdperson_righthand":{"rotation":[135,-90,90],"translation":[0,0.7,-1],"scale":[0.55,0.55,0.55]},"firstperson_righthand":{"rotation":[-14,90,-25],"translation":[1.13,2.5,0],"scale":[0.4,0.4,0.4]},"firstperson_lefthand":{"rotation":[-14,90,-25],"translation":[1.13,2.5,0],"scale":[0.4,0.4,0.4]},"gui":{"rotation":[0,20,-35],"scale":[0.85,0.85,0.85]},"fixed":{"rotation":[0,20,40],"translation":[0,0,0.9],"scale":[0.82,0.82,0.82]}}}