{"textures":{"0":"block/white_terracotta"},"elements":[{"from":[0.95,5,0.95],"to":[1,7,3],"faces":{"north":{"uv":[0,0,0.1,2],"texture":"#0","tintindex":0},"east":{"uv":[0,0,14,2],"texture":"#0","tintindex":0},"south":{"uv":[0,0,0.1,2],"texture":"#0","tintindex":0},"west":{"uv":[0,0,14,4],"texture":"#0","tintindex":0},"up":{"uv":[0,0,0.1,14],"texture":"#0","tintindex":0},"down":{"uv":[0,0,0.1,14],"texture":"#0","tintindex":0}}},{"from":[15,5,13],"to":[15.05,7,15.05],"faces":{"north":{"uv":[0,0,0.1,2],"texture":"#0","tintindex":0},"east":{"uv":[0,0,14,2],"texture":"#0","tintindex":0},"south":{"uv":[0,0,0.1,2],"texture":"#0","tintindex":0},"west":{"uv":[0,0,14,4],"texture":"#0","tintindex":0},"up":{"uv":[0,0,0.1,14],"texture":"#0","tintindex":0},"down":{"uv":[0,0,0.1,14],"texture":"#0","tintindex":0}}},{"from":[13,4,0.95],"to":[15.05,6,1],"faces":{"north":{"uv":[0,0,0.1,2],"texture":"#0","tintindex":0},"east":{"uv":[0,0,14,2],"texture":"#0","tintindex":0},"south":{"uv":[0,0,0.1,2],"texture":"#0","tintindex":0},"west":{"uv":[0,0,14,4],"texture":"#0","tintindex":0},"up":{"uv":[0,0,0.1,14],"texture":"#0","tintindex":0},"down":{"uv":[0,0,0.1,14],"texture":"#0","tintindex":0}}},{"from":[0.95,4,15],"to":[3,6,15.05],"faces":{"north":{"uv":[0,0,0.1,2],"texture":"#0","tintindex":0},"east":{"uv":[0,0,14,2],"texture":"#0","tintindex":0},"south":{"uv":[0,0,0.1,2],"texture":"#0","tintindex":0},"west":{"uv":[0,0,14,4],"texture":"#0","tintindex":0},"up":{"uv":[0,0,0.1,14],"texture":"#0","tintindex":0},"down":{"uv":[0,0,0.1,14],"texture":"#0","tintindex":0}}},{"from":[3,5,15],"to":[5,7,15.05],"faces":{"north":{"uv":[0,0,0.1,2],"texture":"#0","tintindex":0},"east":{"uv":[0,0,14,2],"texture":"#0","tintindex":0},"south":{"uv":[0,0,0.1,2],"texture":"#0","tintindex":0},"west":{"uv":[0,0,14,4],"texture":"#0","tintindex":0},"up":{"uv":[0,0,0.1,14],"texture":"#0","tintindex":0},"down":{"uv":[0,0,0.1,14],"texture":"#0","tintindex":0}}},{"from":[5,4,15],"to":[7,6,15.05],"faces":{"north":{"uv":[0,0,0.1,2],"texture":"#0","tintindex":0},"east":{"uv":[0,0,14,2],"texture":"#0","tintindex":0},"south":{"uv":[0,0,0.1,2],"texture":"#0","tintindex":0},"west":{"uv":[0,0,14,4],"texture":"#0","tintindex":0},"up":{"uv":[0,0,0.1,14],"texture":"#0","tintindex":0},"down":{"uv":[0,0,0.1,14],"texture":"#0","tintindex":0}}},{"from":[7,5,15],"to":[9,7,15.05],"faces":{"north":{"uv":[0,0,0.1,2],"texture":"#0","tintindex":0},"east":{"uv":[0,0,14,2],"texture":"#0","tintindex":0},"south":{"uv":[0,0,0.1,2],"texture":"#0","tintindex":0},"west":{"uv":[0,0,14,4],"texture":"#0","tintindex":0},"up":{"uv":[0,0,0.1,14],"texture":"#0","tintindex":0},"down":{"uv":[0,0,0.1,14],"texture":"#0","tintindex":0}}},{"from":[9,4,15],"to":[11,6,15.05],"faces":{"north":{"uv":[0,0,0.1,2],"texture":"#0","tintindex":0},"east":{"uv":[0,0,14,2],"texture":"#0","tintindex":0},"south":{"uv":[0,0,0.1,2],"texture":"#0","tintindex":0},"west":{"uv":[0,0,14,4],"texture":"#0","tintindex":0},"up":{"uv":[0,0,0.1,14],"texture":"#0","tintindex":0},"down":{"uv":[0,0,0.1,14],"texture":"#0","tintindex":0}}},{"from":[11,5,15],"to":[13,7,15.05],"faces":{"north":{"uv":[0,0,0.1,2],"texture":"#0","tintindex":0},"east":{"uv":[0,0,14,2],"texture":"#0","tintindex":0},"south":{"uv":[0,0,0.1,2],"texture":"#0","tintindex":0},"west":{"uv":[0,0,14,4],"texture":"#0","tintindex":0},"up":{"uv":[0,0,0.1,14],"texture":"#0","tintindex":0},"down":{"uv":[0,0,0.1,14],"texture":"#0","tintindex":0}}},{"from":[13,4,15],"to":[15,6,15.05],"faces":{"north":{"uv":[0,0,0.1,2],"texture":"#0","tintindex":0},"east":{"uv":[0,0,14,2],"texture":"#0","tintindex":0},"south":{"uv":[0,0,0.1,2],"texture":"#0","tintindex":0},"west":{"uv":[0,0,14,4],"texture":"#0","tintindex":0},"up":{"uv":[0,0,0.1,14],"texture":"#0","tintindex":0},"down":{"uv":[0,0,0.1,14],"texture":"#0","tintindex":0}}},{"from":[11,5,0.95],"to":[13,7,1],"faces":{"north":{"uv":[0,0,0.1,2],"texture":"#0","tintindex":0},"east":{"uv":[0,0,14,2],"texture":"#0","tintindex":0},"south":{"uv":[0,0,0.1,2],"texture":"#0","tintindex":0},"west":{"uv":[0,0,14,4],"texture":"#0","tintindex":0},"up":{"uv":[0,0,0.1,14],"texture":"#0","tintindex":0},"down":{"uv":[0,0,0.1,14],"texture":"#0","tintindex":0}}},{"from":[9,4,0.95],"to":[11,6,1],"faces":{"north":{"uv":[0,0,0.1,2],"texture":"#0","tintindex":0},"east":{"uv":[0,0,14,2],"texture":"#0","tintindex":0},"south":{"uv":[0,0,0.1,2],"texture":"#0","tintindex":0},"west":{"uv":[0,0,14,4],"texture":"#0","tintindex":0},"up":{"uv":[0,0,0.1,14],"texture":"#0","tintindex":0},"down":{"uv":[0,0,0.1,14],"texture":"#0","tintindex":0}}},{"from":[7,5,0.95],"to":[9,7,1],"faces":{"north":{"uv":[0,0,0.1,2],"texture":"#0","tintindex":0},"east":{"uv":[0,0,14,2],"texture":"#0","tintindex":0},"south":{"uv":[0,0,0.1,2],"texture":"#0","tintindex":0},"west":{"uv":[0,0,14,4],"texture":"#0","tintindex":0},"up":{"uv":[0,0,0.1,14],"texture":"#0","tintindex":0},"down":{"uv":[0,0,0.1,14],"texture":"#0","tintindex":0}}},{"from":[5,4,0.95],"to":[7,6,1],"faces":{"north":{"uv":[0,0,0.1,2],"texture":"#0","tintindex":0},"east":{"uv":[0,0,14,2],"texture":"#0","tintindex":0},"south":{"uv":[0,0,0.1,2],"texture":"#0","tintindex":0},"west":{"uv":[0,0,14,4],"texture":"#0","tintindex":0},"up":{"uv":[0,0,0.1,14],"texture":"#0","tintindex":0},"down":{"uv":[0,0,0.1,14],"texture":"#0","tintindex":0}}},{"from":[3,5,0.95],"to":[5,7,1],"faces":{"north":{"uv":[0,0,0.1,2],"texture":"#0","tintindex":0},"east":{"uv":[0,0,14,2],"texture":"#0","tintindex":0},"south":{"uv":[0,0,0.1,2],"texture":"#0","tintindex":0},"west":{"uv":[0,0,14,4],"texture":"#0","tintindex":0},"up":{"uv":[0,0,0.1,14],"texture":"#0","tintindex":0},"down":{"uv":[0,0,0.1,14],"texture":"#0","tintindex":0}}},{"from":[1,4,0.95],"to":[3,6,1],"faces":{"north":{"uv":[0,0,0.1,2],"texture":"#0","tintindex":0},"east":{"uv":[0,0,14,2],"texture":"#0","tintindex":0},"south":{"uv":[0,0,0.1,2],"texture":"#0","tintindex":0},"west":{"uv":[0,0,14,4],"texture":"#0","tintindex":0},"up":{"uv":[0,0,0.1,14],"texture":"#0","tintindex":0},"down":{"uv":[0,0,0.1,14],"texture":"#0","tintindex":0}}},{"from":[15,4,11],"to":[15.05,6,13],"faces":{"north":{"uv":[0,0,0.1,2],"texture":"#0","tintindex":0},"east":{"uv":[0,0,14,2],"texture":"#0","tintindex":0},"south":{"uv":[0,0,0.1,2],"texture":"#0","tintindex":0},"west":{"uv":[0,0,14,4],"texture":"#0","tintindex":0},"up":{"uv":[0,0,0.1,14],"texture":"#0","tintindex":0},"down":{"uv":[0,0,0.1,14],"texture":"#0","tintindex":0}}},{"from":[15,5,9],"to":[15.05,7,11],"faces":{"north":{"uv":[0,0,0.1,2],"texture":"#0","tintindex":0},"east":{"uv":[0,0,14,2],"texture":"#0","tintindex":0},"south":{"uv":[0,0,0.1,2],"texture":"#0","tintindex":0},"west":{"uv":[0,0,14,4],"texture":"#0","tintindex":0},"up":{"uv":[0,0,0.1,14],"texture":"#0","tintindex":0},"down":{"uv":[0,0,0.1,14],"texture":"#0","tintindex":0}}},{"from":[15,4,7],"to":[15.05,6,9],"faces":{"north":{"uv":[0,0,0.1,2],"texture":"#0","tintindex":0},"east":{"uv":[0,0,14,2],"texture":"#0","tintindex":0},"south":{"uv":[0,0,0.1,2],"texture":"#0","tintindex":0},"west":{"uv":[0,0,14,4],"texture":"#0","tintindex":0},"up":{"uv":[0,0,0.1,14],"texture":"#0","tintindex":0},"down":{"uv":[0,0,0.1,14],"texture":"#0","tintindex":0}}},{"from":[15,5,5],"to":[15.05,7,7],"faces":{"north":{"uv":[0,0,0.1,2],"texture":"#0","tintindex":0},"east":{"uv":[0,0,14,2],"texture":"#0","tintindex":0},"south":{"uv":[0,0,0.1,2],"texture":"#0","tintindex":0},"west":{"uv":[0,0,14,4],"texture":"#0","tintindex":0},"up":{"uv":[0,0,0.1,14],"texture":"#0","tintindex":0},"down":{"uv":[0,0,0.1,14],"texture":"#0","tintindex":0}}},{"from":[15,4,3],"to":[15.05,6,5],"faces":{"north":{"uv":[0,0,0.1,2],"texture":"#0","tintindex":0},"east":{"uv":[0,0,14,2],"texture":"#0","tintindex":0},"south":{"uv":[0,0,0.1,2],"texture":"#0","tintindex":0},"west":{"uv":[0,0,14,4],"texture":"#0","tintindex":0},"up":{"uv":[0,0,0.1,14],"texture":"#0","tintindex":0},"down":{"uv":[0,0,0.1,14],"texture":"#0","tintindex":0}}},{"from":[15,5,1],"to":[15.05,7,3],"faces":{"north":{"uv":[0,0,0.1,2],"texture":"#0","tintindex":0},"east":{"uv":[0,0,14,2],"texture":"#0","tintindex":0},"south":{"uv":[0,0,0.1,2],"texture":"#0","tintindex":0},"west":{"uv":[0,0,14,4],"texture":"#0","tintindex":0},"up":{"uv":[0,0,0.1,14],"texture":"#0","tintindex":0},"down":{"uv":[0,0,0.1,14],"texture":"#0","tintindex":0}}},{"from":[0.95,4,3],"to":[1,6,5],"faces":{"north":{"uv":[0,0,0.1,2],"texture":"#0","tintindex":0},"east":{"uv":[0,0,14,2],"texture":"#0","tintindex":0},"south":{"uv":[0,0,0.1,2],"texture":"#0","tintindex":0},"west":{"uv":[0,0,14,4],"texture":"#0","tintindex":0},"up":{"uv":[0,0,0.1,14],"texture":"#0","tintindex":0},"down":{"uv":[0,0,0.1,14],"texture":"#0","tintindex":0}}},{"from":[0.95,5,5],"to":[1,7,7],"faces":{"north":{"uv":[0,0,0.1,2],"texture":"#0","tintindex":0},"east":{"uv":[0,0,14,2],"texture":"#0","tintindex":0},"south":{"uv":[0,0,0.1,2],"texture":"#0","tintindex":0},"west":{"uv":[0,0,14,4],"texture":"#0","tintindex":0},"up":{"uv":[0,0,0.1,14],"texture":"#0","tintindex":0},"down":{"uv":[0,0,0.1,14],"texture":"#0","tintindex":0}}},{"from":[0.95,4,7],"to":[1,6,9],"faces":{"north":{"uv":[0,0,0.1,2],"texture":"#0","tintindex":0},"east":{"uv":[0,0,14,2],"texture":"#0","tintindex":0},"south":{"uv":[0,0,0.1,2],"texture":"#0","tintindex":0},"west":{"uv":[0,0,14,4],"texture":"#0","tintindex":0},"up":{"uv":[0,0,0.1,14],"texture":"#0","tintindex":0},"down":{"uv":[0,0,0.1,14],"texture":"#0","tintindex":0}}},{"from":[0.95,5,9],"to":[1,7,11],"faces":{"north":{"uv":[0,0,0.1,2],"texture":"#0","tintindex":0},"east":{"uv":[0,0,14,2],"texture":"#0","tintindex":0},"south":{"uv":[0,0,0.1,2],"texture":"#0","tintindex":0},"west":{"uv":[0,0,14,4],"texture":"#0","tintindex":0},"up":{"uv":[0,0,0.1,14],"texture":"#0","tintindex":0},"down":{"uv":[0,0,0.1,14],"texture":"#0","tintindex":0}}},{"from":[0.95,4,11],"to":[1,6,13],"faces":{"north":{"uv":[0,0,0.1,2],"texture":"#0","tintindex":0},"east":{"uv":[0,0,14,2],"texture":"#0","tintindex":0},"south":{"uv":[0,0,0.1,2],"texture":"#0","tintindex":0},"west":{"uv":[0,0,14,4],"texture":"#0","tintindex":0},"up":{"uv":[0,0,0.1,14],"texture":"#0","tintindex":0},"down":{"uv":[0,0,0.1,14],"texture":"#0","tintindex":0}}},{"from":[0.95,5,13],"to":[1,7,15],"faces":{"north":{"uv":[0,0,0.1,2],"texture":"#0","tintindex":0},"east":{"uv":[0,0,14,2],"texture":"#0","tintindex":0},"south":{"uv":[0,0,0.1,2],"texture":"#0","tintindex":0},"west":{"uv":[0,0,14,4],"texture":"#0","tintindex":0},"up":{"uv":[0,0,0.1,14],"texture":"#0","tintindex":0},"down":{"uv":[0,0,0.1,14],"texture":"#0","tintindex":0}}}],"display":{"thirdperson_righthand":{"rotation":[90,0,0],"translation":[-5.98,-1.55,-12.2],"scale":[1.93,1.95,1.93]}}}