{"textures":{"0":"block/black_wool","1":"block/white_concrete","2":"block/black_concrete"},"elements":[{"from":[6,10,0],"to":[10,11,0],"faces":{"north":{"uv":[6,5,10,6],"texture":"#0","cullface":"north"}}},{"from":[6,10,16],"to":[10,11,16],"faces":{"south":{"uv":[6,5,10,6],"texture":"#0","cullface":"south"}}},{"from":[0,10,6],"to":[0,11,10],"faces":{"west":{"uv":[6,5,10,6],"texture":"#0","cullface":"west"}}},{"from":[16,10,6],"to":[16,11,10],"faces":{"east":{"uv":[6,5,10,6],"texture":"#0","cullface":"east"}}},{"from":[3,10,5],"to":[3,11,7],"faces":{"east":{"uv":[9,5,11,6],"texture":"#0"}}},{"from":[3,10,9],"to":[3,11,11],"faces":{"east":{"uv":[5,5,7,6],"texture":"#0"}}},{"from":[4,10,4],"to":[4,11,5],"faces":{"east":{"uv":[11,5,12,6],"texture":"#0"}}},{"from":[4,10,11],"to":[4,11,12],"faces":{"east":{"uv":[4,5,5,6],"texture":"#0"}}},{"from":[5,10,3],"to":[5,11,4],"faces":{"east":{"uv":[12,5,13,6],"texture":"#0"}}},{"from":[5,10,12],"to":[5,11,13],"faces":{"east":{"uv":[3,5,4,6],"texture":"#0"}}},{"from":[10,10,0],"to":[10,11,1],"faces":{"east":{"uv":[15,5,16,6],"texture":"#0"}}},{"from":[10,11,1],"to":[10,12,2],"faces":{"east":{"uv":[14,4,15,5],"texture":"#0"}}},{"from":[10,10,15],"to":[10,11,16],"faces":{"east":{"uv":[0,5,1,6],"texture":"#0"}}},{"from":[10,11,14],"to":[10,12,15],"faces":{"east":{"uv":[1,4,2,5],"texture":"#0"}}},{"from":[12,10,1],"to":[12,11,2],"faces":{"east":{"uv":[14,5,15,6],"texture":"#0"}}},{"from":[12,11,2],"to":[12,12,3],"faces":{"east":{"uv":[13,4,14,5],"texture":"#0"}}},{"from":[12,11,13],"to":[12,12,14],"faces":{"east":{"uv":[2,4,3,5],"texture":"#0"}}},{"from":[12,10,14],"to":[12,11,15],"faces":{"east":{"uv":[1,5,2,6],"texture":"#0"}}},{"from":[13,10,2],"to":[13,11,3],"faces":{"east":{"uv":[13,5,14,6],"texture":"#0"}}},{"from":[13,11,3],"to":[13,12,4],"faces":{"east":{"uv":[12,4,13,5],"texture":"#0"}}},{"from":[13,11,12],"to":[13,12,13],"faces":{"east":{"uv":[3,4,4,5],"texture":"#0"}}},{"from":[13,10,13],"to":[13,11,14],"faces":{"east":{"uv":[2,5,3,6],"texture":"#0"}}},{"from":[14,10,3],"to":[14,11,4],"faces":{"east":{"uv":[12,5,13,6],"texture":"#0"}}},{"from":[14,11,4],"to":[14,12,6],"faces":{"east":{"uv":[10,4,12,5],"texture":"#0"}}},{"from":[14,10,12],"to":[14,11,13],"faces":{"east":{"uv":[3,5,4,6],"texture":"#0"}}},{"from":[14,11,10],"to":[14,12,12],"faces":{"east":{"uv":[4,4,6,5],"texture":"#0"}}},{"from":[15,10,4],"to":[15,11,6],"faces":{"east":{"uv":[10,5,12,6],"texture":"#0"}}},{"from":[15,10,10],"to":[15,11,12],"faces":{"east":{"uv":[4,5,6,6],"texture":"#0"}}},{"from":[15,11,6],"to":[15,12,10],"faces":{"east":{"uv":[6,4,10,5],"texture":"#0"}}},{"from":[1,10,4],"to":[1,11,6],"faces":{"west":{"uv":[4,5,6,6],"texture":"#0"}}},{"from":[1,10,10],"to":[1,11,12],"faces":{"west":{"uv":[10,5,12,6],"texture":"#0"}}},{"from":[1,11,6],"to":[1,12,10],"faces":{"west":{"uv":[6,4,10,5],"texture":"#0"}}},{"from":[2,10,3],"to":[2,11,4],"faces":{"west":{"uv":[3,5,4,6],"texture":"#0"}}},{"from":[2,11,4],"to":[2,12,6],"faces":{"west":{"uv":[4,4,6,5],"texture":"#0"}}},{"from":[2,10,12],"to":[2,11,13],"faces":{"west":{"uv":[12,5,13,6],"texture":"#0"}}},{"from":[2,11,10],"to":[2,12,12],"faces":{"west":{"uv":[10,4,12,5],"texture":"#0"}}},{"from":[3,10,2],"to":[3,11,3],"faces":{"west":{"uv":[2,5,3,6],"texture":"#0"}}},{"from":[3,11,3],"to":[3,12,4],"faces":{"west":{"uv":[3,4,4,5],"texture":"#0"}}},{"from":[3,11,12],"to":[3,12,13],"faces":{"west":{"uv":[12,4,13,5],"texture":"#0"}}},{"from":[3,10,13],"to":[3,11,14],"faces":{"west":{"uv":[13,5,14,6],"texture":"#0"}}},{"from":[4,10,1],"to":[4,11,2],"faces":{"west":{"uv":[1,5,2,6],"texture":"#0"}}},{"from":[4,11,2],"to":[4,12,3],"faces":{"west":{"uv":[2,4,3,5],"texture":"#0"}}},{"from":[4,11,13],"to":[4,12,14],"faces":{"west":{"uv":[13,4,14,5],"texture":"#0"}}},{"from":[4,10,14],"to":[4,11,15],"faces":{"west":{"uv":[14,5,15,6],"texture":"#0"}}},{"from":[6,10,0],"to":[6,11,1],"faces":{"west":{"uv":[0,5,1,6],"texture":"#0"}}},{"from":[6,11,1],"to":[6,12,2],"faces":{"west":{"uv":[1,4,2,5],"texture":"#0"}}},{"from":[6,10,15],"to":[6,11,16],"faces":{"west":{"uv":[15,5,16,6],"texture":"#0"}}},{"from":[6,11,14],"to":[6,12,15],"faces":{"west":{"uv":[14,4,15,5],"texture":"#0"}}},{"from":[11,10,3],"to":[11,11,4],"faces":{"west":{"uv":[3,5,4,6],"texture":"#0"}}},{"from":[11,10,12],"to":[11,11,13],"faces":{"west":{"uv":[12,5,13,6],"texture":"#0"}}},{"from":[12,10,4],"to":[12,11,5],"faces":{"west":{"uv":[4,5,5,6],"texture":"#0"}}},{"from":[12,10,11],"to":[12,11,12],"faces":{"west":{"uv":[11,5,12,6],"texture":"#0"}}},{"from":[13,10,5],"to":[13,11,7],"faces":{"west":{"uv":[5,5,7,6],"texture":"#0"}}},{"from":[13,10,9],"to":[13,11,11],"faces":{"west":{"uv":[9,5,11,6],"texture":"#0"}}},{"from":[6,11,0],"to":[10,11,1],"faces":{"up":{"uv":[6,0,10,1],"texture":"#0"}}},{"from":[4,11,1],"to":[6,11,2],"faces":{"up":{"uv":[4,1,6,2],"texture":"#0"}}},{"from":[10,11,1],"to":[12,11,2],"faces":{"up":{"uv":[10,1,12,2],"texture":"#0"}}},{"from":[3,11,2],"to":[4,11,3],"faces":{"up":{"uv":[3,2,4,3],"texture":"#0"}}},{"from":[12,11,2],"to":[13,11,3],"faces":{"up":{"uv":[12,2,13,3],"texture":"#0"}}},{"from":[2,11,3],"to":[3,11,4],"faces":{"up":{"uv":[2,3,3,4],"texture":"#0"}}},{"from":[13,11,3],"to":[14,11,4],"faces":{"up":{"uv":[13,3,14,4],"texture":"#0"}}},{"from":[1,11,4],"to":[2,11,6],"faces":{"up":{"uv":[1,4,2,6],"texture":"#0"}}},{"from":[14,11,4],"to":[15,11,6],"faces":{"up":{"uv":[14,4,15,6],"texture":"#0"}}},{"from":[6,11,15],"to":[10,11,16],"faces":{"up":{"uv":[6,15,10,16],"texture":"#0"}}},{"from":[10,11,14],"to":[12,11,15],"faces":{"up":{"uv":[10,14,12,15],"texture":"#0"}}},{"from":[0,11,6],"to":[1,11,10],"faces":{"up":{"uv":[0,6,1,10],"texture":"#0"}}},{"from":[15,11,6],"to":[16,11,10],"faces":{"up":{"uv":[15,6,16,10],"texture":"#0"}}},{"from":[4,11,14],"to":[6,11,15],"faces":{"up":{"uv":[4,14,6,15],"texture":"#0"}}},{"from":[13,11,12],"to":[14,11,13],"faces":{"up":{"uv":[13,12,14,13],"texture":"#0"}}},{"from":[12,11,13],"to":[13,11,14],"faces":{"up":{"uv":[12,13,13,14],"texture":"#0"}}},{"from":[2,11,12],"to":[3,11,13],"faces":{"up":{"uv":[2,12,3,13],"texture":"#0"}}},{"from":[3,11,13],"to":[4,11,14],"faces":{"up":{"uv":[3,13,4,14],"texture":"#0"}}},{"from":[14,11,10],"to":[15,11,12],"faces":{"up":{"uv":[14,10,15,12],"texture":"#0"}}},{"from":[1,11,10],"to":[2,11,12],"faces":{"up":{"uv":[1,10,2,12],"texture":"#0"}}},{"from":[6,12,1],"to":[10,12,2],"faces":{"up":{"uv":[6,1,10,2],"texture":"#0"}}},{"from":[4,12,2],"to":[12,12,3],"faces":{"up":{"uv":[4,2,12,3],"texture":"#0"}}},{"from":[3,12,3],"to":[13,12,4],"faces":{"up":{"uv":[3,3,13,4],"texture":"#0"}}},{"from":[2,12,4],"to":[14,12,6],"faces":{"up":{"uv":[2,4,14,6],"texture":"#0"}}},{"from":[6,12,14],"to":[10,12,15],"faces":{"up":{"uv":[6,14,10,15],"texture":"#0"}}},{"from":[1,12,6],"to":[15,12,10],"faces":{"up":{"uv":[1,6,15,10],"texture":"#0"}}},{"from":[4,12,13],"to":[12,12,14],"faces":{"up":{"uv":[4,13,12,14],"texture":"#0"}}},{"from":[3,12,12],"to":[13,12,13],"faces":{"up":{"uv":[3,12,13,13],"texture":"#0"}}},{"from":[2,12,10],"to":[14,12,12],"faces":{"up":{"uv":[2,10,14,12],"texture":"#0"}}},{"from":[6,10,0],"to":[10,10,1],"faces":{"down":{"uv":[6,15,10,16],"texture":"#0"}}},{"from":[4,10,1],"to":[12,10,2],"faces":{"down":{"uv":[4,14,12,15],"texture":"#0"}}},{"from":[3,10,2],"to":[7,10,3],"faces":{"down":{"uv":[3,13,7,14],"texture":"#0"}}},{"from":[9,10,2],"to":[13,10,3],"faces":{"down":{"uv":[9,13,13,14],"texture":"#0"}}},{"from":[2,10,3],"to":[5,10,4],"faces":{"down":{"uv":[2,12,5,13],"texture":"#0"}}},{"from":[6,10,15],"to":[10,10,16],"faces":{"down":{"uv":[6,0,10,1],"texture":"#0"}}},{"from":[11,10,3],"to":[14,10,4],"faces":{"down":{"uv":[11,12,14,13],"texture":"#0"}}},{"from":[1,10,4],"to":[4,10,5],"faces":{"down":{"uv":[1,11,4,12],"texture":"#0"}}},{"from":[4,10,14],"to":[12,10,15],"faces":{"down":{"uv":[4,1,12,2],"texture":"#0"}}},{"from":[12,10,4],"to":[15,10,5],"faces":{"down":{"uv":[12,11,15,12],"texture":"#0"}}},{"from":[1,10,5],"to":[3,10,6],"faces":{"down":{"uv":[1,10,3,11],"texture":"#0"}}},{"from":[9,10,13],"to":[13,10,14],"faces":{"down":{"uv":[9,2,13,3],"texture":"#0"}}},{"from":[13,10,5],"to":[15,10,6],"faces":{"down":{"uv":[13,10,15,11],"texture":"#0"}}},{"from":[0,10,6],"to":[3,10,7],"faces":{"down":{"uv":[0,9,3,10],"texture":"#0"}}},{"from":[13,10,6],"to":[16,10,7],"faces":{"down":{"uv":[13,9,16,10],"texture":"#0"}}},{"from":[0,10,7],"to":[2,10,9],"faces":{"down":{"uv":[0,7,2,9],"texture":"#0"}}},{"from":[14,10,7],"to":[16,10,9],"faces":{"down":{"uv":[14,7,16,9],"texture":"#0"}}},{"from":[12,10,11],"to":[15,10,12],"faces":{"down":{"uv":[12,4,15,5],"texture":"#0"}}},{"from":[11,10,12],"to":[14,10,13],"faces":{"down":{"uv":[11,3,14,4],"texture":"#0"}}},{"from":[1,10,11],"to":[4,10,12],"faces":{"down":{"uv":[1,4,4,5],"texture":"#0"}}},{"from":[13,10,10],"to":[15,10,11],"faces":{"down":{"uv":[13,5,15,6],"texture":"#0"}}},{"from":[0,10,9],"to":[3,10,10],"faces":{"down":{"uv":[0,6,3,7],"texture":"#0"}}},{"from":[2,10,12],"to":[5,10,13],"faces":{"down":{"uv":[2,3,5,4],"texture":"#0"}}},{"from":[13,10,9],"to":[16,10,10],"faces":{"down":{"uv":[13,6,16,7],"texture":"#0"}}},{"from":[1,10,10],"to":[3,10,11],"faces":{"down":{"uv":[1,5,3,6],"texture":"#0"}}},{"from":[3,10,13],"to":[7,10,14],"faces":{"down":{"uv":[3,2,7,3],"texture":"#0"}}},{"from":[5,11,3],"to":[7,11,4],"faces":{"down":{"uv":[5,12,7,13],"texture":"#0"}}},{"from":[9,11,3],"to":[11,11,4],"faces":{"down":{"uv":[9,12,11,13],"texture":"#0"}}},{"from":[4,11,4],"to":[7,11,5],"faces":{"down":{"uv":[4,11,7,12],"texture":"#0"}}},{"from":[9,11,4],"to":[12,11,5],"faces":{"down":{"uv":[9,11,12,12],"texture":"#0"}}},{"from":[3,11,5],"to":[7,11,7],"faces":{"down":{"uv":[3,9,7,11],"texture":"#0"}}},{"from":[9,11,5],"to":[13,11,7],"faces":{"down":{"uv":[9,9,13,11],"texture":"#0"}}},{"from":[9,11,12],"to":[11,11,13],"faces":{"down":{"uv":[9,3,11,4],"texture":"#0"}}},{"from":[5,11,12],"to":[7,11,13],"faces":{"down":{"uv":[5,3,7,4],"texture":"#0"}}},{"from":[3,11,9],"to":[7,11,11],"faces":{"down":{"uv":[3,5,7,7],"texture":"#0"}}},{"from":[9,11,9],"to":[13,11,11],"faces":{"down":{"uv":[9,5,13,7],"texture":"#0"}}},{"from":[9,11,11],"to":[12,11,12],"faces":{"down":{"uv":[9,4,12,5],"texture":"#0"}}},{"from":[4,11,11],"to":[7,11,12],"faces":{"down":{"uv":[4,4,7,5],"texture":"#0"}}},{"from":[5,10,3],"to":[7,11,3],"faces":{"south":{"uv":[5,5,7,6],"texture":"#0"}}},{"from":[9,10,3],"to":[11,11,3],"faces":{"south":{"uv":[9,5,11,6],"texture":"#0"}}},{"from":[4,10,4],"to":[5,11,4],"faces":{"south":{"uv":[4,5,5,6],"texture":"#0"}}},{"from":[11,10,4],"to":[12,11,4],"faces":{"south":{"uv":[11,5,12,6],"texture":"#0"}}},{"from":[3,10,5],"to":[4,11,5],"faces":{"south":{"uv":[3,5,4,6],"texture":"#0"}}},{"from":[12,10,5],"to":[13,11,5],"faces":{"south":{"uv":[12,5,13,6],"texture":"#0"}}},{"from":[0,10,10],"to":[1,11,10],"faces":{"south":{"uv":[0,5,1,6],"texture":"#0"}}},{"from":[15,10,10],"to":[16,11,10],"faces":{"south":{"uv":[15,5,16,6],"texture":"#0"}}},{"from":[1,11,10],"to":[2,12,10],"faces":{"south":{"uv":[1,4,2,5],"texture":"#0"}}},{"from":[14,11,10],"to":[15,12,10],"faces":{"south":{"uv":[14,4,15,5],"texture":"#0"}}},{"from":[1,10,12],"to":[2,11,12],"faces":{"south":{"uv":[1,5,2,6],"texture":"#0"}}},{"from":[14,10,12],"to":[15,11,12],"faces":{"south":{"uv":[14,5,15,6],"texture":"#0"}}},{"from":[2,11,12],"to":[3,12,12],"faces":{"south":{"uv":[2,4,3,5],"texture":"#0"}}},{"from":[13,11,12],"to":[14,12,12],"faces":{"south":{"uv":[13,4,14,5],"texture":"#0"}}},{"from":[2,10,13],"to":[3,11,13],"faces":{"south":{"uv":[2,5,3,6],"texture":"#0"}}},{"from":[13,10,13],"to":[14,11,13],"faces":{"south":{"uv":[13,5,14,6],"texture":"#0"}}},{"from":[3,11,13],"to":[4,12,13],"faces":{"south":{"uv":[3,4,4,5],"texture":"#0"}}},{"from":[12,11,13],"to":[13,12,13],"faces":{"south":{"uv":[12,4,13,5],"texture":"#0"}}},{"from":[3,10,14],"to":[4,11,14],"faces":{"south":{"uv":[3,5,4,6],"texture":"#0"}}},{"from":[12,10,14],"to":[13,11,14],"faces":{"south":{"uv":[12,5,13,6],"texture":"#0"}}},{"from":[4,11,14],"to":[6,12,14],"faces":{"south":{"uv":[4,4,6,5],"texture":"#0"}}},{"from":[10,11,14],"to":[12,12,14],"faces":{"south":{"uv":[10,4,12,5],"texture":"#0"}}},{"from":[4,10,15],"to":[6,11,15],"faces":{"south":{"uv":[4,5,6,6],"texture":"#0"}}},{"from":[10,10,15],"to":[12,11,15],"faces":{"south":{"uv":[10,5,12,6],"texture":"#0"}}},{"from":[6,11,15],"to":[10,12,15],"faces":{"south":{"uv":[6,4,10,5],"texture":"#0"}}},{"from":[4,10,1],"to":[6,11,1],"faces":{"north":{"uv":[10,5,12,6],"texture":"#0"}}},{"from":[10,10,1],"to":[12,11,1],"faces":{"north":{"uv":[4,5,6,6],"texture":"#0"}}},{"from":[6,11,1],"to":[10,12,1],"faces":{"north":{"uv":[6,4,10,5],"texture":"#0"}}},{"from":[3,10,2],"to":[4,11,2],"faces":{"north":{"uv":[12,5,13,6],"texture":"#0"}}},{"from":[12,10,2],"to":[13,11,2],"faces":{"north":{"uv":[3,5,4,6],"texture":"#0"}}},{"from":[4,11,2],"to":[6,12,2],"faces":{"north":{"uv":[10,4,12,5],"texture":"#0"}}},{"from":[10,11,2],"to":[12,12,2],"faces":{"north":{"uv":[4,4,6,5],"texture":"#0"}}},{"from":[2,10,3],"to":[3,11,3],"faces":{"north":{"uv":[13,5,14,6],"texture":"#0"}}},{"from":[13,10,3],"to":[14,11,3],"faces":{"north":{"uv":[2,5,3,6],"texture":"#0"}}},{"from":[3,11,3],"to":[4,12,3],"faces":{"north":{"uv":[12,4,13,5],"texture":"#0"}}},{"from":[12,11,3],"to":[13,12,3],"faces":{"north":{"uv":[3,4,4,5],"texture":"#0"}}},{"from":[1,10,4],"to":[2,11,4],"faces":{"north":{"uv":[14,5,15,6],"texture":"#0"}}},{"from":[14,10,4],"to":[15,11,4],"faces":{"north":{"uv":[1,5,2,6],"texture":"#0"}}},{"from":[2,11,4],"to":[3,12,4],"faces":{"north":{"uv":[13,4,14,5],"texture":"#0"}}},{"from":[13,11,4],"to":[14,12,4],"faces":{"north":{"uv":[2,4,3,5],"texture":"#0"}}},{"from":[0,10,6],"to":[1,11,6],"faces":{"north":{"uv":[15,5,16,6],"texture":"#0"}}},{"from":[15,10,6],"to":[16,11,6],"faces":{"north":{"uv":[0,5,1,6],"texture":"#0"}}},{"from":[1,11,6],"to":[2,12,6],"faces":{"north":{"uv":[14,4,15,5],"texture":"#0"}}},{"from":[14,11,6],"to":[15,12,6],"faces":{"north":{"uv":[1,4,2,5],"texture":"#0"}}},{"from":[3,10,11],"to":[4,11,11],"faces":{"north":{"uv":[12,5,13,6],"texture":"#0"}}},{"from":[12,10,11],"to":[13,11,11],"faces":{"north":{"uv":[3,5,4,6],"texture":"#0"}}},{"from":[4,10,12],"to":[5,11,12],"faces":{"north":{"uv":[11,5,12,6],"texture":"#0"}}},{"from":[11,10,12],"to":[12,11,12],"faces":{"north":{"uv":[4,5,5,6],"texture":"#0"}}},{"from":[5,10,13],"to":[7,11,13],"faces":{"north":{"uv":[9,5,11,6],"texture":"#0"}}},{"from":[9,10,13],"to":[11,11,13],"faces":{"north":{"uv":[5,5,7,6],"texture":"#0"}}},{"from":[6,2,7],"to":[6,3,9],"faces":{"east":{"uv":[7,13,9,14],"texture":"#1"}}},{"from":[9,2,2],"to":[9,3,5],"faces":{"east":{"uv":[11,13,14,14],"texture":"#1"}}},{"from":[9,2,11],"to":[9,3,14],"faces":{"east":{"uv":[2,13,5,14],"texture":"#1"}}},{"from":[9,10,3],"to":[9,11,7],"faces":{"east":{"uv":[9,5,13,6],"texture":"#1"}}},{"from":[9,10,9],"to":[9,11,13],"faces":{"east":{"uv":[3,5,7,6],"texture":"#1"}}},{"from":[9,5,7],"to":[9,10,9],"faces":{"east":{"uv":[7,6,9,11],"texture":"#1"}}},{"from":[9,2,5],"to":[9,4,6],"faces":{"east":{"uv":[10,12,11,14],"texture":"#1"}}},{"from":[9,3,9],"to":[9,5,10],"faces":{"east":{"uv":[6,11,7,13],"texture":"#1"}}},{"from":[9,3,6],"to":[9,5,7],"faces":{"east":{"uv":[9,11,10,13],"texture":"#1"}}},{"from":[9,2,10],"to":[9,4,11],"faces":{"east":{"uv":[5,12,6,14],"texture":"#1"}}},{"from":[10,4,7],"to":[10,5,9],"faces":{"east":{"uv":[7,11,9,12],"texture":"#1"}}},{"from":[11,3,7],"to":[11,4,9],"faces":{"east":{"uv":[7,12,9,13],"texture":"#1"}}},{"from":[14,2,7],"to":[14,3,9],"faces":{"east":{"uv":[7,13,9,14],"texture":"#1"}}},{"from":[2,2,7],"to":[2,3,9],"faces":{"west":{"uv":[7,13,9,14],"texture":"#1"}}},{"from":[5,3,7],"to":[5,4,9],"faces":{"west":{"uv":[7,12,9,13],"texture":"#1"}}},{"from":[6,4,7],"to":[6,5,9],"faces":{"west":{"uv":[7,11,9,12],"texture":"#1"}}},{"from":[7,2,2],"to":[7,3,5],"faces":{"west":{"uv":[2,13,5,14],"texture":"#1"}}},{"from":[7,2,11],"to":[7,3,14],"faces":{"west":{"uv":[11,13,14,14],"texture":"#1"}}},{"from":[7,10,3],"to":[7,11,7],"faces":{"west":{"uv":[3,5,7,6],"texture":"#1"}}},{"from":[7,10,9],"to":[7,11,13],"faces":{"west":{"uv":[9,5,13,6],"texture":"#1"}}},{"from":[7,5,7],"to":[7,10,9],"faces":{"west":{"uv":[7,6,9,11],"texture":"#1"}}},{"from":[7,2,5],"to":[7,4,6],"faces":{"west":{"uv":[5,12,6,14],"texture":"#1"}}},{"from":[7,3,9],"to":[7,5,10],"faces":{"west":{"uv":[9,11,10,13],"texture":"#1"}}},{"from":[7,3,6],"to":[7,5,7],"faces":{"west":{"uv":[6,11,7,13],"texture":"#1"}}},{"from":[7,2,10],"to":[7,4,11],"faces":{"west":{"uv":[10,12,11,14],"texture":"#1"}}},{"from":[10,2,7],"to":[10,3,9],"faces":{"west":{"uv":[7,13,9,14],"texture":"#1"}}},{"from":[7,3,2],"to":[9,3,5],"faces":{"up":{"uv":[7,2,9,5],"texture":"#1"}}},{"from":[7,3,11],"to":[9,3,14],"faces":{"up":{"uv":[7,11,9,14],"texture":"#1"}}},{"from":[11,3,7],"to":[14,3,9],"faces":{"up":{"uv":[11,7,14,9],"texture":"#1"}}},{"from":[2,3,7],"to":[5,3,9],"faces":{"up":{"uv":[2,7,5,9],"texture":"#1"}}},{"from":[7,4,5],"to":[9,4,6],"faces":{"up":{"uv":[7,5,9,6],"texture":"#1"}}},{"from":[5,4,7],"to":[6,4,9],"faces":{"up":{"uv":[5,7,6,9],"texture":"#1"}}},{"from":[10,4,7],"to":[11,4,9],"faces":{"up":{"uv":[10,7,11,9],"texture":"#1"}}},{"from":[7,4,10],"to":[9,4,11],"faces":{"up":{"uv":[7,10,9,11],"texture":"#1"}}},{"from":[7,5,6],"to":[9,5,7],"faces":{"up":{"uv":[7,6,9,7],"texture":"#1"}}},{"from":[6,5,7],"to":[7,5,9],"faces":{"up":{"uv":[6,7,7,9],"texture":"#1"}}},{"from":[9,5,7],"to":[10,5,9],"faces":{"up":{"uv":[9,7,10,9],"texture":"#1"}}},{"from":[7,5,9],"to":[9,5,10],"faces":{"up":{"uv":[7,9,9,10],"texture":"#1"}}},{"from":[7,2,2],"to":[9,2,6],"faces":{"down":{"uv":[7,10,9,14],"texture":"#1"}}},{"from":[7,2,10],"to":[9,2,14],"faces":{"down":{"uv":[7,2,9,6],"texture":"#1"}}},{"from":[2,2,7],"to":[6,2,9],"faces":{"down":{"uv":[2,7,6,9],"texture":"#1"}}},{"from":[10,2,7],"to":[14,2,9],"faces":{"down":{"uv":[10,7,14,9],"texture":"#1"}}},{"from":[7,3,6],"to":[9,3,7],"faces":{"down":{"uv":[7,9,9,10],"texture":"#1"}}},{"from":[6,3,7],"to":[10,3,9],"faces":{"down":{"uv":[6,7,10,9],"texture":"#1"}}},{"from":[7,3,9],"to":[9,3,10],"faces":{"down":{"uv":[7,6,9,7],"texture":"#1"}}},{"from":[7,10,2],"to":[9,10,7],"faces":{"down":{"uv":[7,9,9,14],"texture":"#1"}}},{"from":[7,10,9],"to":[9,10,14],"faces":{"down":{"uv":[7,2,9,7],"texture":"#1"}}},{"from":[2,10,7],"to":[7,10,9],"faces":{"down":{"uv":[2,7,7,9],"texture":"#1"}}},{"from":[9,10,7],"to":[14,10,9],"faces":{"down":{"uv":[9,7,14,9],"texture":"#1"}}},{"from":[7,2,6],"to":[9,3,6],"faces":{"south":{"uv":[7,13,9,14],"texture":"#1"}}},{"from":[9,10,9],"to":[13,11,9],"faces":{"south":{"uv":[9,5,13,6],"texture":"#1"}}},{"from":[3,10,9],"to":[7,11,9],"faces":{"south":{"uv":[3,5,7,6],"texture":"#1"}}},{"from":[2,2,9],"to":[6,3,9],"faces":{"south":{"uv":[2,13,6,14],"texture":"#1"}}},{"from":[10,2,9],"to":[14,3,9],"faces":{"south":{"uv":[10,13,14,14],"texture":"#1"}}},{"from":[5,3,9],"to":[7,4,9],"faces":{"south":{"uv":[5,12,7,13],"texture":"#1"}}},{"from":[9,3,9],"to":[11,4,9],"faces":{"south":{"uv":[9,12,11,13],"texture":"#1"}}},{"from":[6,4,9],"to":[7,5,9],"faces":{"south":{"uv":[6,11,7,12],"texture":"#1"}}},{"from":[9,4,9],"to":[10,5,9],"faces":{"south":{"uv":[9,11,10,12],"texture":"#1"}}},{"from":[7,5,9],"to":[9,10,9],"faces":{"south":{"uv":[7,6,9,11],"texture":"#1"}}},{"from":[7,4,10],"to":[9,5,10],"faces":{"south":{"uv":[7,11,9,12],"texture":"#1"}}},{"from":[7,3,11],"to":[9,4,11],"faces":{"south":{"uv":[7,12,9,13],"texture":"#1"}}},{"from":[7,2,14],"to":[9,3,14],"faces":{"south":{"uv":[7,13,9,14],"texture":"#1"}}},{"from":[7,2,2],"to":[9,3,2],"faces":{"north":{"uv":[7,13,9,14],"texture":"#1"}}},{"from":[7,3,5],"to":[9,4,5],"faces":{"north":{"uv":[7,12,9,13],"texture":"#1"}}},{"from":[7,4,6],"to":[9,5,6],"faces":{"north":{"uv":[7,11,9,12],"texture":"#1"}}},{"from":[9,10,7],"to":[13,11,7],"faces":{"north":{"uv":[3,5,7,6],"texture":"#1"}}},{"from":[3,10,7],"to":[7,11,7],"faces":{"north":{"uv":[9,5,13,6],"texture":"#1"}}},{"from":[2,2,7],"to":[6,3,7],"faces":{"north":{"uv":[10,13,14,14],"texture":"#1"}}},{"from":[10,2,7],"to":[14,3,7],"faces":{"north":{"uv":[2,13,6,14],"texture":"#1"}}},{"from":[5,3,7],"to":[7,4,7],"faces":{"north":{"uv":[9,12,11,13],"texture":"#1"}}},{"from":[9,3,7],"to":[11,4,7],"faces":{"north":{"uv":[5,12,7,13],"texture":"#1"}}},{"from":[6,4,7],"to":[7,5,7],"faces":{"north":{"uv":[9,11,10,12],"texture":"#1"}}},{"from":[9,4,7],"to":[10,5,7],"faces":{"north":{"uv":[6,11,7,12],"texture":"#1"}}},{"from":[7,5,7],"to":[9,10,7],"faces":{"north":{"uv":[7,6,9,11],"texture":"#1"}}},{"from":[7,2,10],"to":[9,3,10],"faces":{"north":{"uv":[7,13,9,14],"texture":"#1"}}},{"from":[7,0,0],"to":[9,0,2],"faces":{"down":{"uv":[7,14,9,16],"texture":"#2","cullface":"down"}}},{"from":[7,0,14],"to":[9,0,16],"faces":{"down":{"uv":[7,0,9,2],"texture":"#2","cullface":"down"}}},{"from":[0,0,7],"to":[2,0,9],"faces":{"down":{"uv":[0,7,2,9],"texture":"#2","cullface":"down"}}},{"from":[14,0,7],"to":[16,0,9],"faces":{"down":{"uv":[14,7,16,9],"texture":"#2","cullface":"down"}}},{"from":[7,0,0],"to":[9,2,0],"faces":{"north":{"uv":[7,14,9,16],"texture":"#2","cullface":"north"}}},{"from":[7,0,16],"to":[9,2,16],"faces":{"south":{"uv":[7,14,9,16],"texture":"#2","cullface":"south"}}},{"from":[0,0,7],"to":[0,2,9],"faces":{"west":{"uv":[7,14,9,16],"texture":"#2","cullface":"west"}}},{"from":[16,0,7],"to":[16,2,9],"faces":{"east":{"uv":[7,14,9,16],"texture":"#2","cullface":"east"}}},{"from":[2,0,7],"to":[2,2,9],"faces":{"east":{"uv":[7,14,9,16],"texture":"#2"}}},{"from":[9,0,0],"to":[9,2,2],"faces":{"east":{"uv":[14,14,16,16],"texture":"#2"}}},{"from":[9,0,14],"to":[9,2,16],"faces":{"east":{"uv":[0,14,2,16],"texture":"#2"}}},{"from":[7,0,0],"to":[7,2,2],"faces":{"west":{"uv":[0,14,2,16],"texture":"#2"}}},{"from":[7,0,14],"to":[7,2,16],"faces":{"west":{"uv":[14,14,16,16],"texture":"#2"}}},{"from":[14,0,7],"to":[14,2,9],"faces":{"west":{"uv":[7,14,9,16],"texture":"#2"}}},{"from":[7,2,0],"to":[9,2,2],"faces":{"up":{"uv":[7,0,9,2],"texture":"#2"}}},{"from":[7,2,14],"to":[9,2,16],"faces":{"up":{"uv":[7,14,9,16],"texture":"#2"}}},{"from":[0,2,7],"to":[2,2,9],"faces":{"up":{"uv":[0,7,2,9],"texture":"#2"}}},{"from":[14,2,7],"to":[16,2,9],"faces":{"up":{"uv":[14,7,16,9],"texture":"#2"}}},{"from":[7,0,2],"to":[9,2,2],"faces":{"south":{"uv":[7,14,9,16],"texture":"#2"}}},{"from":[0,0,9],"to":[2,2,9],"faces":{"south":{"uv":[0,14,2,16],"texture":"#2"}}},{"from":[14,0,9],"to":[16,2,9],"faces":{"south":{"uv":[14,14,16,16],"texture":"#2"}}},{"from":[0,0,7],"to":[2,2,7],"faces":{"north":{"uv":[14,14,16,16],"texture":"#2"}}},{"from":[14,0,7],"to":[16,2,7],"faces":{"north":{"uv":[0,14,2,16],"texture":"#2"}}},{"from":[7,0,14],"to":[9,2,14],"faces":{"north":{"uv":[7,14,9,16],"texture":"#2"}}}],"display":{"head":{"translation":[0,-20,0],"scale":[1.6,1.6,1.6]}}}