{
	"parent": "item/handheld",
	"textures": {
		"layer0": "item/carrot_on_a_stick"
	},
	"overrides": [
		{ "predicate": {"damaged": 0, "damage": 0.04}, "model": "powerup/dynamite"},
		{ "predicate": {"damaged": 0, "damage": 0.08}, "model": "powerup/dynamite2"},
		{ "predicate": {"damaged": 0, "damage": 0.12}, "model": "powerup/dynamite3"},
		{ "predicate": {"damaged": 0, "damage": 0.16}, "model": "powerup/dynamite4"},
		{ "predicate": {"damaged": 0, "damage": 0.2}, "model": "powerup/dynamite5"},
		{ "predicate": {"damaged": 0, "damage": 0.24}, "model": "item/hotbar"},
		{ "predicate": {"damaged": 0, "damage": 0.28}, "model": "item/apply_symbol"},
		{ "predicate": {"damaged": 0, "damage": 0.32}, "model": "powerup/turret"},
		{ "predicate": {"damaged": 0, "damage": 0.36}, "model": "item/ender_pearl"},
		{ "predicate": {"damaged": 0, "damage": 0.4}, "model": "powerup/slime"},
		{ "predicate": {"damaged": 0, "damage": 0.44}, "model": "powerup/cactus"},
		{ "predicate": {"damaged": 0, "damage": 0.48}, "model": "powerup/arrowshield"},
		{ "predicate": {"damaged": 0, "damage": 0.52}, "model": "powerup/propellor"},
		{ "predicate": {"damaged": 0, "damage": 0.56}, "model": "powerup/enderorb"},
		{ "predicate": {"damaged": 0, "damage": 0.6}, "model": "powerup/bombarrows"},
		{ "predicate": {"damaged": 0, "damage": 0.64}, "model": "powerup/console"},
		{ "predicate": {"damaged": 0, "damage": 0.68}, "model": "powerup/drill"},
		{ "predicate": {"damaged": 0, "damage": 0.72}, "model": "powerup/teleporter"},
		{ "predicate": {"damaged": 0, "damage": 0.76}, "model": "powerup/cloud"},
		{ "predicate": {"damaged": 0, "damage": 0.8}, "model": "powerup/rocket"},
		{ "predicate": {"damaged": 0, "damage": 0.84}, "model": "powerup/lightning"},
		{ "predicate": {"damaged": 0, "damage": 0.88}, "model": "powerup/beetroot"},
		{ "predicate": {"damaged": 0, "damage": 0.92}, "model": "powerup/spawnegg"},
		{ "predicate": {"damaged": 1}, "model": "item/carrot_on_a_stick"}
	]
}