{
	"parent": "item/handheld",
	"textures": {
		"layer0": "block/light_gray_stained_glass"
	},
	"display": {
	"thirdperson_righthand": {
			"scale":  [ 0, 0, 0 ]
		},
		"firstperson_righthand": {
			"scale":  [ 0, 0, 0 ]
		}
	},
	"overrides": [
        {
            "predicate": {
                "custom_model_data": 1
            },
            "model": "item/broken_sword"
        },
        {
            "predicate": {
                "custom_model_data": 2
            },
            "model": "item/broken_bow"
        }
	]
}