{
	"parent": "item/handheld",
	"textures": {
		"layer0": "item/iron_pickaxe"
	},
	"overrides": [
		{ "predicate": {"damaged": 0, "damage": 0.004}, "model": "powerupdis/dynamite"},
		{ "predicate": {"damaged": 0, "damage": 0.008}, "model": "powerupdis/dynamite2"},
		{ "predicate": {"damaged": 0, "damage": 0.012}, "model": "powerupdis/dynamite3"},
		{ "predicate": {"damaged": 0, "damage": 0.016}, "model": "powerupdis/dynamite4"},
		{ "predicate": {"damaged": 0, "damage": 0.02}, "model": "powerupdis/dynamite5"},
		{ "predicate": {"damaged": 0, "damage": 0.032}, "model": "powerupdis/turret"},
		{ "predicate": {"damaged": 0, "damage": 0.036}, "model": "item/carrot_on_a_stick"},
		{ "predicate": {"damaged": 0, "damage": 0.04}, "model": "powerupdis/slime"},
		{ "predicate": {"damaged": 0, "damage": 0.044}, "model": "powerupdis/cactus"},
		{ "predicate": {"damaged": 0, "damage": 0.048}, "model": "powerupdis/arrowshield"},
		{ "predicate": {"damaged": 0, "damage": 0.052}, "model": "powerupdis/propellor"},
		{ "predicate": {"damaged": 0, "damage": 0.056}, "model": "powerupdis/enderorb"},
		{ "predicate": {"damaged": 0, "damage": 0.06}, "model": "powerupdis/bombarrows"},
		{ "predicate": {"damaged": 0, "damage": 0.064}, "model": "powerupdis/console"},
		{ "predicate": {"damaged": 0, "damage": 0.068}, "model": "powerupdis/drill"},
		{ "predicate": {"damaged": 0, "damage": 0.072}, "model": "powerupdis/teleporter"},
		{ "predicate": {"damaged": 0, "damage": 0.076}, "model": "powerupdis/cloud"},
		{ "predicate": {"damaged": 0, "damage": 0.08}, "model": "powerupdis/rocket"},
		{ "predicate": {"damaged": 0, "damage": 0.084}, "model": "powerupdis/lightning"},
		{ "predicate": {"damaged": 0, "damage": 0.088}, "model": "powerupdis/beetroot"},
		{ "predicate": {"damaged": 0, "damage": 0.092}, "model": "powerupdis/spawnegg"},
		{ "predicate": {"damaged": 1}, "model": "item/iron_pickaxe"}
	]
}