{"textures":{"0":"object/magnify"},"elements":[{"from":[2.25,0,8],"to":[2.5,0.25,8.25],"faces":{"north":{"uv":[8.96,4.96,11.04,7.04],"texture":"#0"},"south":{"uv":[8.96,4.96,11.04,7.04],"texture":"#0"},"west":{"uv":[8.96,4.96,11.04,7.04],"texture":"#0"},"down":{"uv":[8.96,4.96,11.04,7.04],"texture":"#0"}}},{"from":[2.25,0.25,8],"to":[3.25,0.5,8.25],"faces":{"north":{"uv":[4.96,0.96,7.04,3.04],"texture":"#0"},"south":{"uv":[4.96,0.96,7.04,3.04],"texture":"#0"},"west":{"uv":[4.96,0.96,7.04,3.04],"texture":"#0"},"up":{"uv":[4.96,0.96,7.04,3.04],"texture":"#0"}}},{"from":[2.5,0,7.25],"to":[2.75,0.25,7.5],"faces":{"north":{"uv":[4.96,0.96,7.04,3.04],"texture":"#0"},"west":{"uv":[4.96,0.96,7.04,3.04],"texture":"#0"},"down":{"uv":[4.96,0.96,7.04,3.04],"texture":"#0"}}},{"from":[2.5,0,7.5],"to":[2.75,0.25,7.75],"faces":{"west":{"uv":[8.96,0.96,11.04,3.04],"texture":"#0"},"down":{"uv":[8.96,0.96,11.04,3.04],"texture":"#0"}}},{"from":[2.5,0,7.75],"to":[2.75,0.25,8],"faces":{"west":{"uv":[12.96,0.96,15.04,3.04],"texture":"#0"},"down":{"uv":[12.96,0.96,15.04,3.04],"texture":"#0"}}},{"from":[2.5,0,8],"to":[3,0.25,8.5],"faces":{"south":{"uv":[12.96,4.96,15.04,7.04],"texture":"#0"},"west":{"uv":[12.96,4.96,15.04,7.04],"texture":"#0"},"down":{"uv":[12.96,4.96,15.04,7.04],"texture":"#0"}}},{"from":[2.5,0.25,7.25],"to":[3.75,0.5,7.5],"faces":{"north":{"uv":[12.96,0.96,15.04,3.04],"texture":"#0"},"west":{"uv":[12.96,0.96,15.04,3.04],"texture":"#0"},"up":{"uv":[12.96,0.96,15.04,3.04],"texture":"#0"}}},{"from":[2.5,0.25,7.5],"to":[3,0.5,7.75],"faces":{"west":{"uv":[0.96,4.96,3.04,7.04],"texture":"#0"},"up":{"uv":[0.96,4.96,3.04,7.04],"texture":"#0"}}},{"from":[2.5,0.25,7.75],"to":[2.75,0.5,8],"faces":{"west":{"uv":[4.96,4.96,7.04,7.04],"texture":"#0"},"up":{"uv":[4.96,4.96,7.04,7.04],"texture":"#0"}}},{"from":[2.5,0.25,8.25],"to":[3.25,0.5,8.5],"faces":{"east":{"uv":[12.96,4.96,15.04,7.04],"texture":"#0"},"south":{"uv":[12.96,4.96,15.04,7.04],"texture":"#0"},"west":{"uv":[12.96,4.96,15.04,7.04],"texture":"#0"},"up":{"uv":[12.96,4.96,15.04,7.04],"texture":"#0"}}},{"from":[2.5,0.5,8],"to":[2.75,0.75,8.25],"faces":{"north":{"uv":[8.96,4.96,11.04,7.04],"texture":"#0"},"south":{"uv":[8.96,4.96,11.04,7.04],"texture":"#0"},"west":{"uv":[8.96,4.96,11.04,7.04],"texture":"#0"},"up":{"uv":[8.96,4.96,11.04,7.04],"texture":"#0"}}},{"from":[2.75,0,6.75],"to":[3.25,0.5,7],"faces":{"north":{"uv":[12.96,0.96,15.04,3.04],"texture":"#0"},"west":{"uv":[12.96,0.96,15.04,3.04],"texture":"#0"},"up":{"uv":[12.96,0.96,15.04,3.04],"texture":"#0"},"down":{"uv":[12.96,0.96,15.04,3.04],"texture":"#0"}}},{"from":[2.75,0,7],"to":[3,0.25,7.25],"faces":{"west":{"uv":[4.96,0.96,7.04,3.04],"texture":"#0"},"down":{"uv":[4.96,0.96,7.04,3.04],"texture":"#0"}}},{"from":[2.75,0,7.25],"to":[3.25,0.25,7.5],"faces":{"down":{"uv":[8.96,4.96,11.04,7.04],"texture":"#0"}}},{"from":[2.75,0,7.5],"to":[3,0.25,7.75],"faces":{"down":{"uv":[4.96,0.96,7.04,3.04],"texture":"#0"}}},{"from":[2.75,0,7.75],"to":[3,0.25,8],"faces":{"down":{"uv":[8.96,4.96,11.04,7.04],"texture":"#0"}}},{"from":[2.75,0.25,7],"to":[3,0.5,7.25],"faces":{"west":{"uv":[12.96,0.96,15.04,3.04],"texture":"#0"},"up":{"uv":[12.96,0.96,15.04,3.04],"texture":"#0"}}},{"from":[2.75,0.5,7.25],"to":[3,0.75,7.5],"faces":{"north":{"uv":[12.96,0.96,15.04,3.04],"texture":"#0"},"west":{"uv":[12.96,0.96,15.04,3.04],"texture":"#0"},"up":{"uv":[12.96,0.96,15.04,3.04],"texture":"#0"}}},{"from":[2.75,0.5,7.5],"to":[3,0.75,8],"faces":{"west":{"uv":[8.96,4.96,11.04,7.04],"texture":"#0"},"up":{"uv":[8.96,4.96,11.04,7.04],"texture":"#0"}}},{"from":[2.75,0.5,8],"to":[3,0.75,8.25],"faces":{"south":{"uv":[0.96,4.96,3.04,7.04],"texture":"#0"},"up":{"uv":[0.96,4.96,3.04,7.04],"texture":"#0"}}},{"from":[3,0,6.5],"to":[3.25,0.25,6.75],"faces":{"north":{"uv":[0.96,8.96,3.04,11.04],"texture":"#0"},"west":{"uv":[0.96,8.96,3.04,11.04],"texture":"#0"},"down":{"uv":[0.96,8.96,3.04,11.04],"texture":"#0"}}},{"from":[3,0,7],"to":[3.25,0.25,7.25],"faces":{"down":{"uv":[12.96,0.96,15.04,3.04],"texture":"#0"}}},{"from":[3,0,7.5],"to":[3.25,0.25,7.75],"faces":{"down":{"uv":[8.96,0.96,11.04,3.04],"texture":"#0"}}},{"from":[3,0,7.75],"to":[3.25,0.25,8],"faces":{"down":{"uv":[4.96,4.96,7.04,7.04],"texture":"#0"}}},{"from":[3,0,8],"to":[3.25,0.25,8.25],"faces":{"down":{"uv":[0.96,4.96,3.04,7.04],"texture":"#0"}}},{"from":[3,0,8.25],"to":[3.25,0.25,8.5],"faces":{"east":{"uv":[12.96,4.96,15.04,7.04],"texture":"#0"},"south":{"uv":[12.96,4.96,15.04,7.04],"texture":"#0"},"down":{"uv":[12.96,4.96,15.04,7.04],"texture":"#0"}}},{"from":[3,0.25,6.5],"to":[4.5,0.5,6.75],"faces":{"north":{"uv":[8.96,0.96,11.04,3.04],"texture":"#0"},"west":{"uv":[8.96,0.96,11.04,3.04],"texture":"#0"},"up":{"uv":[8.96,0.96,11.04,3.04],"texture":"#0"}}},{"from":[3,0.5,6.75],"to":[3.25,0.75,7],"faces":{"north":{"uv":[8.96,0.96,11.04,3.04],"texture":"#0"},"west":{"uv":[8.96,0.96,11.04,3.04],"texture":"#0"},"up":{"uv":[8.96,0.96,11.04,3.04],"texture":"#0"}}},{"from":[3,0.5,7],"to":[3.25,0.75,7.25],"faces":{"west":{"uv":[8.96,4.96,11.04,7.04],"texture":"#0"},"up":{"uv":[8.96,4.96,11.04,7.04],"texture":"#0"}}},{"from":[3,0.5,7.25],"to":[3.25,0.75,7.5],"faces":{"up":{"uv":[12.96,4.96,15.04,7.04],"texture":"#0"}}},{"from":[3,0.5,7.5],"to":[3.25,0.75,7.75],"faces":{"up":{"uv":[0.96,4.96,3.04,7.04],"texture":"#0"}}},{"from":[3,0.5,7.75],"to":[3.25,0.75,8],"faces":{"up":{"uv":[12.96,0.96,15.04,3.04],"texture":"#0"}}},{"from":[3,0.5,8],"to":[3.25,0.75,8.25],"faces":{"east":{"uv":[8.96,0.96,11.04,3.04],"texture":"#0"},"south":{"uv":[8.96,0.96,11.04,3.04],"texture":"#0"},"up":{"uv":[8.96,0.96,11.04,3.04],"texture":"#0"}}},{"from":[3.25,0,6.25],"to":[3.5,0.25,6.5],"faces":{"north":{"uv":[8.96,0.96,11.04,3.04],"texture":"#0"},"west":{"uv":[8.96,0.96,11.04,3.04],"texture":"#0"},"down":{"uv":[8.96,0.96,11.04,3.04],"texture":"#0"}}},{"from":[3.25,0,6.5],"to":[3.5,0.25,6.75],"faces":{"down":{"uv":[12.96,4.96,15.04,7.04],"texture":"#0"}}},{"from":[3.25,0,6.75],"to":[3.5,0.25,7.25],"faces":{"down":{"uv":[4.96,4.96,7.04,7.04],"texture":"#0"}}},{"from":[3.25,0,7.25],"to":[3.5,0.25,7.5],"faces":{"down":{"uv":[0.96,4.96,3.04,7.04],"texture":"#0"}}},{"from":[3.25,0,7.5],"to":[3.5,0.25,7.75],"faces":{"down":{"uv":[8.96,4.96,11.04,7.04],"texture":"#0"}}},{"from":[3.25,0,7.75],"to":[3.5,0.25,8],"faces":{"down":{"uv":[0.96,4.96,3.04,7.04],"texture":"#0"}}},{"from":[3.25,0,8],"to":[3.5,0.25,8.25],"faces":{"east":{"uv":[4.96,4.96,7.04,7.04],"texture":"#0"},"south":{"uv":[4.96,4.96,7.04,7.04],"texture":"#0"},"down":{"uv":[4.96,4.96,7.04,7.04],"texture":"#0"}}},{"from":[3.25,0.25,6.25],"to":[3.5,0.5,6.5],"faces":{"north":{"uv":[4.96,4.96,7.04,7.04],"texture":"#0"},"west":{"uv":[4.96,4.96,7.04,7.04],"texture":"#0"},"up":{"uv":[4.96,4.96,7.04,7.04],"texture":"#0"}}},{"from":[3.25,0.25,7.75],"to":[3.75,0.5,8],"faces":{"east":{"uv":[4.96,0.96,7.04,3.04],"texture":"#0"},"south":{"uv":[4.96,0.96,7.04,3.04],"texture":"#0"},"up":{"uv":[4.96,0.96,7.04,3.04],"texture":"#0"}}},{"from":[3.25,0.25,8],"to":[3.5,0.5,8.25],"faces":{"east":{"uv":[8.96,4.96,11.04,7.04],"texture":"#0"},"south":{"uv":[8.96,4.96,11.04,7.04],"texture":"#0"},"up":{"uv":[8.96,4.96,11.04,7.04],"texture":"#0"}}},{"from":[3.25,0.5,6.5],"to":[3.5,0.75,6.75],"faces":{"north":{"uv":[8.96,4.96,11.04,7.04],"texture":"#0"},"west":{"uv":[8.96,4.96,11.04,7.04],"texture":"#0"},"up":{"uv":[8.96,4.96,11.04,7.04],"texture":"#0"}}},{"from":[3.25,0.5,6.75],"to":[3.5,0.75,7],"faces":{"up":{"uv":[12.96,4.96,15.04,7.04],"texture":"#0"}}},{"from":[3.25,0.5,7],"to":[3.5,0.75,7.25],"faces":{"up":{"uv":[4.96,4.96,7.04,7.04],"texture":"#0"}}},{"from":[3.25,0.5,7.25],"to":[3.5,0.75,7.5],"faces":{"up":{"uv":[0.96,8.96,3.04,11.04],"texture":"#0"}}},{"from":[3.25,0.5,7.5],"to":[3.5,0.75,7.75],"faces":{"east":{"uv":[4.96,4.96,7.04,7.04],"texture":"#0"},"up":{"uv":[4.96,4.96,7.04,7.04],"texture":"#0"}}},{"from":[3.25,0.5,7.75],"to":[3.5,0.75,8],"faces":{"east":{"uv":[0.96,8.96,3.04,11.04],"texture":"#0"},"south":{"uv":[0.96,8.96,3.04,11.04],"texture":"#0"},"up":{"uv":[0.96,8.96,3.04,11.04],"texture":"#0"}}},{"from":[3.5,0,6],"to":[4,0.25,6.25],"faces":{"north":{"uv":[0.96,4.96,3.04,7.04],"texture":"#0"},"west":{"uv":[0.96,4.96,3.04,7.04],"texture":"#0"},"down":{"uv":[0.96,4.96,3.04,7.04],"texture":"#0"}}},{"from":[3.5,0,6.25],"to":[3.75,0.25,6.5],"faces":{"down":{"uv":[12.96,4.96,15.04,7.04],"texture":"#0"}}},{"from":[3.5,0,6.5],"to":[3.75,0.25,6.75],"faces":{"down":{"uv":[4.96,0.96,7.04,3.04],"texture":"#0"}}},{"from":[3.5,0,6.75],"to":[3.75,0.25,7],"faces":{"down":{"uv":[0.96,8.96,3.04,11.04],"texture":"#0"}}},{"from":[3.5,0,7],"to":[3.75,0.25,7.25],"faces":{"down":{"uv":[0.96,4.96,3.04,7.04],"texture":"#0"}}},{"from":[3.5,0,7.25],"to":[3.75,0.25,7.5],"faces":{"down":{"uv":[8.96,0.96,11.04,3.04],"texture":"#0"}}},{"from":[3.5,0,7.5],"to":[3.75,0.25,7.75],"faces":{"east":{"uv":[0.96,8.96,3.04,11.04],"texture":"#0"},"down":{"uv":[0.96,8.96,3.04,11.04],"texture":"#0"}}},{"from":[3.5,0,7.75],"to":[3.75,0.25,8],"faces":{"east":{"uv":[8.96,0.96,11.04,3.04],"texture":"#0"},"south":{"uv":[8.96,0.96,11.04,3.04],"texture":"#0"},"down":{"uv":[8.96,0.96,11.04,3.04],"texture":"#0"}}},{"from":[3.5,0.25,6],"to":[3.75,0.5,6.25],"faces":{"north":{"uv":[4.96,4.96,7.04,7.04],"texture":"#0"},"west":{"uv":[4.96,4.96,7.04,7.04],"texture":"#0"},"up":{"uv":[4.96,4.96,7.04,7.04],"texture":"#0"}}},{"from":[3.5,0.25,7.5],"to":[3.75,0.5,7.75],"faces":{"east":{"uv":[4.96,4.96,7.04,7.04],"texture":"#0"},"up":{"uv":[4.96,4.96,7.04,7.04],"texture":"#0"}}},{"from":[3.5,0.5,6.25],"to":[3.75,0.75,6.5],"faces":{"north":{"uv":[0.96,8.96,3.04,11.04],"texture":"#0"},"west":{"uv":[0.96,8.96,3.04,11.04],"texture":"#0"},"up":{"uv":[0.96,8.96,3.04,11.04],"texture":"#0"}}},{"from":[3.5,0.5,6.5],"to":[3.75,0.75,6.75],"faces":{"up":{"uv":[12.96,4.96,15.04,7.04],"texture":"#0"}}},{"from":[3.5,0.5,6.75],"to":[3.75,0.75,7],"faces":{"up":{"uv":[0.96,4.96,3.04,7.04],"texture":"#0"}}},{"from":[3.5,0.5,7],"to":[3.75,0.75,7.25],"faces":{"up":{"uv":[12.96,0.96,15.04,3.04],"texture":"#0"}}},{"from":[3.5,0.5,7.25],"to":[3.75,0.75,7.5],"faces":{"east":{"uv":[4.96,4.96,7.04,7.04],"texture":"#0"},"south":{"uv":[4.96,4.96,7.04,7.04],"texture":"#0"},"up":{"uv":[4.96,4.96,7.04,7.04],"texture":"#0"}}},{"from":[3.75,0,5.75],"to":[4,0.25,6],"faces":{"north":{"uv":[4.96,4.96,7.04,7.04],"texture":"#0"},"west":{"uv":[4.96,4.96,7.04,7.04],"texture":"#0"},"down":{"uv":[4.96,4.96,7.04,7.04],"texture":"#0"}}},{"from":[3.75,0,6.25],"to":[4,0.25,6.5],"faces":{"down":{"uv":[8.96,4.96,11.04,7.04],"texture":"#0"}}},{"from":[3.75,0,6.5],"to":[4,0.25,6.75],"faces":{"down":{"uv":[8.96,0.96,11.04,3.04],"texture":"#0"}}},{"from":[3.75,0,6.75],"to":[4,0.25,7],"faces":{"down":{"uv":[0.96,4.96,3.04,7.04],"texture":"#0"}}},{"from":[3.75,0,7],"to":[4,0.25,7.25],"faces":{"down":{"uv":[12.96,0.96,15.04,3.04],"texture":"#0"}}},{"from":[3.75,0,7.25],"to":[4,0.25,7.5],"faces":{"east":{"uv":[12.96,4.96,15.04,7.04],"texture":"#0"},"south":{"uv":[12.96,4.96,15.04,7.04],"texture":"#0"},"down":{"uv":[12.96,4.96,15.04,7.04],"texture":"#0"}}},{"from":[3.75,0.25,5.75],"to":[8.25,0.5,6],"faces":{"north":{"uv":[0.96,4.96,3.04,7.04],"texture":"#0"},"west":{"uv":[0.96,4.96,3.04,7.04],"texture":"#0"},"up":{"uv":[0.96,4.96,3.04,7.04],"texture":"#0"}}},{"from":[3.75,0.25,6],"to":[4,0.75,6.25],"faces":{"north":{"uv":[0.96,4.96,3.04,7.04],"texture":"#0"},"west":{"uv":[0.96,4.96,3.04,7.04],"texture":"#0"},"up":{"uv":[0.96,4.96,3.04,7.04],"texture":"#0"}}},{"from":[3.75,0.25,7.25],"to":[4,0.5,7.5],"faces":{"east":{"uv":[4.96,4.96,7.04,7.04],"texture":"#0"},"south":{"uv":[4.96,4.96,7.04,7.04],"texture":"#0"},"up":{"uv":[4.96,4.96,7.04,7.04],"texture":"#0"}}},{"from":[3.75,0.5,6.25],"to":[4,0.75,6.5],"faces":{"up":{"uv":[8.96,0.96,11.04,3.04],"texture":"#0"}}},{"from":[3.75,0.5,6.5],"to":[4,0.75,6.75],"faces":{"up":{"uv":[4.96,0.96,7.04,3.04],"texture":"#0"}}},{"from":[3.75,0.5,6.75],"to":[4.25,0.75,7],"faces":{"east":{"uv":[0.96,8.96,3.04,11.04],"texture":"#0"},"south":{"uv":[0.96,8.96,3.04,11.04],"texture":"#0"},"up":{"uv":[0.96,8.96,3.04,11.04],"texture":"#0"}}},{"from":[3.75,0.5,7],"to":[4,0.75,7.25],"faces":{"east":{"uv":[4.96,4.96,7.04,7.04],"texture":"#0"},"south":{"uv":[4.96,4.96,7.04,7.04],"texture":"#0"},"up":{"uv":[4.96,4.96,7.04,7.04],"texture":"#0"}}},{"from":[4,0,5.5],"to":[4.25,0.25,5.75],"faces":{"north":{"uv":[12.96,4.96,15.04,7.04],"texture":"#0"},"west":{"uv":[12.96,4.96,15.04,7.04],"texture":"#0"},"down":{"uv":[12.96,4.96,15.04,7.04],"texture":"#0"}}},{"from":[4,0,5.75],"to":[4.25,0.25,6],"faces":{"down":{"uv":[12.96,0.96,15.04,3.04],"texture":"#0"}}},{"from":[4,0,6],"to":[4.5,0.25,6.25],"faces":{"down":{"uv":[4.96,0.96,7.04,3.04],"texture":"#0"}}},{"from":[4,0,6.25],"to":[4.25,0.75,6.5],"faces":{"up":{"uv":[0.96,8.96,3.04,11.04],"texture":"#0"},"down":{"uv":[0.96,8.96,3.04,11.04],"texture":"#0"}}},{"from":[4,0,6.5],"to":[4.25,0.25,6.75],"faces":{"down":{"uv":[8.96,4.96,11.04,7.04],"texture":"#0"}}},{"from":[4,0,6.75],"to":[4.25,0.25,7],"faces":{"down":{"uv":[0.96,8.96,3.04,11.04],"texture":"#0"}}},{"from":[4,0,7],"to":[4.25,0.25,7.25],"faces":{"east":{"uv":[12.96,4.96,15.04,7.04],"texture":"#0"},"south":{"uv":[12.96,4.96,15.04,7.04],"texture":"#0"},"down":{"uv":[12.96,4.96,15.04,7.04],"texture":"#0"}}},{"from":[4,0.25,5.5],"to":[4.25,0.5,5.75],"faces":{"north":{"uv":[4.96,0.96,7.04,3.04],"texture":"#0"},"west":{"uv":[4.96,0.96,7.04,3.04],"texture":"#0"},"up":{"uv":[4.96,0.96,7.04,3.04],"texture":"#0"}}},{"from":[4,0.25,7],"to":[4.25,0.5,7.25],"faces":{"east":{"uv":[4.96,4.96,7.04,7.04],"texture":"#0"},"south":{"uv":[4.96,4.96,7.04,7.04],"texture":"#0"},"up":{"uv":[4.96,4.96,7.04,7.04],"texture":"#0"}}},{"from":[4,0.5,5.75],"to":[4.25,0.75,6],"faces":{"north":{"uv":[0.96,4.96,3.04,7.04],"texture":"#0"},"west":{"uv":[0.96,4.96,3.04,7.04],"texture":"#0"},"up":{"uv":[0.96,4.96,3.04,7.04],"texture":"#0"}}},{"from":[4,0.5,6],"to":[4.25,0.75,6.25],"faces":{"up":{"uv":[4.96,4.96,7.04,7.04],"texture":"#0"}}},{"from":[4,0.5,6.5],"to":[4.25,0.75,6.75],"faces":{"up":{"uv":[0.96,8.96,3.04,11.04],"texture":"#0"}}},{"from":[4.25,0,5.5],"to":[4.75,0.25,5.75],"faces":{"north":{"uv":[4.96,0.96,7.04,3.04],"texture":"#0"},"down":{"uv":[4.96,0.96,7.04,3.04],"texture":"#0"}}},{"from":[4.25,0,5.75],"to":[4.5,0.25,6],"faces":{"down":{"uv":[8.96,4.96,11.04,7.04],"texture":"#0"}}},{"from":[4.25,0,6.25],"to":[4.5,0.25,6.5],"faces":{"down":{"uv":[0.96,4.96,3.04,7.04],"texture":"#0"}}},{"from":[4.25,0,6.5],"to":[4.5,0.25,6.75],"faces":{"down":{"uv":[12.96,4.96,15.04,7.04],"texture":"#0"}}},{"from":[4.25,0,6.75],"to":[4.5,0.25,7],"faces":{"east":{"uv":[8.96,4.96,11.04,7.04],"texture":"#0"},"south":{"uv":[8.96,4.96,11.04,7.04],"texture":"#0"},"down":{"uv":[8.96,4.96,11.04,7.04],"texture":"#0"}}},{"from":[4.25,0.25,5.5],"to":[4.5,0.5,5.75],"faces":{"north":{"uv":[0.96,8.96,3.04,11.04],"texture":"#0"},"up":{"uv":[0.96,8.96,3.04,11.04],"texture":"#0"}}},{"from":[4.25,0.25,6.75],"to":[4.5,0.5,7],"faces":{"east":{"uv":[0.96,4.96,3.04,7.04],"texture":"#0"},"south":{"uv":[0.96,4.96,3.04,7.04],"texture":"#0"},"up":{"uv":[0.96,4.96,3.04,7.04],"texture":"#0"}}},{"from":[4.25,0.5,5.75],"to":[4.5,0.75,6.25],"faces":{"north":{"uv":[8.96,0.96,11.04,3.04],"texture":"#0"},"up":{"uv":[8.96,0.96,11.04,3.04],"texture":"#0"}}},{"from":[4.25,0.5,6.25],"to":[4.5,0.75,6.5],"faces":{"up":{"uv":[4.96,0.96,7.04,3.04],"texture":"#0"}}},{"from":[4.25,0.5,6.5],"to":[4.5,0.75,6.75],"faces":{"east":{"uv":[12.96,0.96,15.04,3.04],"texture":"#0"},"south":{"uv":[12.96,0.96,15.04,3.04],"texture":"#0"},"up":{"uv":[12.96,0.96,15.04,3.04],"texture":"#0"}}},{"from":[4.5,0,5.25],"to":[4.75,0.25,5.5],"faces":{"north":{"uv":[4.96,0.96,7.04,3.04],"texture":"#0"},"west":{"uv":[4.96,0.96,7.04,3.04],"texture":"#0"},"down":{"uv":[4.96,0.96,7.04,3.04],"texture":"#0"}}},{"from":[4.5,0,5.75],"to":[4.75,0.25,6.25],"faces":{"down":{"uv":[12.96,0.96,15.04,3.04],"texture":"#0"}}},{"from":[4.5,0,6.25],"to":[5,0.25,6.5],"faces":{"south":{"uv":[4.96,0.96,7.04,3.04],"texture":"#0"},"down":{"uv":[4.96,0.96,7.04,3.04],"texture":"#0"}}},{"from":[4.5,0,6.5],"to":[4.75,0.25,6.75],"faces":{"east":{"uv":[0.96,8.96,3.04,11.04],"texture":"#0"},"south":{"uv":[0.96,8.96,3.04,11.04],"texture":"#0"},"down":{"uv":[0.96,8.96,3.04,11.04],"texture":"#0"}}},{"from":[4.5,0.25,5.25],"to":[4.75,0.5,5.5],"faces":{"north":{"uv":[8.96,0.96,11.04,3.04],"texture":"#0"},"west":{"uv":[8.96,0.96,11.04,3.04],"texture":"#0"},"up":{"uv":[8.96,0.96,11.04,3.04],"texture":"#0"}}},{"from":[4.5,0.25,6.5],"to":[4.75,0.5,6.75],"faces":{"east":{"uv":[4.96,0.96,7.04,3.04],"texture":"#0"},"south":{"uv":[4.96,0.96,7.04,3.04],"texture":"#0"},"up":{"uv":[4.96,0.96,7.04,3.04],"texture":"#0"}}},{"from":[4.5,0.5,5.5],"to":[4.75,0.75,5.75],"faces":{"north":{"uv":[12.96,0.96,15.04,3.04],"texture":"#0"},"west":{"uv":[12.96,0.96,15.04,3.04],"texture":"#0"},"up":{"uv":[12.96,0.96,15.04,3.04],"texture":"#0"}}},{"from":[4.5,0.5,5.75],"to":[4.75,0.75,6],"faces":{"up":{"uv":[0.96,4.96,3.04,7.04],"texture":"#0"}}},{"from":[4.5,0.5,6],"to":[4.75,0.75,6.25],"faces":{"up":{"uv":[4.96,0.96,7.04,3.04],"texture":"#0"}}},{"from":[4.5,0.5,6.25],"to":[4.75,0.75,6.5],"faces":{"east":{"uv":[4.96,4.96,7.04,7.04],"texture":"#0"},"south":{"uv":[4.96,4.96,7.04,7.04],"texture":"#0"},"up":{"uv":[4.96,4.96,7.04,7.04],"texture":"#0"}}},{"from":[4.75,0,5.25],"to":[5,0.25,5.5],"faces":{"north":{"uv":[0.96,8.96,3.04,11.04],"texture":"#0"},"down":{"uv":[0.96,8.96,3.04,11.04],"texture":"#0"}}},{"from":[4.75,0,5.5],"to":[5.25,0.25,5.75],"faces":{"down":{"uv":[4.96,4.96,7.04,7.04],"texture":"#0"}}},{"from":[4.75,0,5.75],"to":[5,0.25,6],"faces":{"down":{"uv":[0.96,8.96,3.04,11.04],"texture":"#0"}}},{"from":[4.75,0,6],"to":[5,0.25,6.25],"faces":{"down":{"uv":[8.96,4.96,11.04,7.04],"texture":"#0"}}},{"from":[4.75,0.25,5.25],"to":[5,0.5,5.5],"faces":{"north":{"uv":[12.96,0.96,15.04,3.04],"texture":"#0"},"up":{"uv":[12.96,0.96,15.04,3.04],"texture":"#0"}}},{"from":[4.75,0.25,6.25],"to":[5,0.5,6.5],"faces":{"south":{"uv":[12.96,4.96,15.04,7.04],"texture":"#0"},"up":{"uv":[12.96,4.96,15.04,7.04],"texture":"#0"}}},{"from":[4.75,0.5,5.5],"to":[5,0.75,5.75],"faces":{"north":{"uv":[8.96,4.96,11.04,7.04],"texture":"#0"},"up":{"uv":[8.96,4.96,11.04,7.04],"texture":"#0"}}},{"from":[4.75,0.5,5.75],"to":[5,0.75,6],"faces":{"up":{"uv":[4.96,4.96,7.04,7.04],"texture":"#0"}}},{"from":[4.75,0.5,6],"to":[5,0.75,6.25],"faces":{"south":{"uv":[12.96,4.96,15.04,7.04],"texture":"#0"},"up":{"uv":[12.96,4.96,15.04,7.04],"texture":"#0"}}},{"from":[4.75,7.0312,7.6562],"to":[5,7.2812,8.1562],"rotation":{"angle":-22.5,"axis":"x","origin":[4.75,7.03125,7.65625]},"faces":{"north":{"uv":[0.96,8.96,3.04,11.04],"texture":"#0"},"east":{"uv":[0.96,8.96,3.04,11.04],"texture":"#0"},"west":{"uv":[0.96,8.96,3.04,11.04],"texture":"#0"},"up":{"uv":[0.96,8.96,3.04,11.04],"texture":"#0"},"down":{"uv":[0.96,8.96,3.04,11.04],"texture":"#0"}}},{"from":[4.75,7.0312,8.1562],"to":[5,7.2812,8.4062],"rotation":{"angle":-22.5,"axis":"x","origin":[4.75,7.03125,7.65625]},"faces":{"east":{"uv":[8.96,4.96,11.04,7.04],"texture":"#0"},"south":{"uv":[8.96,4.96,11.04,7.04],"texture":"#0"},"west":{"uv":[8.96,4.96,11.04,7.04],"texture":"#0"},"up":{"uv":[8.96,4.96,11.04,7.04],"texture":"#0"},"down":{"uv":[8.96,4.96,11.04,7.04],"texture":"#0"}}},{"from":[4.75,7.0313,8.4062],"to":[5,7.2813,8.6562],"rotation":{"angle":-22.5,"axis":"x","origin":[4.75,7.03125,7.65625]},"faces":{"north":{"uv":[4.96,4.96,7.04,7.04],"texture":"#0"},"east":{"uv":[4.96,4.96,7.04,7.04],"texture":"#0"},"south":{"uv":[4.96,4.96,7.04,7.04],"texture":"#0"},"west":{"uv":[4.96,4.96,7.04,7.04],"texture":"#0"},"up":{"uv":[4.96,4.96,7.04,7.04],"texture":"#0"},"down":{"uv":[4.96,4.96,7.04,7.04],"texture":"#0"}}},{"from":[4.75,7.0312,8.6562],"to":[5,7.2812,8.9062],"rotation":{"angle":-22.5,"axis":"x","origin":[4.75,7.03125,7.65625]},"faces":{"north":{"uv":[8.96,0.96,11.04,3.04],"texture":"#0"},"south":{"uv":[8.96,0.96,11.04,3.04],"texture":"#0"},"west":{"uv":[8.96,0.96,11.04,3.04],"texture":"#0"},"up":{"uv":[8.96,0.96,11.04,3.04],"texture":"#0"},"down":{"uv":[8.96,0.96,11.04,3.04],"texture":"#0"}}},{"from":[4.75,7.0313,8.9062],"to":[5,7.2813,9.1562],"rotation":{"angle":-22.5,"axis":"x","origin":[4.75,7.03125,7.65625]},"faces":{"north":{"uv":[0.96,8.96,3.04,11.04],"texture":"#0"},"east":{"uv":[0.96,8.96,3.04,11.04],"texture":"#0"},"south":{"uv":[0.96,8.96,3.04,11.04],"texture":"#0"},"west":{"uv":[0.96,8.96,3.04,11.04],"texture":"#0"},"up":{"uv":[0.96,8.96,3.04,11.04],"texture":"#0"},"down":{"uv":[0.96,8.96,3.04,11.04],"texture":"#0"}}},{"from":[5,0,5.25],"to":[5.25,0.25,5.5],"faces":{"north":{"uv":[0.96,4.96,3.04,7.04],"texture":"#0"},"down":{"uv":[0.96,4.96,3.04,7.04],"texture":"#0"}}},{"from":[5,0,5.75],"to":[5.25,0.25,6],"faces":{"down":{"uv":[4.96,0.96,7.04,3.04],"texture":"#0"}}},{"from":[5,0,6],"to":[5.5,0.25,6.25],"faces":{"south":{"uv":[12.96,0.96,15.04,3.04],"texture":"#0"},"down":{"uv":[12.96,0.96,15.04,3.04],"texture":"#0"}}},{"from":[5,0,6.25],"to":[5.25,0.25,6.5],"faces":{"east":{"uv":[0.96,8.96,3.04,11.04],"texture":"#0"},"south":{"uv":[0.96,8.96,3.04,11.04],"texture":"#0"},"down":{"uv":[0.96,8.96,3.04,11.04],"texture":"#0"}}},{"from":[5,0.25,5.25],"to":[7,0.5,5.5],"faces":{"north":{"uv":[4.96,0.96,7.04,3.04],"texture":"#0"},"up":{"uv":[4.96,0.96,7.04,3.04],"texture":"#0"}}},{"from":[5,0.25,6],"to":[5.25,0.75,6.25],"faces":{"east":{"uv":[8.96,0.96,11.04,3.04],"texture":"#0"},"south":{"uv":[8.96,0.96,11.04,3.04],"texture":"#0"},"up":{"uv":[8.96,0.96,11.04,3.04],"texture":"#0"}}},{"from":[5,0.25,6.25],"to":[5.25,0.5,6.5],"faces":{"east":{"uv":[12.96,0.96,15.04,3.04],"texture":"#0"},"south":{"uv":[12.96,0.96,15.04,3.04],"texture":"#0"},"up":{"uv":[12.96,0.96,15.04,3.04],"texture":"#0"}}},{"from":[5,0.5,5.5],"to":[5.25,0.75,5.75],"faces":{"north":{"uv":[0.96,8.96,3.04,11.04],"texture":"#0"},"up":{"uv":[0.96,8.96,3.04,11.04],"texture":"#0"}}},{"from":[5,0.5,5.75],"to":[5.25,0.75,6],"faces":{"up":{"uv":[4.96,0.96,7.04,3.04],"texture":"#0"}}},{"from":[5,7.0312,7.4063],"to":[5.25,7.2812,7.6563],"rotation":{"angle":-22.5,"axis":"x","origin":[4.75,7.03125,7.65625]},"faces":{"north":{"uv":[12.96,4.96,15.04,7.04],"texture":"#0"},"west":{"uv":[12.96,4.96,15.04,7.04],"texture":"#0"},"up":{"uv":[12.96,4.96,15.04,7.04],"texture":"#0"},"down":{"uv":[12.96,4.96,15.04,7.04],"texture":"#0"}}},{"from":[5,7.0312,7.6562],"to":[5.25,7.2812,7.9062],"rotation":{"angle":-22.5,"axis":"x","origin":[4.75,7.03125,7.65625]},"faces":{"east":{"uv":[12.96,0.96,15.04,3.04],"texture":"#0"},"south":{"uv":[12.96,0.96,15.04,3.04],"texture":"#0"},"up":{"uv":[12.96,0.96,15.04,3.04],"texture":"#0"},"down":{"uv":[12.96,0.96,15.04,3.04],"texture":"#0"}}},{"from":[5,7.0312,8.6562],"to":[5.25,7.2812,8.9062],"rotation":{"angle":-22.5,"axis":"x","origin":[4.75,7.03125,7.65625]},"faces":{"north":{"uv":[0.96,8.96,3.04,11.04],"texture":"#0"},"east":{"uv":[0.96,8.96,3.04,11.04],"texture":"#0"},"south":{"uv":[0.96,8.96,3.04,11.04],"texture":"#0"},"up":{"uv":[0.96,8.96,3.04,11.04],"texture":"#0"},"down":{"uv":[0.96,8.96,3.04,11.04],"texture":"#0"}}},{"from":[5.25,0,5],"to":[5.5,0.25,5.25],"faces":{"north":{"uv":[8.96,4.96,11.04,7.04],"texture":"#0"},"west":{"uv":[8.96,4.96,11.04,7.04],"texture":"#0"},"down":{"uv":[8.96,4.96,11.04,7.04],"texture":"#0"}}},{"from":[5.25,0,5.25],"to":[5.5,0.25,5.5],"faces":{"down":{"uv":[12.96,4.96,15.04,7.04],"texture":"#0"}}},{"from":[5.25,0,5.5],"to":[5.75,0.25,5.75],"faces":{"down":{"uv":[4.96,0.96,7.04,3.04],"texture":"#0"}}},{"from":[5.25,0,5.75],"to":[5.5,0.25,6],"faces":{"down":{"uv":[12.96,4.96,15.04,7.04],"texture":"#0"}}},{"from":[5.25,0.25,5],"to":[5.5,0.5,5.25],"faces":{"north":{"uv":[4.96,0.96,7.04,3.04],"texture":"#0"},"west":{"uv":[4.96,0.96,7.04,3.04],"texture":"#0"},"up":{"uv":[4.96,0.96,7.04,3.04],"texture":"#0"}}},{"from":[5.25,0.25,6],"to":[5.5,0.5,6.25],"faces":{"south":{"uv":[0.96,4.96,3.04,7.04],"texture":"#0"},"up":{"uv":[0.96,4.96,3.04,7.04],"texture":"#0"}}},{"from":[5.25,0.5,5.25],"to":[5.5,0.75,5.5],"faces":{"north":{"uv":[12.96,0.96,15.04,3.04],"texture":"#0"},"west":{"uv":[12.96,0.96,15.04,3.04],"texture":"#0"},"up":{"uv":[12.96,0.96,15.04,3.04],"texture":"#0"}}},{"from":[5.25,0.5,5.5],"to":[5.75,0.75,5.75],"faces":{"up":{"uv":[4.96,4.96,7.04,7.04],"texture":"#0"}}},{"from":[5.25,0.5,5.75],"to":[5.5,0.75,6],"faces":{"south":{"uv":[0.96,4.96,3.04,7.04],"texture":"#0"},"up":{"uv":[0.96,4.96,3.04,7.04],"texture":"#0"}}},{"from":[5.25,7.0313,7.1562],"to":[5.5,7.2813,7.4062],"rotation":{"angle":-22.5,"axis":"x","origin":[4.75,7.03125,7.65625]},"faces":{"north":{"uv":[12.96,4.96,15.04,7.04],"texture":"#0"},"south":{"uv":[12.96,4.96,15.04,7.04],"texture":"#0"},"west":{"uv":[12.96,4.96,15.04,7.04],"texture":"#0"},"up":{"uv":[12.96,4.96,15.04,7.04],"texture":"#0"},"down":{"uv":[12.96,4.96,15.04,7.04],"texture":"#0"}}},{"from":[5.25,7.0312,7.4063],"to":[5.5,7.2812,7.6563],"rotation":{"angle":-22.5,"axis":"x","origin":[4.75,7.03125,7.65625]},"faces":{"north":{"uv":[4.96,0.96,7.04,3.04],"texture":"#0"},"east":{"uv":[4.96,0.96,7.04,3.04],"texture":"#0"},"south":{"uv":[4.96,0.96,7.04,3.04],"texture":"#0"},"up":{"uv":[4.96,0.96,7.04,3.04],"texture":"#0"},"down":{"uv":[4.96,0.96,7.04,3.04],"texture":"#0"}}},{"from":[5.25,7.4062,7.4063],"to":[5.5,7.6562,7.6563],"rotation":{"angle":22.5,"axis":"x","origin":[4.75,4.90625,7.65625]},"faces":{"north":{"uv":[11.04,3.04,8.96,0.96],"texture":"#0"},"east":{"uv":[8.96,0.96,11.04,3.04],"rotation":90,"texture":"#0"},"south":{"uv":[8.96,0.96,11.04,3.04],"texture":"#0"},"west":{"uv":[8.96,0.96,11.04,3.04],"rotation":270,"texture":"#0"},"down":{"uv":[11.04,3.04,8.96,0.96],"texture":"#0"}}},{"from":[5.25,7.6562,7.4063],"to":[5.5,7.9062,7.6563],"rotation":{"angle":22.5,"axis":"x","origin":[4.75,4.90625,7.65625]},"faces":{"north":{"uv":[15.04,7.04,12.96,4.96],"texture":"#0"},"east":{"uv":[12.96,4.96,15.04,7.04],"rotation":90,"texture":"#0"},"south":{"uv":[12.96,4.96,15.04,7.04],"texture":"#0"},"west":{"uv":[12.96,4.96,15.04,7.04],"rotation":270,"texture":"#0"},"up":{"uv":[12.96,4.96,15.04,7.04],"texture":"#0"}}},{"from":[5.25,7.9062,7.4062],"to":[5.5,8.1562,7.6562],"rotation":{"angle":22.5,"axis":"x","origin":[4.75,4.90625,7.65625]},"faces":{"north":{"uv":[3.04,11.04,0.96,8.96],"texture":"#0"},"east":{"uv":[0.96,8.96,3.04,11.04],"rotation":90,"texture":"#0"},"south":{"uv":[0.96,8.96,3.04,11.04],"texture":"#0"},"west":{"uv":[0.96,8.96,3.04,11.04],"rotation":270,"texture":"#0"},"up":{"uv":[0.96,8.96,3.04,11.04],"texture":"#0"},"down":{"uv":[3.04,11.04,0.96,8.96],"texture":"#0"}}},{"from":[5.5,0,5],"to":[5.75,0.25,5.25],"faces":{"north":{"uv":[12.96,4.96,15.04,7.04],"texture":"#0"},"down":{"uv":[12.96,4.96,15.04,7.04],"texture":"#0"}}},{"from":[5.5,0,5.25],"to":[5.75,0.25,5.5],"faces":{"down":{"uv":[8.96,0.96,11.04,3.04],"texture":"#0"}}},{"from":[5.5,0,5.75],"to":[5.75,0.25,6.25],"faces":{"south":{"uv":[8.96,0.96,11.04,3.04],"texture":"#0"},"down":{"uv":[8.96,0.96,11.04,3.04],"texture":"#0"}}},{"from":[5.5,0.25,5],"to":[5.75,0.5,5.25],"faces":{"north":{"uv":[8.96,0.96,11.04,3.04],"texture":"#0"}}},{"from":[5.5,0.25,6],"to":[5.75,0.5,6.25],"faces":{"south":{"uv":[4.96,0.96,7.04,3.04],"texture":"#0"}}},{"from":[5.5,0.5,5],"to":[5.75,0.75,5.25],"faces":{"north":{"uv":[8.96,4.96,11.04,7.04],"texture":"#0"},"east":{"uv":[8.96,4.96,11.04,7.04],"texture":"#0"},"west":{"uv":[8.96,4.96,11.04,7.04],"texture":"#0"}}},{"from":[5.5,0.5,5.25],"to":[5.75,1,5.5],"faces":{"east":{"uv":[12.96,4.96,15.04,7.04],"texture":"#0"},"west":{"uv":[12.96,4.96,15.04,7.04],"texture":"#0"}}},{"from":[5.5,0.5,6],"to":[5.75,0.75,6.25],"faces":{"east":{"uv":[4.96,4.96,7.04,7.04],"texture":"#0"},"south":{"uv":[4.96,4.96,7.04,7.04],"texture":"#0"},"west":{"uv":[4.96,4.96,7.04,7.04],"texture":"#0"}}},{"from":[5.5,0.75,5],"to":[5.75,1,5.25],"faces":{"north":{"uv":[12.96,4.96,15.04,7.04],"texture":"#0"},"east":{"uv":[12.96,4.96,15.04,7.04],"texture":"#0"},"west":{"uv":[12.96,4.96,15.04,7.04],"texture":"#0"},"up":{"uv":[12.96,4.96,15.04,7.04],"texture":"#0"}}},{"from":[5.5,0.75,5.5],"to":[5.75,1,5.75],"faces":{"east":{"uv":[4.96,0.96,7.04,3.04],"texture":"#0"},"west":{"uv":[4.96,0.96,7.04,3.04],"texture":"#0"}}},{"from":[5.5,0.75,5.75],"to":[5.75,1,6],"faces":{"east":{"uv":[4.96,4.96,7.04,7.04],"texture":"#0"},"west":{"uv":[4.96,4.96,7.04,7.04],"texture":"#0"}}},{"from":[5.5,0.75,6],"to":[5.75,1,6.25],"faces":{"east":{"uv":[12.96,0.96,15.04,3.04],"texture":"#0"},"south":{"uv":[12.96,0.96,15.04,3.04],"texture":"#0"},"west":{"uv":[12.96,0.96,15.04,3.04],"texture":"#0"},"up":{"uv":[12.96,0.96,15.04,3.04],"texture":"#0"}}},{"from":[5.5,1,5.25],"to":[5.75,1.25,5.5],"faces":{"north":{"uv":[8.96,0.96,11.04,3.04],"texture":"#0"},"east":{"uv":[8.96,0.96,11.04,3.04],"texture":"#0"},"west":{"uv":[8.96,0.96,11.04,3.04],"texture":"#0"}}},{"from":[5.5,1,5.5],"to":[5.75,1.25,6],"faces":{"east":{"uv":[12.96,0.96,15.04,3.04],"texture":"#0"},"south":{"uv":[12.96,0.96,15.04,3.04],"texture":"#0"},"west":{"uv":[12.96,0.96,15.04,3.04],"texture":"#0"}}},{"from":[5.5,1.25,5.25],"to":[5.75,1.5,5.5],"faces":{"north":{"uv":[4.96,4.96,7.04,7.04],"texture":"#0"},"east":{"uv":[4.96,4.96,7.04,7.04],"texture":"#0"},"west":{"uv":[4.96,4.96,7.04,7.04],"texture":"#0"},"up":{"uv":[4.96,4.96,7.04,7.04],"texture":"#0"}}},{"from":[5.5,1.25,5.5],"to":[5.75,1.5,6],"faces":{"east":{"uv":[4.96,0.96,7.04,3.04],"texture":"#0"},"south":{"uv":[4.96,0.96,7.04,3.04],"texture":"#0"},"west":{"uv":[4.96,0.96,7.04,3.04],"texture":"#0"},"up":{"uv":[4.96,0.96,7.04,3.04],"texture":"#0"}}},{"from":[5.5,5.3125,3.75],"to":[6.5,5.5625,4],"rotation":{"angle":-22.5,"axis":"x","origin":[5.75,5.3125,3.5]},"faces":{"north":{"uv":[12.96,0.96,15.04,3.04],"texture":"#0"},"south":{"uv":[12.96,0.96,15.04,3.04],"texture":"#0"},"west":{"uv":[12.96,0.96,15.04,3.04],"texture":"#0"},"up":{"uv":[12.96,0.96,15.04,3.04],"texture":"#0"},"down":{"uv":[12.96,0.96,15.04,3.04],"texture":"#0"}}},{"from":[5.5,7.0312,6.9062],"to":[5.75,7.2812,7.1562],"rotation":{"angle":-22.5,"axis":"x","origin":[4.75,7.03125,7.65625]},"faces":{"north":{"uv":[12.96,4.96,15.04,7.04],"texture":"#0"},"south":{"uv":[12.96,4.96,15.04,7.04],"texture":"#0"},"west":{"uv":[12.96,4.96,15.04,7.04],"texture":"#0"},"up":{"uv":[12.96,4.96,15.04,7.04],"texture":"#0"},"down":{"uv":[12.96,4.96,15.04,7.04],"texture":"#0"}}},{"from":[5.5,7.0313,7.1562],"to":[5.75,7.2813,7.4062],"rotation":{"angle":-22.5,"axis":"x","origin":[4.75,7.03125,7.65625]},"faces":{"north":{"uv":[8.96,4.96,11.04,7.04],"texture":"#0"},"east":{"uv":[8.96,4.96,11.04,7.04],"texture":"#0"},"south":{"uv":[8.96,4.96,11.04,7.04],"texture":"#0"},"up":{"uv":[8.96,4.96,11.04,7.04],"texture":"#0"},"down":{"uv":[8.96,4.96,11.04,7.04],"texture":"#0"}}},{"from":[5.5,7.1563,7.4062],"to":[5.75,7.4063,7.6562],"rotation":{"angle":22.5,"axis":"x","origin":[4.75,4.90625,7.65625]},"faces":{"north":{"uv":[3.04,11.04,0.96,8.96],"texture":"#0"},"south":{"uv":[0.96,8.96,3.04,11.04],"texture":"#0"},"west":{"uv":[0.96,8.96,3.04,11.04],"rotation":270,"texture":"#0"},"up":{"uv":[0.96,8.96,3.04,11.04],"texture":"#0"},"down":{"uv":[3.04,11.04,0.96,8.96],"texture":"#0"}}},{"from":[5.5,8.1562,7.4063],"to":[5.75,8.4062,7.6563],"rotation":{"angle":22.5,"axis":"x","origin":[4.75,4.90625,7.65625]},"faces":{"north":{"uv":[15.04,3.04,12.96,0.96],"texture":"#0"},"south":{"uv":[12.96,0.96,15.04,3.04],"texture":"#0"},"west":{"uv":[12.96,0.96,15.04,3.04],"rotation":270,"texture":"#0"},"up":{"uv":[12.96,0.96,15.04,3.04],"texture":"#0"},"down":{"uv":[15.04,3.04,12.96,0.96],"texture":"#0"}}},{"from":[5.75,0,5],"to":[6,0.25,5.25],"faces":{"north":{"uv":[0.96,4.96,3.04,7.04],"texture":"#0"},"down":{"uv":[0.96,4.96,3.04,7.04],"texture":"#0"}}},{"from":[5.75,0,5.25],"to":[6,0.25,5.5],"faces":{"down":{"uv":[12.96,4.96,15.04,7.04],"texture":"#0"}}},{"from":[5.75,0,5.5],"to":[6,0.25,5.75],"faces":{"down":{"uv":[8.96,0.96,11.04,3.04],"texture":"#0"}}},{"from":[5.75,0,5.75],"to":[6,0.25,6],"faces":{"down":{"uv":[0.96,4.96,3.04,7.04],"texture":"#0"}}},{"from":[5.75,0,6],"to":[6,0.25,6.25],"faces":{"south":{"uv":[8.96,4.96,11.04,7.04],"texture":"#0"},"down":{"uv":[8.96,4.96,11.04,7.04],"texture":"#0"}}},{"from":[5.75,0.25,5],"to":[6.25,0.5,5.25],"faces":{"north":{"uv":[8.96,4.96,11.04,7.04],"texture":"#0"},"up":{"uv":[8.96,4.96,11.04,7.04],"texture":"#0"}}},{"from":[5.75,0.25,6],"to":[6,0.5,6.25],"faces":{"south":{"uv":[0.96,4.96,3.04,7.04],"texture":"#0"},"up":{"uv":[0.96,4.96,3.04,7.04],"texture":"#0"}}},{"from":[5.75,0.5,5.25],"to":[6,0.75,5.5],"faces":{"north":{"uv":[4.96,4.96,7.04,7.04],"texture":"#0"},"up":{"uv":[4.96,4.96,7.04,7.04],"texture":"#0"}}},{"from":[5.75,0.5,5.5],"to":[6,0.75,5.75],"faces":{"up":{"uv":[12.96,4.96,15.04,7.04],"texture":"#0"}}},{"from":[5.75,0.5,5.75],"to":[6,0.75,6],"faces":{"south":{"uv":[4.96,0.96,7.04,3.04],"texture":"#0"},"up":{"uv":[4.96,0.96,7.04,3.04],"texture":"#0"}}},{"from":[5.75,0.5625,3.75],"to":[6,0.8125,4],"rotation":{"angle":-22.5,"axis":"x","origin":[5.75,5.3125,3.5]},"faces":{"north":{"uv":[12.96,4.96,15.04,7.04],"texture":"#0"},"south":{"uv":[12.96,4.96,15.04,7.04],"texture":"#0"},"west":{"uv":[12.96,4.96,15.04,7.04],"texture":"#0"},"down":{"uv":[12.96,4.96,15.04,7.04],"texture":"#0"}}},{"from":[5.75,0.8125,3.75],"to":[6,1.0625,4],"rotation":{"angle":-22.5,"axis":"x","origin":[5.75,5.3125,3.5]},"faces":{"north":{"uv":[8.96,4.96,11.04,7.04],"texture":"#0"},"south":{"uv":[8.96,4.96,11.04,7.04],"texture":"#0"},"west":{"uv":[8.96,4.96,11.04,7.04],"texture":"#0"}}},{"from":[5.75,1.0625,3.75],"to":[6,1.3125,4],"rotation":{"angle":-22.5,"axis":"x","origin":[5.75,5.3125,3.5]},"faces":{"north":{"uv":[12.96,0.96,15.04,3.04],"texture":"#0"},"south":{"uv":[12.96,0.96,15.04,3.04],"texture":"#0"},"west":{"uv":[12.96,0.96,15.04,3.04],"texture":"#0"}}},{"from":[5.75,1.3125,3.75],"to":[6,1.5625,4],"rotation":{"angle":-22.5,"axis":"x","origin":[5.75,5.3125,3.5]},"faces":{"north":{"uv":[8.96,4.96,11.04,7.04],"texture":"#0"},"south":{"uv":[8.96,4.96,11.04,7.04],"texture":"#0"},"west":{"uv":[8.96,4.96,11.04,7.04],"texture":"#0"}}},{"from":[5.75,1.5625,3.75],"to":[6,1.8125,4],"rotation":{"angle":-22.5,"axis":"x","origin":[5.75,5.3125,3.5]},"faces":{"north":{"uv":[4.96,0.96,7.04,3.04],"texture":"#0"},"south":{"uv":[4.96,0.96,7.04,3.04],"texture":"#0"},"west":{"uv":[4.96,0.96,7.04,3.04],"texture":"#0"}}},{"from":[5.75,1.8125,3.75],"to":[6,2.0625,4],"rotation":{"angle":-22.5,"axis":"x","origin":[5.75,5.3125,3.5]},"faces":{"north":{"uv":[8.96,0.96,11.04,3.04],"texture":"#0"},"south":{"uv":[8.96,0.96,11.04,3.04],"texture":"#0"},"west":{"uv":[8.96,0.96,11.04,3.04],"texture":"#0"}}},{"from":[5.75,2.0625,3.75],"to":[6,2.3125,4],"rotation":{"angle":-22.5,"axis":"x","origin":[5.75,5.3125,3.5]},"faces":{"north":{"uv":[0.96,8.96,3.04,11.04],"texture":"#0"},"south":{"uv":[0.96,8.96,3.04,11.04],"texture":"#0"},"west":{"uv":[0.96,8.96,3.04,11.04],"texture":"#0"}}},{"from":[5.75,2.3125,3.75],"to":[6,2.5625,4],"rotation":{"angle":-22.5,"axis":"x","origin":[5.75,5.3125,3.5]},"faces":{"north":{"uv":[8.96,0.96,11.04,3.04],"texture":"#0"},"south":{"uv":[8.96,0.96,11.04,3.04],"texture":"#0"},"west":{"uv":[8.96,0.96,11.04,3.04],"texture":"#0"}}},{"from":[5.75,2.5625,3.75],"to":[6,2.8125,4],"rotation":{"angle":-22.5,"axis":"x","origin":[5.75,5.3125,3.5]},"faces":{"north":{"uv":[8.96,4.96,11.04,7.04],"texture":"#0"},"south":{"uv":[8.96,4.96,11.04,7.04],"texture":"#0"},"west":{"uv":[8.96,4.96,11.04,7.04],"texture":"#0"}}},{"from":[5.75,2.8125,3.75],"to":[6,3.0625,4],"rotation":{"angle":-22.5,"axis":"x","origin":[5.75,5.3125,3.5]},"faces":{"north":{"uv":[12.96,0.96,15.04,3.04],"texture":"#0"},"south":{"uv":[12.96,0.96,15.04,3.04],"texture":"#0"},"west":{"uv":[12.96,0.96,15.04,3.04],"texture":"#0"}}},{"from":[5.75,3.0625,3.75],"to":[6,3.5625,4],"rotation":{"angle":-22.5,"axis":"x","origin":[5.75,5.3125,3.5]},"faces":{"north":{"uv":[0.96,4.96,3.04,7.04],"texture":"#0"},"south":{"uv":[0.96,4.96,3.04,7.04],"texture":"#0"},"west":{"uv":[0.96,4.96,3.04,7.04],"texture":"#0"}}},{"from":[5.75,3.5625,3.75],"to":[6,3.8125,4],"rotation":{"angle":-22.5,"axis":"x","origin":[5.75,5.3125,3.5]},"faces":{"north":{"uv":[4.96,4.96,7.04,7.04],"texture":"#0"},"south":{"uv":[4.96,4.96,7.04,7.04],"texture":"#0"},"west":{"uv":[4.96,4.96,7.04,7.04],"texture":"#0"}}},{"from":[5.75,3.8125,3.75],"to":[6,4.0625,4],"rotation":{"angle":-22.5,"axis":"x","origin":[5.75,5.3125,3.5]},"faces":{"north":{"uv":[12.96,0.96,15.04,3.04],"texture":"#0"},"south":{"uv":[12.96,0.96,15.04,3.04],"texture":"#0"},"west":{"uv":[12.96,0.96,15.04,3.04],"texture":"#0"}}},{"from":[5.75,4.0625,3.75],"to":[6,4.3125,4],"rotation":{"angle":-22.5,"axis":"x","origin":[5.75,5.3125,3.5]},"faces":{"north":{"uv":[4.96,4.96,7.04,7.04],"texture":"#0"},"south":{"uv":[4.96,4.96,7.04,7.04],"texture":"#0"},"west":{"uv":[4.96,4.96,7.04,7.04],"texture":"#0"}}},{"from":[5.75,4.3125,3.75],"to":[6.5,4.5625,4],"rotation":{"angle":-22.5,"axis":"x","origin":[5.75,5.3125,3.5]},"faces":{"north":{"uv":[12.96,0.96,15.04,3.04],"texture":"#0"},"east":{"uv":[12.96,0.96,15.04,3.04],"texture":"#0"},"south":{"uv":[12.96,0.96,15.04,3.04],"texture":"#0"},"west":{"uv":[12.96,0.96,15.04,3.04],"texture":"#0"}}},{"from":[5.75,4.5625,3.75],"to":[6,4.8125,4],"rotation":{"angle":-22.5,"axis":"x","origin":[5.75,5.3125,3.5]},"faces":{"north":{"uv":[0.96,8.96,3.04,11.04],"texture":"#0"},"south":{"uv":[0.96,8.96,3.04,11.04],"texture":"#0"},"west":{"uv":[0.96,8.96,3.04,11.04],"texture":"#0"}}},{"from":[5.75,4.8125,3.75],"to":[6,5.0625,4],"rotation":{"angle":-22.5,"axis":"x","origin":[5.75,5.3125,3.5]},"faces":{"north":{"uv":[8.96,0.96,11.04,3.04],"texture":"#0"},"south":{"uv":[8.96,0.96,11.04,3.04],"texture":"#0"},"west":{"uv":[8.96,0.96,11.04,3.04],"texture":"#0"}}},{"from":[5.75,5.0625,3.75],"to":[6,5.3125,4],"rotation":{"angle":-22.5,"axis":"x","origin":[5.75,5.3125,3.5]},"faces":{"north":{"uv":[8.96,4.96,11.04,7.04],"texture":"#0"},"south":{"uv":[8.96,4.96,11.04,7.04],"texture":"#0"},"west":{"uv":[8.96,4.96,11.04,7.04],"texture":"#0"}}},{"from":[5.75,5.3125,3.5],"to":[6,5.5625,3.75],"rotation":{"angle":-22.5,"axis":"x","origin":[5.75,5.3125,3.5]},"faces":{"north":{"uv":[0.96,8.96,3.04,11.04],"texture":"#0"},"west":{"uv":[0.96,8.96,3.04,11.04],"texture":"#0"},"up":{"uv":[0.96,8.96,3.04,11.04],"texture":"#0"},"down":{"uv":[0.96,8.96,3.04,11.04],"texture":"#0"}}},{"from":[5.75,5.3125,4],"to":[6,5.5625,4.25],"rotation":{"angle":-22.5,"axis":"x","origin":[5.75,5.3125,3.5]},"faces":{"south":{"uv":[4.96,4.96,7.04,7.04],"texture":"#0"},"west":{"uv":[4.96,4.96,7.04,7.04],"texture":"#0"},"up":{"uv":[4.96,4.96,7.04,7.04],"texture":"#0"},"down":{"uv":[4.96,4.96,7.04,7.04],"texture":"#0"}}},{"from":[5.75,7.0312,3.9063],"to":[6,7.2812,4.4063],"rotation":{"angle":-22.5,"axis":"x","origin":[4.75,7.03125,7.65625]},"faces":{"north":{"uv":[4.96,0.96,7.04,3.04],"texture":"#0"},"east":{"uv":[4.96,0.96,7.04,3.04],"texture":"#0"},"south":{"uv":[4.96,0.96,7.04,3.04],"texture":"#0"},"west":{"uv":[4.96,0.96,7.04,3.04],"texture":"#0"},"up":{"uv":[4.96,0.96,7.04,3.04],"texture":"#0"},"down":{"uv":[4.96,0.96,7.04,3.04],"texture":"#0"}}},{"from":[5.75,7.0313,4.4062],"to":[6,7.2813,4.6562],"rotation":{"angle":-22.5,"axis":"x","origin":[4.75,7.03125,7.65625]},"faces":{"north":{"uv":[8.96,0.96,11.04,3.04],"texture":"#0"},"west":{"uv":[8.96,0.96,11.04,3.04],"texture":"#0"},"up":{"uv":[8.96,0.96,11.04,3.04],"texture":"#0"},"down":{"uv":[8.96,0.96,11.04,3.04],"texture":"#0"}}},{"from":[5.75,7.0313,4.6562],"to":[6,7.2813,4.9062],"rotation":{"angle":-22.5,"axis":"x","origin":[4.75,7.03125,7.65625]},"faces":{"south":{"uv":[4.96,4.96,7.04,7.04],"texture":"#0"},"west":{"uv":[4.96,4.96,7.04,7.04],"texture":"#0"},"up":{"uv":[4.96,4.96,7.04,7.04],"texture":"#0"},"down":{"uv":[4.96,4.96,7.04,7.04],"texture":"#0"}}},{"from":[5.75,7.0312,4.9062],"to":[6,7.2812,5.1562],"rotation":{"angle":-22.5,"axis":"x","origin":[4.75,7.03125,7.65625]},"faces":{"north":{"uv":[12.96,4.96,15.04,7.04],"texture":"#0"},"south":{"uv":[12.96,4.96,15.04,7.04],"texture":"#0"},"west":{"uv":[12.96,4.96,15.04,7.04],"texture":"#0"},"up":{"uv":[12.96,4.96,15.04,7.04],"texture":"#0"},"down":{"uv":[12.96,4.96,15.04,7.04],"texture":"#0"}}},{"from":[5.75,7.0313,5.1562],"to":[6,7.2813,5.4062],"rotation":{"angle":-22.5,"axis":"x","origin":[4.75,7.03125,7.65625]},"faces":{"north":{"uv":[4.96,0.96,7.04,3.04],"texture":"#0"},"south":{"uv":[4.96,0.96,7.04,3.04],"texture":"#0"},"west":{"uv":[4.96,0.96,7.04,3.04],"texture":"#0"},"up":{"uv":[4.96,0.96,7.04,3.04],"texture":"#0"},"down":{"uv":[4.96,0.96,7.04,3.04],"texture":"#0"}}},{"from":[5.75,7.0312,5.4062],"to":[6,7.2812,5.6562],"rotation":{"angle":-22.5,"axis":"x","origin":[4.75,7.03125,7.65625]},"faces":{"north":{"uv":[4.96,4.96,7.04,7.04],"texture":"#0"},"west":{"uv":[4.96,4.96,7.04,7.04],"texture":"#0"},"up":{"uv":[4.96,4.96,7.04,7.04],"texture":"#0"},"down":{"uv":[4.96,4.96,7.04,7.04],"texture":"#0"}}},{"from":[5.75,7.0312,5.6562],"to":[6,7.2812,5.9062],"rotation":{"angle":-22.5,"axis":"x","origin":[4.75,7.03125,7.65625]},"faces":{"west":{"uv":[12.96,4.96,15.04,7.04],"texture":"#0"},"up":{"uv":[12.96,4.96,15.04,7.04],"texture":"#0"},"down":{"uv":[12.96,4.96,15.04,7.04],"texture":"#0"}}},{"from":[5.75,7.0312,5.9062],"to":[6,7.2812,6.6562],"rotation":{"angle":-22.5,"axis":"x","origin":[4.75,7.03125,7.65625]},"faces":{"west":{"uv":[0.96,8.96,3.04,11.04],"texture":"#0"},"up":{"uv":[0.96,8.96,3.04,11.04],"texture":"#0"},"down":{"uv":[0.96,8.96,3.04,11.04],"texture":"#0"}}},{"from":[5.75,7.0312,6.6562],"to":[6,7.2812,7.1562],"rotation":{"angle":-22.5,"axis":"x","origin":[4.75,7.03125,7.65625]},"faces":{"east":{"uv":[4.96,4.96,7.04,7.04],"texture":"#0"},"south":{"uv":[4.96,4.96,7.04,7.04],"texture":"#0"},"west":{"uv":[4.96,4.96,7.04,7.04],"texture":"#0"},"up":{"uv":[4.96,4.96,7.04,7.04],"texture":"#0"},"down":{"uv":[4.96,4.96,7.04,7.04],"texture":"#0"}}},{"from":[5.75,7.1563,7.4062],"to":[6,7.4063,7.6562],"rotation":{"angle":22.5,"axis":"x","origin":[4.75,4.90625,7.65625]},"faces":{"north":{"uv":[11.04,3.04,8.96,0.96],"texture":"#0"},"south":{"uv":[8.96,0.96,11.04,3.04],"texture":"#0"},"up":{"uv":[8.96,0.96,11.04,3.04],"texture":"#0"},"down":{"uv":[11.04,3.04,8.96,0.96],"texture":"#0"}}},{"from":[5.75,8.1562,7.4063],"to":[6,8.4062,7.6563],"rotation":{"angle":22.5,"axis":"x","origin":[4.75,4.90625,7.65625]},"faces":{"north":{"uv":[3.04,7.04,0.96,4.96],"texture":"#0"},"south":{"uv":[0.96,4.96,3.04,7.04],"texture":"#0"},"up":{"uv":[0.96,4.96,3.04,7.04],"texture":"#0"},"down":{"uv":[3.04,7.04,0.96,4.96],"texture":"#0"}}},{"from":[5.75,5.5625,3.75],"to":[6,5.8125,4],"rotation":{"angle":-22.5,"axis":"x","origin":[5.75,5.3125,3.5]},"faces":{"north":{"uv":[4.96,0.96,7.04,3.04],"texture":"#0"},"south":{"uv":[4.96,0.96,7.04,3.04],"texture":"#0"},"west":{"uv":[4.96,0.96,7.04,3.04],"texture":"#0"},"up":{"uv":[4.96,0.96,7.04,3.04],"texture":"#0"}}},{"from":[6,0,5],"to":[6.75,0.25,5.25],"faces":{"north":{"uv":[4.96,0.96,7.04,3.04],"texture":"#0"},"down":{"uv":[4.96,0.96,7.04,3.04],"texture":"#0"}}},{"from":[6,0,5.25],"to":[6.5,0.25,5.5],"faces":{"down":{"uv":[0.96,8.96,3.04,11.04],"texture":"#0"}}},{"from":[6,0,5.5],"to":[6.25,0.25,5.75],"faces":{"down":{"uv":[0.96,4.96,3.04,7.04],"texture":"#0"}}},{"from":[6,0,5.75],"to":[6.25,0.25,6.25],"faces":{"south":{"uv":[4.96,0.96,7.04,3.04],"texture":"#0"},"down":{"uv":[4.96,0.96,7.04,3.04],"texture":"#0"}}},{"from":[6,0.25,6],"to":[6.25,0.5,6.25],"faces":{"south":{"uv":[4.96,0.96,7.04,3.04],"texture":"#0"},"up":{"uv":[4.96,0.96,7.04,3.04],"texture":"#0"}}},{"from":[6,0.5,5.25],"to":[6.25,0.75,5.5],"faces":{"north":{"uv":[8.96,0.96,11.04,3.04],"texture":"#0"},"up":{"uv":[8.96,0.96,11.04,3.04],"texture":"#0"}}},{"from":[6,0.5,5.5],"to":[6.25,0.75,6],"faces":{"south":{"uv":[4.96,4.96,7.04,7.04],"texture":"#0"},"up":{"uv":[4.96,4.96,7.04,7.04],"texture":"#0"}}},{"from":[6,0.5625,3.75],"to":[6.25,0.8125,4],"rotation":{"angle":-22.5,"axis":"x","origin":[5.75,5.3125,3.5]},"faces":{"north":{"uv":[0.96,4.96,3.04,7.04],"texture":"#0"},"south":{"uv":[0.96,4.96,3.04,7.04],"texture":"#0"},"down":{"uv":[0.96,4.96,3.04,7.04],"texture":"#0"}}},{"from":[6,0.8125,3.75],"to":[6.25,1.0625,4],"rotation":{"angle":-22.5,"axis":"x","origin":[5.75,5.3125,3.5]},"faces":{"north":{"uv":[4.96,4.96,7.04,7.04],"texture":"#0"},"south":{"uv":[4.96,4.96,7.04,7.04],"texture":"#0"}}},{"from":[6,1.0625,3.75],"to":[6.25,1.3125,4],"rotation":{"angle":-22.5,"axis":"x","origin":[5.75,5.3125,3.5]},"faces":{"north":{"uv":[0.96,4.96,3.04,7.04],"texture":"#0"},"south":{"uv":[0.96,4.96,3.04,7.04],"texture":"#0"}}},{"from":[6,1.3125,3.75],"to":[6.25,1.5625,4],"rotation":{"angle":-22.5,"axis":"x","origin":[5.75,5.3125,3.5]},"faces":{"north":{"uv":[8.96,0.96,11.04,3.04],"texture":"#0"},"south":{"uv":[8.96,0.96,11.04,3.04],"texture":"#0"}}},{"from":[6,1.5625,3.75],"to":[6.25,2.0625,4],"rotation":{"angle":-22.5,"axis":"x","origin":[5.75,5.3125,3.5]},"faces":{"north":{"uv":[12.96,4.96,15.04,7.04],"texture":"#0"},"south":{"uv":[12.96,4.96,15.04,7.04],"texture":"#0"}}},{"from":[6,2.0625,3.75],"to":[6.25,2.5625,4],"rotation":{"angle":-22.5,"axis":"x","origin":[5.75,5.3125,3.5]},"faces":{"north":{"uv":[8.96,4.96,11.04,7.04],"texture":"#0"},"south":{"uv":[8.96,4.96,11.04,7.04],"texture":"#0"}}},{"from":[6,2.5625,3.75],"to":[6.5,2.8125,4],"rotation":{"angle":-22.5,"axis":"x","origin":[5.75,5.3125,3.5]},"faces":{"north":{"uv":[12.96,4.96,15.04,7.04],"texture":"#0"},"east":{"uv":[12.96,4.96,15.04,7.04],"texture":"#0"},"south":{"uv":[12.96,4.96,15.04,7.04],"texture":"#0"}}},{"from":[6,2.8125,3.75],"to":[6.25,3.0625,4],"rotation":{"angle":-22.5,"axis":"x","origin":[5.75,5.3125,3.5]},"faces":{"north":{"uv":[12.96,4.96,15.04,7.04],"texture":"#0"},"south":{"uv":[12.96,4.96,15.04,7.04],"texture":"#0"}}},{"from":[6,3.0625,3.75],"to":[6.25,3.3125,4],"rotation":{"angle":-22.5,"axis":"x","origin":[5.75,5.3125,3.5]},"faces":{"north":{"uv":[0.96,8.96,3.04,11.04],"texture":"#0"},"south":{"uv":[0.96,8.96,3.04,11.04],"texture":"#0"}}},{"from":[6,3.3125,3.75],"to":[6.5,3.5625,4],"rotation":{"angle":-22.5,"axis":"x","origin":[5.75,5.3125,3.5]},"faces":{"north":{"uv":[12.96,4.96,15.04,7.04],"texture":"#0"},"east":{"uv":[12.96,4.96,15.04,7.04],"texture":"#0"},"south":{"uv":[12.96,4.96,15.04,7.04],"texture":"#0"}}},{"from":[6,3.5625,3.75],"to":[6.25,3.8125,4],"rotation":{"angle":-22.5,"axis":"x","origin":[5.75,5.3125,3.5]},"faces":{"north":{"uv":[4.96,0.96,7.04,3.04],"texture":"#0"},"south":{"uv":[4.96,0.96,7.04,3.04],"texture":"#0"}}},{"from":[6,3.8125,3.75],"to":[6.25,4.0625,4],"rotation":{"angle":-22.5,"axis":"x","origin":[5.75,5.3125,3.5]},"faces":{"north":{"uv":[8.96,0.96,11.04,3.04],"texture":"#0"},"south":{"uv":[8.96,0.96,11.04,3.04],"texture":"#0"}}},{"from":[6,4.0625,3.75],"to":[6.5,4.3125,4],"rotation":{"angle":-22.5,"axis":"x","origin":[5.75,5.3125,3.5]},"faces":{"north":{"uv":[0.96,8.96,3.04,11.04],"texture":"#0"},"east":{"uv":[0.96,8.96,3.04,11.04],"texture":"#0"},"south":{"uv":[0.96,8.96,3.04,11.04],"texture":"#0"}}},{"from":[6,4.5625,3.75],"to":[6.25,4.8125,4],"rotation":{"angle":-22.5,"axis":"x","origin":[5.75,5.3125,3.5]},"faces":{"north":{"uv":[4.96,4.96,7.04,7.04],"texture":"#0"},"south":{"uv":[4.96,4.96,7.04,7.04],"texture":"#0"}}},{"from":[6,4.8125,3.75],"to":[6.25,5.0625,4],"rotation":{"angle":-22.5,"axis":"x","origin":[5.75,5.3125,3.5]},"faces":{"north":{"uv":[12.96,0.96,15.04,3.04],"texture":"#0"},"south":{"uv":[12.96,0.96,15.04,3.04],"texture":"#0"}}},{"from":[6,5.0625,3.75],"to":[6.25,5.3125,4],"rotation":{"angle":-22.5,"axis":"x","origin":[5.75,5.3125,3.5]},"faces":{"north":{"uv":[4.96,0.96,7.04,3.04],"texture":"#0"},"south":{"uv":[4.96,0.96,7.04,3.04],"texture":"#0"}}},{"from":[6,5.3125,3.5],"to":[6.25,5.5625,3.75],"rotation":{"angle":-22.5,"axis":"x","origin":[5.75,5.3125,3.5]},"faces":{"north":{"uv":[8.96,0.96,11.04,3.04],"texture":"#0"},"up":{"uv":[8.96,0.96,11.04,3.04],"texture":"#0"},"down":{"uv":[8.96,0.96,11.04,3.04],"texture":"#0"}}},{"from":[6,5.3125,4],"to":[6.25,5.5625,4.25],"rotation":{"angle":-22.5,"axis":"x","origin":[5.75,5.3125,3.5]},"faces":{"south":{"uv":[8.96,0.96,11.04,3.04],"texture":"#0"},"up":{"uv":[8.96,0.96,11.04,3.04],"texture":"#0"},"down":{"uv":[8.96,0.96,11.04,3.04],"texture":"#0"}}},{"from":[6,7.0312,3.9063],"to":[6.25,7.2812,4.1563],"rotation":{"angle":-22.5,"axis":"x","origin":[4.75,7.03125,7.65625]},"faces":{"north":{"uv":[8.96,0.96,11.04,3.04],"texture":"#0"},"south":{"uv":[8.96,0.96,11.04,3.04],"texture":"#0"},"up":{"uv":[8.96,0.96,11.04,3.04],"texture":"#0"},"down":{"uv":[8.96,0.96,11.04,3.04],"texture":"#0"}}},{"from":[6,7.0313,4.1562],"to":[6.25,7.2813,4.4062],"rotation":{"angle":-22.5,"axis":"x","origin":[4.75,7.03125,7.65625]},"faces":{"north":{"uv":[12.96,4.96,15.04,7.04],"texture":"#0"},"west":{"uv":[12.96,4.96,15.04,7.04],"texture":"#0"},"up":{"uv":[12.96,4.96,15.04,7.04],"texture":"#0"},"down":{"uv":[12.96,4.96,15.04,7.04],"texture":"#0"}}},{"from":[6,7.0313,4.4062],"to":[6.25,7.2813,4.6562],"rotation":{"angle":-22.5,"axis":"x","origin":[4.75,7.03125,7.65625]},"faces":{"up":{"uv":[8.96,4.96,11.04,7.04],"texture":"#0"},"down":{"uv":[8.96,4.96,11.04,7.04],"texture":"#0"}}},{"from":[6,7.0313,4.6562],"to":[6.25,7.2813,4.9062],"rotation":{"angle":-22.5,"axis":"x","origin":[4.75,7.03125,7.65625]},"faces":{"south":{"uv":[4.96,0.96,7.04,3.04],"texture":"#0"},"up":{"uv":[4.96,0.96,7.04,3.04],"texture":"#0"},"down":{"uv":[4.96,0.96,7.04,3.04],"texture":"#0"}}},{"from":[6,7.0312,4.9062],"to":[6.25,7.2812,5.1562],"rotation":{"angle":-22.5,"axis":"x","origin":[4.75,7.03125,7.65625]},"faces":{"north":{"uv":[0.96,8.96,3.04,11.04],"texture":"#0"},"south":{"uv":[0.96,8.96,3.04,11.04],"texture":"#0"},"up":{"uv":[0.96,8.96,3.04,11.04],"texture":"#0"},"down":{"uv":[0.96,8.96,3.04,11.04],"texture":"#0"}}},{"from":[6,7.0313,5.1562],"to":[6.25,7.2813,5.4062],"rotation":{"angle":-22.5,"axis":"x","origin":[4.75,7.03125,7.65625]},"faces":{"north":{"uv":[12.96,4.96,15.04,7.04],"texture":"#0"},"south":{"uv":[12.96,4.96,15.04,7.04],"texture":"#0"},"up":{"uv":[12.96,4.96,15.04,7.04],"texture":"#0"},"down":{"uv":[12.96,4.96,15.04,7.04],"texture":"#0"}}},{"from":[6,7.0312,5.4062],"to":[6.25,7.2812,5.6562],"rotation":{"angle":-22.5,"axis":"x","origin":[4.75,7.03125,7.65625]},"faces":{"north":{"uv":[0.96,8.96,3.04,11.04],"texture":"#0"},"east":{"uv":[0.96,8.96,3.04,11.04],"texture":"#0"},"up":{"uv":[0.96,8.96,3.04,11.04],"texture":"#0"},"down":{"uv":[0.96,8.96,3.04,11.04],"texture":"#0"}}},{"from":[6,7.0312,5.6562],"to":[6.5,7.2812,5.9062],"rotation":{"angle":-22.5,"axis":"x","origin":[4.75,7.03125,7.65625]},"faces":{"north":{"uv":[8.96,4.96,11.04,7.04],"texture":"#0"},"east":{"uv":[8.96,4.96,11.04,7.04],"texture":"#0"},"up":{"uv":[8.96,4.96,11.04,7.04],"texture":"#0"},"down":{"uv":[8.96,4.96,11.04,7.04],"texture":"#0"}}},{"from":[6,7.0312,5.9062],"to":[6.25,7.2812,6.1562],"rotation":{"angle":-22.5,"axis":"x","origin":[4.75,7.03125,7.65625]},"faces":{"up":{"uv":[12.96,0.96,15.04,3.04],"texture":"#0"},"down":{"uv":[12.96,0.96,15.04,3.04],"texture":"#0"}}},{"from":[6,7.0312,6.1562],"to":[6.25,7.2812,6.4062],"rotation":{"angle":-22.5,"axis":"x","origin":[4.75,7.03125,7.65625]},"faces":{"up":{"uv":[8.96,4.96,11.04,7.04],"texture":"#0"},"down":{"uv":[8.96,4.96,11.04,7.04],"texture":"#0"}}},{"from":[6,7.0312,6.4062],"to":[6.25,7.2812,6.6562],"rotation":{"angle":-22.5,"axis":"x","origin":[4.75,7.03125,7.65625]},"faces":{"up":{"uv":[12.96,4.96,15.04,7.04],"texture":"#0"},"down":{"uv":[12.96,4.96,15.04,7.04],"texture":"#0"}}},{"from":[6,7.0312,6.6562],"to":[6.25,7.2812,6.9062],"rotation":{"angle":-22.5,"axis":"x","origin":[4.75,7.03125,7.65625]},"faces":{"south":{"uv":[0.96,4.96,3.04,7.04],"texture":"#0"},"up":{"uv":[0.96,4.96,3.04,7.04],"texture":"#0"},"down":{"uv":[0.96,4.96,3.04,7.04],"texture":"#0"}}},{"from":[6,7.1563,7.4062],"to":[6.25,7.4063,7.6562],"rotation":{"angle":22.5,"axis":"x","origin":[4.75,4.90625,7.65625]},"faces":{"north":{"uv":[15.04,3.04,12.96,0.96],"texture":"#0"},"south":{"uv":[12.96,0.96,15.04,3.04],"texture":"#0"},"up":{"uv":[12.96,0.96,15.04,3.04],"texture":"#0"},"down":{"uv":[15.04,3.04,12.96,0.96],"texture":"#0"}}},{"from":[6,8.1562,7.4063],"to":[6.25,8.4062,7.6563],"rotation":{"angle":22.5,"axis":"x","origin":[4.75,4.90625,7.65625]},"faces":{"north":{"uv":[11.04,7.04,8.96,4.96],"texture":"#0"},"south":{"uv":[8.96,4.96,11.04,7.04],"texture":"#0"},"up":{"uv":[8.96,4.96,11.04,7.04],"texture":"#0"},"down":{"uv":[11.04,7.04,8.96,4.96],"texture":"#0"}}},{"from":[6,5.5625,3.75],"to":[6.25,5.8125,4],"rotation":{"angle":-22.5,"axis":"x","origin":[5.75,5.3125,3.5]},"faces":{"north":{"uv":[8.96,0.96,11.04,3.04],"texture":"#0"},"south":{"uv":[8.96,0.96,11.04,3.04],"texture":"#0"},"up":{"uv":[8.96,0.96,11.04,3.04],"texture":"#0"}}},{"from":[6.25,0,5.5],"to":[6.75,0.25,5.75],"faces":{"down":{"uv":[12.96,0.96,15.04,3.04],"texture":"#0"}}},{"from":[6.25,0,5.75],"to":[6.5,0.25,6],"faces":{"down":{"uv":[0.96,8.96,3.04,11.04],"texture":"#0"}}},{"from":[6.25,0,6],"to":[6.5,0.25,6.25],"faces":{"south":{"uv":[0.96,4.96,3.04,7.04],"texture":"#0"},"down":{"uv":[0.96,4.96,3.04,7.04],"texture":"#0"}}},{"from":[6.25,0.25,5],"to":[6.5,0.5,5.25],"faces":{"north":{"uv":[0.96,4.96,3.04,7.04],"texture":"#0"},"up":{"uv":[0.96,4.96,3.04,7.04],"texture":"#0"}}},{"from":[6.25,0.25,6],"to":[6.5,0.5,6.25],"faces":{"south":{"uv":[12.96,0.96,15.04,3.04],"texture":"#0"},"up":{"uv":[12.96,0.96,15.04,3.04],"texture":"#0"}}},{"from":[6.25,0.5,5.25],"to":[6.5,0.75,5.5],"faces":{"north":{"uv":[0.96,4.96,3.04,7.04],"texture":"#0"},"up":{"uv":[0.96,4.96,3.04,7.04],"texture":"#0"}}},{"from":[6.25,0.5,5.5],"to":[6.75,0.75,5.75],"faces":{"up":{"uv":[4.96,0.96,7.04,3.04],"texture":"#0"}}},{"from":[6.25,0.5,5.75],"to":[6.5,0.75,6],"faces":{"south":{"uv":[12.96,0.96,15.04,3.04],"texture":"#0"},"up":{"uv":[12.96,0.96,15.04,3.04],"texture":"#0"}}},{"from":[6.25,0.5625,3.75],"to":[6.5,1.0625,4],"rotation":{"angle":-22.5,"axis":"x","origin":[5.75,5.3125,3.5]},"faces":{"north":{"uv":[8.96,0.96,11.04,3.04],"texture":"#0"},"east":{"uv":[8.96,0.96,11.04,3.04],"texture":"#0"},"south":{"uv":[8.96,0.96,11.04,3.04],"texture":"#0"},"down":{"uv":[8.96,0.96,11.04,3.04],"texture":"#0"}}},{"from":[6.25,1.0625,3.75],"to":[6.5,1.3125,4],"rotation":{"angle":-22.5,"axis":"x","origin":[5.75,5.3125,3.5]},"faces":{"north":{"uv":[4.96,0.96,7.04,3.04],"texture":"#0"},"east":{"uv":[4.96,0.96,7.04,3.04],"texture":"#0"},"south":{"uv":[4.96,0.96,7.04,3.04],"texture":"#0"}}},{"from":[6.25,1.3125,3.75],"to":[6.5,1.5625,4],"rotation":{"angle":-22.5,"axis":"x","origin":[5.75,5.3125,3.5]},"faces":{"north":{"uv":[12.96,4.96,15.04,7.04],"texture":"#0"},"east":{"uv":[12.96,4.96,15.04,7.04],"texture":"#0"},"south":{"uv":[12.96,4.96,15.04,7.04],"texture":"#0"}}},{"from":[6.25,1.5625,3.75],"to":[6.5,1.8125,4],"rotation":{"angle":-22.5,"axis":"x","origin":[5.75,5.3125,3.5]},"faces":{"north":{"uv":[12.96,0.96,15.04,3.04],"texture":"#0"},"east":{"uv":[12.96,0.96,15.04,3.04],"texture":"#0"},"south":{"uv":[12.96,0.96,15.04,3.04],"texture":"#0"}}},{"from":[6.25,1.8125,3.75],"to":[6.5,2.0625,4],"rotation":{"angle":-22.5,"axis":"x","origin":[5.75,5.3125,3.5]},"faces":{"north":{"uv":[8.96,0.96,11.04,3.04],"texture":"#0"},"east":{"uv":[8.96,0.96,11.04,3.04],"texture":"#0"},"south":{"uv":[8.96,0.96,11.04,3.04],"texture":"#0"}}},{"from":[6.25,2.0625,3.75],"to":[6.5,2.5625,4],"rotation":{"angle":-22.5,"axis":"x","origin":[5.75,5.3125,3.5]},"faces":{"north":{"uv":[0.96,4.96,3.04,7.04],"texture":"#0"},"east":{"uv":[0.96,4.96,3.04,7.04],"texture":"#0"},"south":{"uv":[0.96,4.96,3.04,7.04],"texture":"#0"}}},{"from":[6.25,2.8125,3.75],"to":[6.5,3.0625,4],"rotation":{"angle":-22.5,"axis":"x","origin":[5.75,5.3125,3.5]},"faces":{"north":{"uv":[8.96,4.96,11.04,7.04],"texture":"#0"},"east":{"uv":[8.96,4.96,11.04,7.04],"texture":"#0"},"south":{"uv":[8.96,4.96,11.04,7.04],"texture":"#0"}}},{"from":[6.25,3.0625,3.75],"to":[6.5,3.3125,4],"rotation":{"angle":-22.5,"axis":"x","origin":[5.75,5.3125,3.5]},"faces":{"north":{"uv":[4.96,4.96,7.04,7.04],"texture":"#0"},"east":{"uv":[4.96,4.96,7.04,7.04],"texture":"#0"},"south":{"uv":[4.96,4.96,7.04,7.04],"texture":"#0"}}},{"from":[6.25,3.5625,3.75],"to":[6.5,3.8125,4],"rotation":{"angle":-22.5,"axis":"x","origin":[5.75,5.3125,3.5]},"faces":{"north":{"uv":[12.96,0.96,15.04,3.04],"texture":"#0"},"east":{"uv":[12.96,0.96,15.04,3.04],"texture":"#0"},"south":{"uv":[12.96,0.96,15.04,3.04],"texture":"#0"}}},{"from":[6.25,3.8125,3.75],"to":[6.5,4.0625,4],"rotation":{"angle":-22.5,"axis":"x","origin":[5.75,5.3125,3.5]},"faces":{"north":{"uv":[4.96,0.96,7.04,3.04],"texture":"#0"},"east":{"uv":[4.96,0.96,7.04,3.04],"texture":"#0"},"south":{"uv":[4.96,0.96,7.04,3.04],"texture":"#0"}}},{"from":[6.25,4.5625,3.75],"to":[6.5,4.8125,4],"rotation":{"angle":-22.5,"axis":"x","origin":[5.75,5.3125,3.5]},"faces":{"north":{"uv":[0.96,8.96,3.04,11.04],"texture":"#0"},"east":{"uv":[0.96,8.96,3.04,11.04],"texture":"#0"},"south":{"uv":[0.96,8.96,3.04,11.04],"texture":"#0"}}},{"from":[6.25,4.8125,3.75],"to":[6.5,5.0625,4],"rotation":{"angle":-22.5,"axis":"x","origin":[5.75,5.3125,3.5]},"faces":{"north":{"uv":[0.96,4.96,3.04,7.04],"texture":"#0"},"east":{"uv":[0.96,4.96,3.04,7.04],"texture":"#0"},"south":{"uv":[0.96,4.96,3.04,7.04],"texture":"#0"}}},{"from":[6.25,5.0625,3.75],"to":[6.5,5.3125,4],"rotation":{"angle":-22.5,"axis":"x","origin":[5.75,5.3125,3.5]},"faces":{"north":{"uv":[8.96,4.96,11.04,7.04],"texture":"#0"},"east":{"uv":[8.96,4.96,11.04,7.04],"texture":"#0"},"south":{"uv":[8.96,4.96,11.04,7.04],"texture":"#0"}}},{"from":[6.25,5.3125,3.5],"to":[6.5,5.5625,3.75],"rotation":{"angle":-22.5,"axis":"x","origin":[5.75,5.3125,3.5]},"faces":{"north":{"uv":[8.96,4.96,11.04,7.04],"texture":"#0"},"east":{"uv":[8.96,4.96,11.04,7.04],"texture":"#0"},"up":{"uv":[8.96,4.96,11.04,7.04],"texture":"#0"},"down":{"uv":[8.96,4.96,11.04,7.04],"texture":"#0"}}},{"from":[6.25,5.3125,4],"to":[6.5,5.5625,4.25],"rotation":{"angle":-22.5,"axis":"x","origin":[5.75,5.3125,3.5]},"faces":{"east":{"uv":[4.96,0.96,7.04,3.04],"texture":"#0"},"south":{"uv":[4.96,0.96,7.04,3.04],"texture":"#0"},"up":{"uv":[4.96,0.96,7.04,3.04],"texture":"#0"},"down":{"uv":[4.96,0.96,7.04,3.04],"texture":"#0"}}},{"from":[6.25,7.0312,3.9063],"to":[6.5,7.2812,4.1563],"rotation":{"angle":-22.5,"axis":"x","origin":[4.75,7.03125,7.65625]},"faces":{"north":{"uv":[4.96,0.96,7.04,3.04],"texture":"#0"},"east":{"uv":[4.96,0.96,7.04,3.04],"texture":"#0"},"south":{"uv":[4.96,0.96,7.04,3.04],"texture":"#0"},"up":{"uv":[4.96,0.96,7.04,3.04],"texture":"#0"},"down":{"uv":[4.96,0.96,7.04,3.04],"texture":"#0"}}},{"from":[6.25,7.0313,4.1562],"to":[6.5,7.2813,4.4062],"rotation":{"angle":-22.5,"axis":"x","origin":[4.75,7.03125,7.65625]},"faces":{"north":{"uv":[4.96,4.96,7.04,7.04],"texture":"#0"},"east":{"uv":[4.96,4.96,7.04,7.04],"texture":"#0"},"up":{"uv":[4.96,4.96,7.04,7.04],"texture":"#0"},"down":{"uv":[4.96,4.96,7.04,7.04],"texture":"#0"}}},{"from":[6.25,7.0313,4.4062],"to":[6.5,7.2813,4.6562],"rotation":{"angle":-22.5,"axis":"x","origin":[4.75,7.03125,7.65625]},"faces":{"east":{"uv":[12.96,4.96,15.04,7.04],"texture":"#0"},"up":{"uv":[12.96,4.96,15.04,7.04],"texture":"#0"},"down":{"uv":[12.96,4.96,15.04,7.04],"texture":"#0"}}},{"from":[6.25,7.0313,4.6562],"to":[6.5,7.2813,4.9062],"rotation":{"angle":-22.5,"axis":"x","origin":[4.75,7.03125,7.65625]},"faces":{"east":{"uv":[8.96,4.96,11.04,7.04],"texture":"#0"},"south":{"uv":[8.96,4.96,11.04,7.04],"texture":"#0"},"up":{"uv":[8.96,4.96,11.04,7.04],"texture":"#0"},"down":{"uv":[8.96,4.96,11.04,7.04],"texture":"#0"}}},{"from":[6.25,7.0312,4.9062],"to":[6.5,7.2812,5.1562],"rotation":{"angle":-22.5,"axis":"x","origin":[4.75,7.03125,7.65625]},"faces":{"north":{"uv":[0.96,4.96,3.04,7.04],"texture":"#0"},"east":{"uv":[0.96,4.96,3.04,7.04],"texture":"#0"},"south":{"uv":[0.96,4.96,3.04,7.04],"texture":"#0"},"up":{"uv":[0.96,4.96,3.04,7.04],"texture":"#0"},"down":{"uv":[0.96,4.96,3.04,7.04],"texture":"#0"}}},{"from":[6.25,7.0313,5.1562],"to":[6.5,7.2813,5.6562],"rotation":{"angle":-22.5,"axis":"x","origin":[4.75,7.03125,7.65625]},"faces":{"north":{"uv":[8.96,4.96,11.04,7.04],"texture":"#0"},"east":{"uv":[8.96,4.96,11.04,7.04],"texture":"#0"},"south":{"uv":[8.96,4.96,11.04,7.04],"texture":"#0"},"west":{"uv":[8.96,4.96,11.04,7.04],"texture":"#0"},"up":{"uv":[8.96,4.96,11.04,7.04],"texture":"#0"},"down":{"uv":[8.96,4.96,11.04,7.04],"texture":"#0"}}},{"from":[6.25,7.0312,5.9062],"to":[6.5,7.2812,6.1562],"rotation":{"angle":-22.5,"axis":"x","origin":[4.75,7.03125,7.65625]},"faces":{"east":{"uv":[4.96,4.96,7.04,7.04],"texture":"#0"},"up":{"uv":[4.96,4.96,7.04,7.04],"texture":"#0"},"down":{"uv":[4.96,4.96,7.04,7.04],"texture":"#0"}}},{"from":[6.25,7.0312,6.1562],"to":[6.5,7.2812,6.4062],"rotation":{"angle":-22.5,"axis":"x","origin":[4.75,7.03125,7.65625]},"faces":{"east":{"uv":[8.96,0.96,11.04,3.04],"texture":"#0"},"up":{"uv":[8.96,0.96,11.04,3.04],"texture":"#0"},"down":{"uv":[8.96,0.96,11.04,3.04],"texture":"#0"}}},{"from":[6.25,7.0312,6.4062],"to":[6.5,7.2812,6.6562],"rotation":{"angle":-22.5,"axis":"x","origin":[4.75,7.03125,7.65625]},"faces":{"east":{"uv":[12.96,0.96,15.04,3.04],"texture":"#0"},"up":{"uv":[12.96,0.96,15.04,3.04],"texture":"#0"},"down":{"uv":[12.96,0.96,15.04,3.04],"texture":"#0"}}},{"from":[6.25,7.0312,6.6562],"to":[6.5,7.2812,6.9062],"rotation":{"angle":-22.5,"axis":"x","origin":[4.75,7.03125,7.65625]},"faces":{"east":{"uv":[0.96,8.96,3.04,11.04],"texture":"#0"},"up":{"uv":[0.96,8.96,3.04,11.04],"texture":"#0"},"down":{"uv":[0.96,8.96,3.04,11.04],"texture":"#0"}}},{"from":[6.25,7.0312,6.9062],"to":[6.5,7.2812,7.1562],"rotation":{"angle":-22.5,"axis":"x","origin":[4.75,7.03125,7.65625]},"faces":{"south":{"uv":[0.96,4.96,3.04,7.04],"texture":"#0"},"west":{"uv":[0.96,4.96,3.04,7.04],"texture":"#0"},"up":{"uv":[0.96,4.96,3.04,7.04],"texture":"#0"},"down":{"uv":[0.96,4.96,3.04,7.04],"texture":"#0"}}},{"from":[6.25,7.1563,7.4062],"to":[6.5,7.4063,7.6562],"rotation":{"angle":22.5,"axis":"x","origin":[4.75,4.90625,7.65625]},"faces":{"north":{"uv":[7.04,3.04,4.96,0.96],"texture":"#0"},"south":{"uv":[4.96,0.96,7.04,3.04],"texture":"#0"},"up":{"uv":[4.96,0.96,7.04,3.04],"texture":"#0"},"down":{"uv":[7.04,3.04,4.96,0.96],"texture":"#0"}}},{"from":[6.25,8.1562,7.4063],"to":[6.75,8.4062,7.6563],"rotation":{"angle":22.5,"axis":"x","origin":[4.75,4.90625,7.65625]},"faces":{"north":{"uv":[3.04,7.04,0.96,4.96],"texture":"#0"},"east":{"uv":[0.96,4.96,3.04,7.04],"rotation":90,"texture":"#0"},"south":{"uv":[0.96,4.96,3.04,7.04],"texture":"#0"},"up":{"uv":[0.96,4.96,3.04,7.04],"texture":"#0"},"down":{"uv":[3.04,7.04,0.96,4.96],"texture":"#0"}}},{"from":[6.25,5.5625,3.75],"to":[6.5,5.8125,4],"rotation":{"angle":-22.5,"axis":"x","origin":[5.75,5.3125,3.5]},"faces":{"north":{"uv":[12.96,4.96,15.04,7.04],"texture":"#0"},"east":{"uv":[12.96,4.96,15.04,7.04],"texture":"#0"},"south":{"uv":[12.96,4.96,15.04,7.04],"texture":"#0"},"up":{"uv":[12.96,4.96,15.04,7.04],"texture":"#0"}}},{"from":[6.5,0,5.25],"to":[6.75,0.25,5.5],"faces":{"down":{"uv":[12.96,0.96,15.04,3.04],"texture":"#0"}}},{"from":[6.5,0,5.75],"to":[6.75,0.25,6],"faces":{"down":{"uv":[4.96,4.96,7.04,7.04],"texture":"#0"}}},{"from":[6.5,0,6],"to":[7,0.25,6.25],"faces":{"south":{"uv":[8.96,0.96,11.04,3.04],"texture":"#0"},"down":{"uv":[8.96,0.96,11.04,3.04],"texture":"#0"}}},{"from":[6.5,0.25,5],"to":[6.75,0.5,5.25],"faces":{"north":{"uv":[12.96,0.96,15.04,3.04],"texture":"#0"}}},{"from":[6.5,0.25,6],"to":[6.75,0.5,6.25],"faces":{"south":{"uv":[8.96,4.96,11.04,7.04],"texture":"#0"}}},{"from":[6.5,0.5,5],"to":[6.75,0.75,5.25],"faces":{"north":{"uv":[12.96,4.96,15.04,7.04],"texture":"#0"},"east":{"uv":[12.96,4.96,15.04,7.04],"texture":"#0"},"west":{"uv":[12.96,4.96,15.04,7.04],"texture":"#0"}}},{"from":[6.5,0.5,6],"to":[6.75,1,6.25],"faces":{"east":{"uv":[12.96,0.96,15.04,3.04],"texture":"#0"},"south":{"uv":[12.96,0.96,15.04,3.04],"texture":"#0"},"west":{"uv":[12.96,0.96,15.04,3.04],"texture":"#0"},"up":{"uv":[12.96,0.96,15.04,3.04],"texture":"#0"}}},{"from":[6.5,0.75,5],"to":[6.75,1,5.25],"faces":{"north":{"uv":[4.96,4.96,7.04,7.04],"texture":"#0"},"east":{"uv":[4.96,4.96,7.04,7.04],"texture":"#0"},"west":{"uv":[4.96,4.96,7.04,7.04],"texture":"#0"},"up":{"uv":[4.96,4.96,7.04,7.04],"texture":"#0"}}},{"from":[6.5,0.75,5.25],"to":[6.75,1,5.5],"faces":{"east":{"uv":[12.96,4.96,15.04,7.04],"texture":"#0"},"west":{"uv":[12.96,4.96,15.04,7.04],"texture":"#0"}}},{"from":[6.5,0.75,5.5],"to":[6.75,1.25,5.75],"faces":{"east":{"uv":[0.96,8.96,3.04,11.04],"texture":"#0"},"west":{"uv":[0.96,8.96,3.04,11.04],"texture":"#0"}}},{"from":[6.5,0.75,5.75],"to":[6.75,1,6],"faces":{"east":{"uv":[12.96,4.96,15.04,7.04],"texture":"#0"},"west":{"uv":[12.96,4.96,15.04,7.04],"texture":"#0"}}},{"from":[6.5,1,5.25],"to":[6.75,1.25,5.5],"faces":{"north":{"uv":[4.96,0.96,7.04,3.04],"texture":"#0"},"east":{"uv":[4.96,0.96,7.04,3.04],"texture":"#0"},"west":{"uv":[4.96,0.96,7.04,3.04],"texture":"#0"}}},{"from":[6.5,1,5.75],"to":[6.75,1.25,6],"faces":{"east":{"uv":[4.96,0.96,7.04,3.04],"texture":"#0"},"south":{"uv":[4.96,0.96,7.04,3.04],"texture":"#0"},"west":{"uv":[4.96,0.96,7.04,3.04],"texture":"#0"}}},{"from":[6.5,1.25,5.25],"to":[6.75,1.5,5.5],"faces":{"north":{"uv":[8.96,4.96,11.04,7.04],"texture":"#0"},"east":{"uv":[8.96,4.96,11.04,7.04],"texture":"#0"},"west":{"uv":[8.96,4.96,11.04,7.04],"texture":"#0"},"up":{"uv":[8.96,4.96,11.04,7.04],"texture":"#0"}}},{"from":[6.5,1.25,5.5],"to":[6.75,1.5,5.75],"faces":{"east":{"uv":[4.96,0.96,7.04,3.04],"texture":"#0"},"west":{"uv":[4.96,0.96,7.04,3.04],"texture":"#0"},"up":{"uv":[4.96,0.96,7.04,3.04],"texture":"#0"}}},{"from":[6.5,1.25,5.75],"to":[6.75,1.5,6],"faces":{"east":{"uv":[0.96,4.96,3.04,7.04],"texture":"#0"},"south":{"uv":[0.96,4.96,3.04,7.04],"texture":"#0"},"west":{"uv":[0.96,4.96,3.04,7.04],"texture":"#0"},"up":{"uv":[0.96,4.96,3.04,7.04],"texture":"#0"}}},{"from":[6.5,5.3125,3.75],"to":[6.75,5.5625,4],"rotation":{"angle":-22.5,"axis":"x","origin":[5.75,5.3125,3.5]},"faces":{"north":{"uv":[0.96,8.96,3.04,11.04],"texture":"#0"},"east":{"uv":[0.96,8.96,3.04,11.04],"texture":"#0"},"south":{"uv":[0.96,8.96,3.04,11.04],"texture":"#0"},"up":{"uv":[0.96,8.96,3.04,11.04],"texture":"#0"},"down":{"uv":[0.96,8.96,3.04,11.04],"texture":"#0"}}},{"from":[6.5,7.0312,6.9062],"to":[6.75,7.2812,7.1562],"rotation":{"angle":-22.5,"axis":"x","origin":[4.75,7.03125,7.65625]},"faces":{"north":{"uv":[4.96,0.96,7.04,3.04],"texture":"#0"},"east":{"uv":[4.96,0.96,7.04,3.04],"texture":"#0"},"south":{"uv":[4.96,0.96,7.04,3.04],"texture":"#0"},"up":{"uv":[4.96,0.96,7.04,3.04],"texture":"#0"},"down":{"uv":[4.96,0.96,7.04,3.04],"texture":"#0"}}},{"from":[6.5,7.0313,7.1562],"to":[6.75,7.2813,7.4062],"rotation":{"angle":-22.5,"axis":"x","origin":[4.75,7.03125,7.65625]},"faces":{"north":{"uv":[4.96,4.96,7.04,7.04],"texture":"#0"},"south":{"uv":[4.96,4.96,7.04,7.04],"texture":"#0"},"west":{"uv":[4.96,4.96,7.04,7.04],"texture":"#0"},"up":{"uv":[4.96,4.96,7.04,7.04],"texture":"#0"},"down":{"uv":[4.96,4.96,7.04,7.04],"texture":"#0"}}},{"from":[6.5,7.1563,7.4062],"to":[6.75,7.4063,7.6562],"rotation":{"angle":22.5,"axis":"x","origin":[4.75,4.90625,7.65625]},"faces":{"north":{"uv":[11.04,3.04,8.96,0.96],"texture":"#0"},"east":{"uv":[8.96,0.96,11.04,3.04],"rotation":90,"texture":"#0"},"south":{"uv":[8.96,0.96,11.04,3.04],"texture":"#0"},"up":{"uv":[8.96,0.96,11.04,3.04],"texture":"#0"},"down":{"uv":[11.04,3.04,8.96,0.96],"texture":"#0"}}},{"from":[6.75,0,5],"to":[7,0.25,5.25],"faces":{"north":{"uv":[0.96,4.96,3.04,7.04],"texture":"#0"},"east":{"uv":[0.96,4.96,3.04,7.04],"texture":"#0"},"down":{"uv":[0.96,4.96,3.04,7.04],"texture":"#0"}}},{"from":[6.75,0,5.25],"to":[7,0.25,5.5],"faces":{"down":{"uv":[0.96,8.96,3.04,11.04],"texture":"#0"}}},{"from":[6.75,0,5.5],"to":[7,0.25,5.75],"faces":{"down":{"uv":[0.96,4.96,3.04,7.04],"texture":"#0"}}},{"from":[6.75,0,5.75],"to":[7.25,0.25,6],"faces":{"down":{"uv":[0.96,8.96,3.04,11.04],"texture":"#0"}}},{"from":[6.75,0.25,5],"to":[7,0.5,5.25],"faces":{"north":{"uv":[8.96,0.96,11.04,3.04],"texture":"#0"},"east":{"uv":[8.96,0.96,11.04,3.04],"texture":"#0"},"up":{"uv":[8.96,0.96,11.04,3.04],"texture":"#0"}}},{"from":[6.75,0.25,6],"to":[7,0.5,6.25],"faces":{"south":{"uv":[8.96,0.96,11.04,3.04],"texture":"#0"},"up":{"uv":[8.96,0.96,11.04,3.04],"texture":"#0"}}},{"from":[6.75,0.5,5.25],"to":[7,0.75,5.5],"faces":{"north":{"uv":[0.96,8.96,3.04,11.04],"texture":"#0"},"east":{"uv":[0.96,8.96,3.04,11.04],"texture":"#0"},"up":{"uv":[0.96,8.96,3.04,11.04],"texture":"#0"}}},{"from":[6.75,0.5,5.5],"to":[7,0.75,5.75],"faces":{"up":{"uv":[0.96,4.96,3.04,7.04],"texture":"#0"}}},{"from":[6.75,0.5,5.75],"to":[7.25,0.75,6],"faces":{"south":{"uv":[12.96,0.96,15.04,3.04],"texture":"#0"},"up":{"uv":[12.96,0.96,15.04,3.04],"texture":"#0"}}},{"from":[6.75,7.0313,7.1562],"to":[7,7.2813,7.4062],"rotation":{"angle":-22.5,"axis":"x","origin":[4.75,7.03125,7.65625]},"faces":{"north":{"uv":[0.96,8.96,3.04,11.04],"texture":"#0"},"east":{"uv":[0.96,8.96,3.04,11.04],"texture":"#0"},"south":{"uv":[0.96,8.96,3.04,11.04],"texture":"#0"},"up":{"uv":[0.96,8.96,3.04,11.04],"texture":"#0"},"down":{"uv":[0.96,8.96,3.04,11.04],"texture":"#0"}}},{"from":[6.75,7.0312,7.4063],"to":[7,7.2812,7.6563],"rotation":{"angle":-22.5,"axis":"x","origin":[4.75,7.03125,7.65625]},"faces":{"north":{"uv":[4.96,0.96,7.04,3.04],"texture":"#0"},"south":{"uv":[4.96,0.96,7.04,3.04],"texture":"#0"},"west":{"uv":[4.96,0.96,7.04,3.04],"texture":"#0"},"up":{"uv":[4.96,0.96,7.04,3.04],"texture":"#0"},"down":{"uv":[4.96,0.96,7.04,3.04],"texture":"#0"}}},{"from":[6.75,7.4062,7.4063],"to":[7,7.9062,7.6563],"rotation":{"angle":22.5,"axis":"x","origin":[4.75,4.90625,7.65625]},"faces":{"north":{"uv":[11.04,3.04,8.96,0.96],"texture":"#0"},"east":{"uv":[8.96,0.96,11.04,3.04],"rotation":90,"texture":"#0"},"south":{"uv":[8.96,0.96,11.04,3.04],"texture":"#0"},"west":{"uv":[8.96,0.96,11.04,3.04],"rotation":270,"texture":"#0"},"up":{"uv":[8.96,0.96,11.04,3.04],"texture":"#0"},"down":{"uv":[11.04,3.04,8.96,0.96],"texture":"#0"}}},{"from":[6.75,7.9062,7.4062],"to":[7,8.1562,7.6562],"rotation":{"angle":22.5,"axis":"x","origin":[4.75,4.90625,7.65625]},"faces":{"north":{"uv":[15.04,3.04,12.96,0.96],"texture":"#0"},"east":{"uv":[12.96,0.96,15.04,3.04],"rotation":90,"texture":"#0"},"south":{"uv":[12.96,0.96,15.04,3.04],"texture":"#0"},"west":{"uv":[12.96,0.96,15.04,3.04],"rotation":270,"texture":"#0"},"up":{"uv":[12.96,0.96,15.04,3.04],"texture":"#0"},"down":{"uv":[15.04,3.04,12.96,0.96],"texture":"#0"}}},{"from":[7,0,5.25],"to":[7.25,0.25,5.5],"faces":{"north":{"uv":[4.96,4.96,7.04,7.04],"texture":"#0"},"down":{"uv":[4.96,4.96,7.04,7.04],"texture":"#0"}}},{"from":[7,0,5.5],"to":[7.25,0.25,5.75],"faces":{"down":{"uv":[4.96,0.96,7.04,3.04],"texture":"#0"}}},{"from":[7,0,6],"to":[7.25,0.25,6.25],"faces":{"down":{"uv":[4.96,0.96,7.04,3.04],"texture":"#0"}}},{"from":[7,0,6.25],"to":[7.25,0.25,6.5],"faces":{"south":{"uv":[0.96,8.96,3.04,11.04],"texture":"#0"},"west":{"uv":[0.96,8.96,3.04,11.04],"texture":"#0"},"down":{"uv":[0.96,8.96,3.04,11.04],"texture":"#0"}}},{"from":[7,0.25,5.25],"to":[7.25,0.5,5.5],"faces":{"north":{"uv":[8.96,0.96,11.04,3.04],"texture":"#0"},"up":{"uv":[8.96,0.96,11.04,3.04],"texture":"#0"}}},{"from":[7,0.25,6.25],"to":[7.25,0.5,6.5],"faces":{"south":{"uv":[8.96,0.96,11.04,3.04],"texture":"#0"},"west":{"uv":[8.96,0.96,11.04,3.04],"texture":"#0"},"up":{"uv":[8.96,0.96,11.04,3.04],"texture":"#0"}}},{"from":[7,0.5,5.5],"to":[7.25,0.75,5.75],"faces":{"north":{"uv":[12.96,4.96,15.04,7.04],"texture":"#0"},"up":{"uv":[12.96,4.96,15.04,7.04],"texture":"#0"}}},{"from":[7,0.5,6],"to":[7.25,0.75,6.25],"faces":{"south":{"uv":[8.96,0.96,11.04,3.04],"texture":"#0"},"west":{"uv":[8.96,0.96,11.04,3.04],"texture":"#0"},"up":{"uv":[8.96,0.96,11.04,3.04],"texture":"#0"}}},{"from":[7,7.0312,7.4063],"to":[7.25,7.2812,7.6563],"rotation":{"angle":-22.5,"axis":"x","origin":[4.75,7.03125,7.65625]},"faces":{"north":{"uv":[12.96,0.96,15.04,3.04],"texture":"#0"},"east":{"uv":[12.96,0.96,15.04,3.04],"texture":"#0"},"up":{"uv":[12.96,0.96,15.04,3.04],"texture":"#0"},"down":{"uv":[12.96,0.96,15.04,3.04],"texture":"#0"}}},{"from":[7,7.0312,7.6562],"to":[7.25,7.2812,7.9062],"rotation":{"angle":-22.5,"axis":"x","origin":[4.75,7.03125,7.65625]},"faces":{"south":{"uv":[12.96,4.96,15.04,7.04],"texture":"#0"},"west":{"uv":[12.96,4.96,15.04,7.04],"texture":"#0"},"up":{"uv":[12.96,4.96,15.04,7.04],"texture":"#0"},"down":{"uv":[12.96,4.96,15.04,7.04],"texture":"#0"}}},{"from":[7,7.0312,8.6562],"to":[7.25,7.2812,8.9062],"rotation":{"angle":-22.5,"axis":"x","origin":[4.75,7.03125,7.65625]},"faces":{"north":{"uv":[12.96,0.96,15.04,3.04],"texture":"#0"},"south":{"uv":[12.96,0.96,15.04,3.04],"texture":"#0"},"west":{"uv":[12.96,0.96,15.04,3.04],"texture":"#0"},"up":{"uv":[12.96,0.96,15.04,3.04],"texture":"#0"},"down":{"uv":[12.96,0.96,15.04,3.04],"texture":"#0"}}},{"from":[7.25,0,5.25],"to":[7.5,0.25,5.5],"faces":{"north":{"uv":[8.96,0.96,11.04,3.04],"texture":"#0"},"down":{"uv":[8.96,0.96,11.04,3.04],"texture":"#0"}}},{"from":[7.25,0,5.5],"to":[7.5,0.25,5.75],"faces":{"down":{"uv":[0.96,8.96,3.04,11.04],"texture":"#0"}}},{"from":[7.25,0,5.75],"to":[7.5,0.25,6],"faces":{"down":{"uv":[12.96,4.96,15.04,7.04],"texture":"#0"}}},{"from":[7.25,0,6],"to":[7.5,0.25,6.25],"faces":{"down":{"uv":[0.96,4.96,3.04,7.04],"texture":"#0"}}},{"from":[7.25,0,6.25],"to":[7.75,0.5,6.5],"faces":{"south":{"uv":[8.96,4.96,11.04,7.04],"texture":"#0"},"up":{"uv":[8.96,4.96,11.04,7.04],"texture":"#0"},"down":{"uv":[8.96,4.96,11.04,7.04],"texture":"#0"}}},{"from":[7.25,0.25,5.25],"to":[7.5,0.5,5.5],"faces":{"north":{"uv":[8.96,4.96,11.04,7.04],"texture":"#0"},"up":{"uv":[8.96,4.96,11.04,7.04],"texture":"#0"}}},{"from":[7.25,0.5,5.5],"to":[7.5,0.75,5.75],"faces":{"north":{"uv":[4.96,4.96,7.04,7.04],"texture":"#0"},"up":{"uv":[4.96,4.96,7.04,7.04],"texture":"#0"}}},{"from":[7.25,0.5,5.75],"to":[7.5,0.75,6],"faces":{"up":{"uv":[8.96,4.96,11.04,7.04],"texture":"#0"}}},{"from":[7.25,0.5,6],"to":[7.5,0.75,6.25],"faces":{"south":{"uv":[4.96,4.96,7.04,7.04],"texture":"#0"},"up":{"uv":[4.96,4.96,7.04,7.04],"texture":"#0"}}},{"from":[7.25,7.0312,7.6562],"to":[7.5,7.2812,7.9062],"rotation":{"angle":-22.5,"axis":"x","origin":[4.75,7.03125,7.65625]},"faces":{"north":{"uv":[0.96,4.96,3.04,7.04],"texture":"#0"},"east":{"uv":[0.96,4.96,3.04,7.04],"texture":"#0"},"up":{"uv":[0.96,4.96,3.04,7.04],"texture":"#0"},"down":{"uv":[0.96,4.96,3.04,7.04],"texture":"#0"}}},{"from":[7.25,7.0312,7.9062],"to":[7.5,7.2812,8.1562],"rotation":{"angle":-22.5,"axis":"x","origin":[4.75,7.03125,7.65625]},"faces":{"east":{"uv":[8.96,0.96,11.04,3.04],"texture":"#0"},"west":{"uv":[8.96,0.96,11.04,3.04],"texture":"#0"},"up":{"uv":[8.96,0.96,11.04,3.04],"texture":"#0"},"down":{"uv":[8.96,0.96,11.04,3.04],"texture":"#0"}}},{"from":[7.25,7.0312,8.1562],"to":[7.5,7.2812,8.4062],"rotation":{"angle":-22.5,"axis":"x","origin":[4.75,7.03125,7.65625]},"faces":{"east":{"uv":[4.96,4.96,7.04,7.04],"texture":"#0"},"south":{"uv":[4.96,4.96,7.04,7.04],"texture":"#0"},"west":{"uv":[4.96,4.96,7.04,7.04],"texture":"#0"},"up":{"uv":[4.96,4.96,7.04,7.04],"texture":"#0"},"down":{"uv":[4.96,4.96,7.04,7.04],"texture":"#0"}}},{"from":[7.25,7.0313,8.4062],"to":[7.5,7.2813,8.6562],"rotation":{"angle":-22.5,"axis":"x","origin":[4.75,7.03125,7.65625]},"faces":{"north":{"uv":[4.96,0.96,7.04,3.04],"texture":"#0"},"east":{"uv":[4.96,0.96,7.04,3.04],"texture":"#0"},"south":{"uv":[4.96,0.96,7.04,3.04],"texture":"#0"},"west":{"uv":[4.96,0.96,7.04,3.04],"texture":"#0"},"up":{"uv":[4.96,0.96,7.04,3.04],"texture":"#0"},"down":{"uv":[4.96,0.96,7.04,3.04],"texture":"#0"}}},{"from":[7.25,7.0312,8.6562],"to":[7.5,7.2812,8.9062],"rotation":{"angle":-22.5,"axis":"x","origin":[4.75,7.03125,7.65625]},"faces":{"north":{"uv":[0.96,8.96,3.04,11.04],"texture":"#0"},"east":{"uv":[0.96,8.96,3.04,11.04],"texture":"#0"},"south":{"uv":[0.96,8.96,3.04,11.04],"texture":"#0"},"up":{"uv":[0.96,8.96,3.04,11.04],"texture":"#0"},"down":{"uv":[0.96,8.96,3.04,11.04],"texture":"#0"}}},{"from":[7.25,7.0313,8.9062],"to":[7.5,7.2813,9.1562],"rotation":{"angle":-22.5,"axis":"x","origin":[4.75,7.03125,7.65625]},"faces":{"north":{"uv":[4.96,0.96,7.04,3.04],"texture":"#0"},"east":{"uv":[4.96,0.96,7.04,3.04],"texture":"#0"},"south":{"uv":[4.96,0.96,7.04,3.04],"texture":"#0"},"west":{"uv":[4.96,0.96,7.04,3.04],"texture":"#0"},"up":{"uv":[4.96,0.96,7.04,3.04],"texture":"#0"},"down":{"uv":[4.96,0.96,7.04,3.04],"texture":"#0"}}},{"from":[7.5,0,5.25],"to":[7.75,0.25,5.5],"faces":{"north":{"uv":[12.96,4.96,15.04,7.04],"texture":"#0"},"east":{"uv":[12.96,4.96,15.04,7.04],"texture":"#0"},"down":{"uv":[12.96,4.96,15.04,7.04],"texture":"#0"}}},{"from":[7.5,0,5.5],"to":[7.75,0.25,5.75],"faces":{"down":{"uv":[0.96,4.96,3.04,7.04],"texture":"#0"}}},{"from":[7.5,0,5.75],"to":[7.75,0.25,6],"faces":{"down":{"uv":[0.96,8.96,3.04,11.04],"texture":"#0"}}},{"from":[7.5,0,6],"to":[7.75,0.25,6.25],"faces":{"down":{"uv":[8.96,4.96,11.04,7.04],"texture":"#0"}}},{"from":[7.5,0,6.5],"to":[7.75,0.5,6.75],"faces":{"south":{"uv":[12.96,4.96,15.04,7.04],"texture":"#0"},"west":{"uv":[12.96,4.96,15.04,7.04],"texture":"#0"},"up":{"uv":[12.96,4.96,15.04,7.04],"texture":"#0"},"down":{"uv":[12.96,4.96,15.04,7.04],"texture":"#0"}}},{"from":[7.5,0.25,5.25],"to":[7.75,0.5,5.5],"faces":{"north":{"uv":[4.96,0.96,7.04,3.04],"texture":"#0"},"east":{"uv":[4.96,0.96,7.04,3.04],"texture":"#0"},"up":{"uv":[4.96,0.96,7.04,3.04],"texture":"#0"}}},{"from":[7.5,0.5,5.5],"to":[7.75,0.75,5.75],"faces":{"north":{"uv":[4.96,0.96,7.04,3.04],"texture":"#0"},"east":{"uv":[4.96,0.96,7.04,3.04],"texture":"#0"},"up":{"uv":[4.96,0.96,7.04,3.04],"texture":"#0"}}},{"from":[7.5,0.5,5.75],"to":[7.75,0.75,6],"faces":{"up":{"uv":[12.96,4.96,15.04,7.04],"texture":"#0"}}},{"from":[7.5,0.5,6],"to":[7.75,0.75,6.5],"faces":{"south":{"uv":[0.96,8.96,3.04,11.04],"texture":"#0"},"west":{"uv":[0.96,8.96,3.04,11.04],"texture":"#0"},"up":{"uv":[0.96,8.96,3.04,11.04],"texture":"#0"}}},{"from":[7.75,0,5.5],"to":[8,0.25,5.75],"faces":{"north":{"uv":[12.96,0.96,15.04,3.04],"texture":"#0"},"down":{"uv":[12.96,0.96,15.04,3.04],"texture":"#0"}}},{"from":[7.75,0,5.75],"to":[8.25,0.25,6],"faces":{"down":{"uv":[12.96,4.96,15.04,7.04],"texture":"#0"}}},{"from":[7.75,0,6],"to":[8,0.25,6.25],"faces":{"down":{"uv":[4.96,0.96,7.04,3.04],"texture":"#0"}}},{"from":[7.75,0,6.25],"to":[8.25,0.25,6.5],"faces":{"down":{"uv":[0.96,4.96,3.04,7.04],"texture":"#0"}}},{"from":[7.75,0,6.5],"to":[8.25,0.5,6.75],"faces":{"down":{"uv":[8.96,4.96,11.04,7.04],"texture":"#0"}}},{"from":[7.75,0,6.75],"to":[8.5,0.25,7],"faces":{"south":{"uv":[0.96,4.96,3.04,7.04],"texture":"#0"},"west":{"uv":[0.96,4.96,3.04,7.04],"texture":"#0"},"down":{"uv":[0.96,4.96,3.04,7.04],"texture":"#0"}}},{"from":[7.75,0.25,5.5],"to":[8,0.5,5.75],"faces":{"north":{"uv":[0.96,4.96,3.04,7.04],"texture":"#0"},"up":{"uv":[0.96,4.96,3.04,7.04],"texture":"#0"}}},{"from":[7.75,0.25,6.75],"to":[8,0.5,7],"faces":{"south":{"uv":[8.96,0.96,11.04,3.04],"texture":"#0"},"west":{"uv":[8.96,0.96,11.04,3.04],"texture":"#0"},"up":{"uv":[8.96,0.96,11.04,3.04],"texture":"#0"}}},{"from":[7.75,0.5,5.75],"to":[8,0.75,6],"faces":{"north":{"uv":[0.96,8.96,3.04,11.04],"texture":"#0"},"up":{"uv":[0.96,8.96,3.04,11.04],"texture":"#0"}}},{"from":[7.75,0.5,6],"to":[8,0.75,6.5],"faces":{"up":{"uv":[8.96,4.96,11.04,7.04],"texture":"#0"}}},{"from":[7.75,0.5,6.5],"to":[8,0.75,6.75],"faces":{"south":{"uv":[4.96,0.96,7.04,3.04],"texture":"#0"},"west":{"uv":[4.96,0.96,7.04,3.04],"texture":"#0"},"up":{"uv":[4.96,0.96,7.04,3.04],"texture":"#0"}}},{"from":[8,0,5.5],"to":[8.25,0.25,5.75],"faces":{"north":{"uv":[4.96,4.96,7.04,7.04],"texture":"#0"},"east":{"uv":[4.96,4.96,7.04,7.04],"texture":"#0"},"down":{"uv":[4.96,4.96,7.04,7.04],"texture":"#0"}}},{"from":[8,0,6],"to":[8.25,0.25,6.25],"faces":{"down":{"uv":[0.96,4.96,3.04,7.04],"texture":"#0"}}},{"from":[8,0,7],"to":[8.5,0.25,7.25],"faces":{"south":{"uv":[4.96,4.96,7.04,7.04],"texture":"#0"},"west":{"uv":[4.96,4.96,7.04,7.04],"texture":"#0"},"down":{"uv":[4.96,4.96,7.04,7.04],"texture":"#0"}}},{"from":[8,0.25,5.5],"to":[8.25,0.5,5.75],"faces":{"north":{"uv":[8.96,4.96,11.04,7.04],"texture":"#0"},"east":{"uv":[8.96,4.96,11.04,7.04],"texture":"#0"},"up":{"uv":[8.96,4.96,11.04,7.04],"texture":"#0"}}},{"from":[8,0.25,6.75],"to":[8.25,0.5,7.25],"faces":{"south":{"uv":[8.96,4.96,11.04,7.04],"texture":"#0"},"west":{"uv":[8.96,4.96,11.04,7.04],"texture":"#0"},"up":{"uv":[8.96,4.96,11.04,7.04],"texture":"#0"}}},{"from":[8,0.5,5.75],"to":[8.25,0.75,6],"faces":{"north":{"uv":[12.96,0.96,15.04,3.04],"texture":"#0"},"east":{"uv":[12.96,0.96,15.04,3.04],"texture":"#0"},"up":{"uv":[12.96,0.96,15.04,3.04],"texture":"#0"}}},{"from":[8,0.5,6],"to":[8.25,0.75,6.25],"faces":{"up":{"uv":[8.96,0.96,11.04,3.04],"texture":"#0"}}},{"from":[8,0.5,6.25],"to":[8.25,0.75,6.5],"faces":{"up":{"uv":[8.96,4.96,11.04,7.04],"texture":"#0"}}},{"from":[8,0.5,6.5],"to":[8.25,0.75,7],"faces":{"south":{"uv":[0.96,4.96,3.04,7.04],"texture":"#0"},"west":{"uv":[0.96,4.96,3.04,7.04],"texture":"#0"},"up":{"uv":[0.96,4.96,3.04,7.04],"texture":"#0"}}},{"from":[8.25,0,5.75],"to":[8.5,0.25,6],"faces":{"north":{"uv":[8.96,0.96,11.04,3.04],"texture":"#0"},"east":{"uv":[8.96,0.96,11.04,3.04],"texture":"#0"},"down":{"uv":[8.96,0.96,11.04,3.04],"texture":"#0"}}},{"from":[8.25,0,6],"to":[8.75,0.25,6.25],"faces":{"north":{"uv":[4.96,4.96,7.04,7.04],"texture":"#0"},"east":{"uv":[4.96,4.96,7.04,7.04],"texture":"#0"},"down":{"uv":[4.96,4.96,7.04,7.04],"texture":"#0"}}},{"from":[8.25,0,6.25],"to":[8.5,0.25,6.75],"faces":{"down":{"uv":[4.96,4.96,7.04,7.04],"texture":"#0"}}},{"from":[8.25,0,7.25],"to":[8.75,0.25,7.5],"faces":{"south":{"uv":[12.96,0.96,15.04,3.04],"texture":"#0"},"west":{"uv":[12.96,0.96,15.04,3.04],"texture":"#0"},"down":{"uv":[12.96,0.96,15.04,3.04],"texture":"#0"}}},{"from":[8.25,0.25,5.75],"to":[8.5,0.5,6],"faces":{"north":{"uv":[4.96,4.96,7.04,7.04],"texture":"#0"},"east":{"uv":[4.96,4.96,7.04,7.04],"texture":"#0"},"up":{"uv":[4.96,4.96,7.04,7.04],"texture":"#0"}}},{"from":[8.25,0.25,6.75],"to":[9.5,0.5,7],"faces":{"north":{"uv":[4.96,0.96,7.04,3.04],"texture":"#0"},"east":{"uv":[4.96,0.96,7.04,3.04],"texture":"#0"},"up":{"uv":[4.96,0.96,7.04,3.04],"texture":"#0"}}},{"from":[8.25,0.25,7.25],"to":[8.5,0.5,7.5],"faces":{"south":{"uv":[4.96,0.96,7.04,3.04],"texture":"#0"},"west":{"uv":[4.96,0.96,7.04,3.04],"texture":"#0"},"up":{"uv":[4.96,0.96,7.04,3.04],"texture":"#0"}}},{"from":[8.25,0.5,6],"to":[8.5,0.75,6.25],"faces":{"north":{"uv":[8.96,4.96,11.04,7.04],"texture":"#0"},"east":{"uv":[8.96,4.96,11.04,7.04],"texture":"#0"},"up":{"uv":[8.96,4.96,11.04,7.04],"texture":"#0"}}},{"from":[8.25,0.5,6.25],"to":[8.5,0.75,6.5],"faces":{"up":{"uv":[4.96,0.96,7.04,3.04],"texture":"#0"}}},{"from":[8.25,0.5,6.5],"to":[8.5,0.75,6.75],"faces":{"up":{"uv":[4.96,4.96,7.04,7.04],"texture":"#0"}}},{"from":[8.25,0.5,6.75],"to":[8.75,0.75,7],"faces":{"up":{"uv":[12.96,0.96,15.04,3.04],"texture":"#0"}}},{"from":[8.25,0.5,7],"to":[8.5,0.75,7.25],"faces":{"south":{"uv":[8.96,0.96,11.04,3.04],"texture":"#0"},"west":{"uv":[8.96,0.96,11.04,3.04],"texture":"#0"},"up":{"uv":[8.96,0.96,11.04,3.04],"texture":"#0"}}},{"from":[8.5,0,6.25],"to":[8.75,0.25,6.5],"faces":{"down":{"uv":[12.96,4.96,15.04,7.04],"texture":"#0"}}},{"from":[8.5,0,6.5],"to":[8.75,0.25,7],"faces":{"down":{"uv":[0.96,8.96,3.04,11.04],"texture":"#0"}}},{"from":[8.5,0,7],"to":[8.75,0.5,7.25],"faces":{"down":{"uv":[12.96,0.96,15.04,3.04],"texture":"#0"}}},{"from":[8.5,0,7.5],"to":[9,0.25,7.75],"faces":{"west":{"uv":[8.96,0.96,11.04,3.04],"texture":"#0"},"down":{"uv":[8.96,0.96,11.04,3.04],"texture":"#0"}}},{"from":[8.5,0,7.75],"to":[8.75,0.25,8],"faces":{"south":{"uv":[12.96,0.96,15.04,3.04],"texture":"#0"},"west":{"uv":[12.96,0.96,15.04,3.04],"texture":"#0"},"down":{"uv":[12.96,0.96,15.04,3.04],"texture":"#0"}}},{"from":[8.5,0.25,6],"to":[8.75,0.5,6.25],"faces":{"north":{"uv":[0.96,8.96,3.04,11.04],"texture":"#0"},"east":{"uv":[0.96,8.96,3.04,11.04],"texture":"#0"},"up":{"uv":[0.96,8.96,3.04,11.04],"texture":"#0"}}},{"from":[8.5,0.25,7.5],"to":[8.75,0.5,7.75],"faces":{"west":{"uv":[0.96,8.96,3.04,11.04],"texture":"#0"},"up":{"uv":[0.96,8.96,3.04,11.04],"texture":"#0"}}},{"from":[8.5,0.25,7.75],"to":[9.5,0.5,8],"faces":{"south":{"uv":[8.96,0.96,11.04,3.04],"texture":"#0"},"west":{"uv":[8.96,0.96,11.04,3.04],"texture":"#0"},"up":{"uv":[8.96,0.96,11.04,3.04],"texture":"#0"}}},{"from":[8.5,0.5,6.25],"to":[8.75,0.75,6.5],"faces":{"north":{"uv":[8.96,0.96,11.04,3.04],"texture":"#0"},"east":{"uv":[8.96,0.96,11.04,3.04],"texture":"#0"},"up":{"uv":[8.96,0.96,11.04,3.04],"texture":"#0"}}},{"from":[8.5,0.5,6.5],"to":[8.75,0.75,6.75],"faces":{"up":{"uv":[0.96,4.96,3.04,7.04],"texture":"#0"}}},{"from":[8.5,0.5,7],"to":[8.75,0.75,7.25],"faces":{"up":{"uv":[8.96,4.96,11.04,7.04],"texture":"#0"}}},{"from":[8.5,0.5,7.25],"to":[8.75,0.75,7.5],"faces":{"south":{"uv":[4.96,0.96,7.04,3.04],"texture":"#0"},"west":{"uv":[4.96,0.96,7.04,3.04],"texture":"#0"},"up":{"uv":[4.96,0.96,7.04,3.04],"texture":"#0"}}},{"from":[8.75,0,6.25],"to":[9,0.25,6.5],"faces":{"north":{"uv":[0.96,4.96,3.04,7.04],"texture":"#0"},"east":{"uv":[0.96,4.96,3.04,7.04],"texture":"#0"},"down":{"uv":[0.96,4.96,3.04,7.04],"texture":"#0"}}},{"from":[8.75,0,6.5],"to":[9,0.25,6.75],"faces":{"down":{"uv":[8.96,0.96,11.04,3.04],"texture":"#0"}}},{"from":[8.75,0,6.75],"to":[9,0.25,7],"faces":{"down":{"uv":[4.96,0.96,7.04,3.04],"texture":"#0"}}},{"from":[8.75,0,7],"to":[9,0.5,7.25],"faces":{"down":{"uv":[8.96,4.96,11.04,7.04],"texture":"#0"}}},{"from":[8.75,0,7.25],"to":[9,0.25,7.5],"faces":{"down":{"uv":[4.96,0.96,7.04,3.04],"texture":"#0"}}},{"from":[8.75,0,7.75],"to":[9,0.25,8],"faces":{"down":{"uv":[8.96,4.96,11.04,7.04],"texture":"#0"}}},{"from":[8.75,0,8],"to":[9,0.25,8.25],"faces":{"south":{"uv":[4.96,0.96,7.04,3.04],"texture":"#0"},"west":{"uv":[4.96,0.96,7.04,3.04],"texture":"#0"},"down":{"uv":[4.96,0.96,7.04,3.04],"texture":"#0"}}},{"from":[8.75,0.25,6.25],"to":[9,0.5,6.5],"faces":{"north":{"uv":[4.96,4.96,7.04,7.04],"texture":"#0"},"east":{"uv":[4.96,4.96,7.04,7.04],"texture":"#0"},"up":{"uv":[4.96,4.96,7.04,7.04],"texture":"#0"}}},{"from":[8.75,0.25,8],"to":[9.25,0.5,8.25],"faces":{"south":{"uv":[12.96,4.96,15.04,7.04],"texture":"#0"},"west":{"uv":[12.96,4.96,15.04,7.04],"texture":"#0"},"up":{"uv":[12.96,4.96,15.04,7.04],"texture":"#0"}}},{"from":[8.75,0.5,6.5],"to":[9,0.75,6.75],"faces":{"north":{"uv":[4.96,4.96,7.04,7.04],"texture":"#0"},"east":{"uv":[4.96,4.96,7.04,7.04],"texture":"#0"},"up":{"uv":[4.96,4.96,7.04,7.04],"texture":"#0"}}},{"from":[8.75,0.5,6.75],"to":[9,0.75,7.25],"faces":{"up":{"uv":[0.96,4.96,3.04,7.04],"texture":"#0"}}},{"from":[8.75,0.5,7.25],"to":[9,0.75,7.5],"faces":{"up":{"uv":[12.96,4.96,15.04,7.04],"texture":"#0"}}},{"from":[8.75,0.5,7.5],"to":[9,0.75,7.75],"faces":{"west":{"uv":[0.96,4.96,3.04,7.04],"texture":"#0"},"up":{"uv":[0.96,4.96,3.04,7.04],"texture":"#0"}}},{"from":[8.75,0.5,7.75],"to":[9,0.75,8],"faces":{"south":{"uv":[4.96,0.96,7.04,3.04],"texture":"#0"},"west":{"uv":[4.96,0.96,7.04,3.04],"texture":"#0"},"up":{"uv":[4.96,0.96,7.04,3.04],"texture":"#0"}}},{"from":[9,0,6.5],"to":[9.25,0.25,6.75],"faces":{"north":{"uv":[12.96,0.96,15.04,3.04],"texture":"#0"},"east":{"uv":[12.96,0.96,15.04,3.04],"texture":"#0"},"down":{"uv":[12.96,0.96,15.04,3.04],"texture":"#0"}}},{"from":[9,0,6.75],"to":[9.25,0.25,7],"faces":{"down":{"uv":[8.96,4.96,11.04,7.04],"texture":"#0"}}},{"from":[9,0,7],"to":[9.25,0.25,7.75],"faces":{"down":{"uv":[12.96,4.96,15.04,7.04],"texture":"#0"}}},{"from":[9,0,7.75],"to":[9.25,0.25,8],"faces":{"down":{"uv":[0.96,8.96,3.04,11.04],"texture":"#0"}}},{"from":[9,0,8],"to":[9.25,0.25,8.25],"faces":{"down":{"uv":[8.96,4.96,11.04,7.04],"texture":"#0"}}},{"from":[9,0,8.25],"to":[9.75,0.5,8.5],"faces":{"east":{"uv":[12.96,4.96,15.04,7.04],"texture":"#0"},"south":{"uv":[12.96,4.96,15.04,7.04],"texture":"#0"},"west":{"uv":[12.96,4.96,15.04,7.04],"texture":"#0"},"up":{"uv":[12.96,4.96,15.04,7.04],"texture":"#0"},"down":{"uv":[12.96,4.96,15.04,7.04],"texture":"#0"}}},{"from":[9,0.25,6.5],"to":[9.25,0.5,6.75],"faces":{"north":{"uv":[0.96,4.96,3.04,7.04],"texture":"#0"},"east":{"uv":[0.96,4.96,3.04,7.04],"texture":"#0"},"up":{"uv":[0.96,4.96,3.04,7.04],"texture":"#0"}}},{"from":[9,0.25,7],"to":[9.25,0.75,7.25],"faces":{"up":{"uv":[8.96,0.96,11.04,3.04],"texture":"#0"}}},{"from":[9,0.5,6.75],"to":[9.25,0.75,7],"faces":{"north":{"uv":[0.96,8.96,3.04,11.04],"texture":"#0"},"east":{"uv":[0.96,8.96,3.04,11.04],"texture":"#0"},"up":{"uv":[0.96,8.96,3.04,11.04],"texture":"#0"}}},{"from":[9,0.5,7.25],"to":[9.5,0.75,7.5],"faces":{"east":{"uv":[4.96,4.96,7.04,7.04],"texture":"#0"},"up":{"uv":[4.96,4.96,7.04,7.04],"texture":"#0"}}},{"from":[9,0.5,7.5],"to":[9.5,0.75,7.75],"faces":{"east":{"uv":[8.96,4.96,11.04,7.04],"texture":"#0"},"up":{"uv":[8.96,4.96,11.04,7.04],"texture":"#0"}}},{"from":[9,0.5,7.75],"to":[9.25,0.75,8],"faces":{"up":{"uv":[4.96,4.96,7.04,7.04],"texture":"#0"}}},{"from":[9,0.5,8],"to":[9.25,0.75,8.25],"faces":{"south":{"uv":[8.96,0.96,11.04,3.04],"texture":"#0"},"west":{"uv":[8.96,0.96,11.04,3.04],"texture":"#0"},"up":{"uv":[8.96,0.96,11.04,3.04],"texture":"#0"}}},{"from":[9.25,0,6.75],"to":[9.5,0.25,7],"faces":{"north":{"uv":[8.96,0.96,11.04,3.04],"texture":"#0"},"east":{"uv":[8.96,0.96,11.04,3.04],"texture":"#0"},"down":{"uv":[8.96,0.96,11.04,3.04],"texture":"#0"}}},{"from":[9.25,0,7],"to":[9.5,0.25,7.25],"faces":{"east":{"uv":[12.96,0.96,15.04,3.04],"texture":"#0"},"down":{"uv":[12.96,0.96,15.04,3.04],"texture":"#0"}}},{"from":[9.25,0,7.25],"to":[9.75,0.25,7.75],"faces":{"north":{"uv":[4.96,4.96,7.04,7.04],"texture":"#0"},"east":{"uv":[4.96,4.96,7.04,7.04],"texture":"#0"},"down":{"uv":[4.96,4.96,7.04,7.04],"texture":"#0"}}},{"from":[9.25,0,7.75],"to":[9.5,0.25,8],"faces":{"down":{"uv":[8.96,4.96,11.04,7.04],"texture":"#0"}}},{"from":[9.25,0,8],"to":[9.5,0.25,8.25],"faces":{"down":{"uv":[8.96,0.96,11.04,3.04],"texture":"#0"}}},{"from":[9.25,0.25,7],"to":[9.5,0.5,7.25],"faces":{"east":{"uv":[4.96,0.96,7.04,3.04],"texture":"#0"}}},{"from":[9.25,0.25,7.5],"to":[9.75,0.5,7.75],"faces":{"east":{"uv":[12.96,4.96,15.04,7.04],"texture":"#0"},"up":{"uv":[12.96,4.96,15.04,7.04],"texture":"#0"}}},{"from":[9.25,0.5,7],"to":[9.5,0.75,7.25],"faces":{"north":{"uv":[0.96,8.96,3.04,11.04],"texture":"#0"},"east":{"uv":[0.96,8.96,3.04,11.04],"texture":"#0"},"up":{"uv":[0.96,8.96,3.04,11.04],"texture":"#0"}}},{"from":[9.25,0.5,7.75],"to":[9.5,0.75,8],"faces":{"east":{"uv":[12.96,0.96,15.04,3.04],"texture":"#0"},"up":{"uv":[12.96,0.96,15.04,3.04],"texture":"#0"}}},{"from":[9.25,0.5,8],"to":[9.5,0.75,8.25],"faces":{"south":{"uv":[0.96,8.96,3.04,11.04],"texture":"#0"},"up":{"uv":[0.96,8.96,3.04,11.04],"texture":"#0"}}},{"from":[9.5,0,7.75],"to":[9.75,0.25,8],"faces":{"east":{"uv":[8.96,0.96,11.04,3.04],"texture":"#0"},"down":{"uv":[8.96,0.96,11.04,3.04],"texture":"#0"}}},{"from":[9.5,0,8],"to":[9.75,0.25,8.25],"faces":{"down":{"uv":[8.96,4.96,11.04,7.04],"texture":"#0"}}},{"from":[9.5,0.25,7.25],"to":[9.75,0.5,7.5],"faces":{"north":{"uv":[12.96,0.96,15.04,3.04],"texture":"#0"},"east":{"uv":[12.96,0.96,15.04,3.04],"texture":"#0"},"up":{"uv":[12.96,0.96,15.04,3.04],"texture":"#0"}}},{"from":[9.5,0.25,7.75],"to":[9.75,0.5,8],"faces":{"east":{"uv":[4.96,4.96,7.04,7.04],"texture":"#0"},"up":{"uv":[4.96,4.96,7.04,7.04],"texture":"#0"}}},{"from":[9.5,0.5,8],"to":[9.75,0.75,8.25],"faces":{"north":{"uv":[12.96,4.96,15.04,7.04],"texture":"#0"},"east":{"uv":[12.96,4.96,15.04,7.04],"texture":"#0"},"south":{"uv":[12.96,4.96,15.04,7.04],"texture":"#0"},"up":{"uv":[12.96,4.96,15.04,7.04],"texture":"#0"}}},{"from":[9.75,0,8],"to":[10,0.25,8.25],"faces":{"north":{"uv":[0.96,4.96,3.04,7.04],"texture":"#0"},"east":{"uv":[0.96,4.96,3.04,7.04],"texture":"#0"},"south":{"uv":[0.96,4.96,3.04,7.04],"texture":"#0"},"down":{"uv":[0.96,4.96,3.04,7.04],"texture":"#0"}}},{"from":[9.75,0.25,8],"to":[10,0.5,8.25],"faces":{"north":{"uv":[0.96,8.96,3.04,11.04],"texture":"#0"},"east":{"uv":[0.96,8.96,3.04,11.04],"texture":"#0"},"south":{"uv":[0.96,8.96,3.04,11.04],"texture":"#0"},"up":{"uv":[0.96,8.96,3.04,11.04],"texture":"#0"}}}],"display":{"head":{"translation":[3,-19,0],"scale":[2.5,2.5,2.5]}}}