{"textures":{"0":"item/projector","particle":"block/stone"},"elements":[{"from":[0,0,0],"to":[16,12,16],"faces":{"north":{"uv":[0,0,4,3],"texture":"#0"},"east":{"uv":[12,0,16,3],"texture":"#0"},"south":{"uv":[4,0,8,3],"texture":"#0"},"west":{"uv":[8,0,12,3],"texture":"#0"},"up":{"uv":[0,3.25,4,7.25],"texture":"#0"},"down":{"uv":[0,3.25,4,7.25],"texture":"#0"}}},{"from":[2,12,2],"to":[14,14,14],"faces":{"north":{"uv":[10,3.75,10.5,4.25],"texture":"#0"},"east":{"uv":[10,3.75,10.5,4.25],"texture":"#0"},"south":{"uv":[10,3.75,10.5,4.25],"texture":"#0"},"west":{"uv":[10,3.75,10.5,4.25],"texture":"#0"},"up":{"uv":[4.25,3.25,7.25,6.25],"texture":"#0"}}},{"from":[4,14,4],"to":[12,16,12],"faces":{"north":{"uv":[10,3.75,10.5,4.25],"texture":"#0"},"east":{"uv":[10,3.75,10.5,4.25],"texture":"#0"},"south":{"uv":[10,3.75,10.5,4.25],"texture":"#0"},"west":{"uv":[10,3.75,10.5,4.25],"texture":"#0"},"up":{"uv":[7.5,3.25,9.5,5.25],"texture":"#0"}}},{"from":[7.5,2,16],"to":[8.5,3,26],"rotation":{"angle":-45,"axis":"x","origin":[7.5,2,16]},"faces":{"east":{"uv":[10.75,4.5,10,3.5],"rotation":180,"texture":"#0"},"south":{"uv":[10.75,4.5,10,3.5],"rotation":180,"texture":"#0"},"west":{"uv":[10.75,4.5,10,3.5],"rotation":180,"texture":"#0"},"up":{"uv":[10.75,4.5,10,3.5],"rotation":180,"texture":"#0"},"down":{"uv":[10.75,4.5,10,3.5],"rotation":180,"texture":"#0"}}},{"from":[-7,9,7.5],"to":[3,10,8.5],"rotation":{"angle":-45,"axis":"z","origin":[-7,9,7.5]},"faces":{"north":{"uv":[10.75,4.5,10,3.5],"rotation":180,"texture":"#0"},"south":{"uv":[10.75,4.5,10,3.5],"rotation":180,"texture":"#0"},"up":{"uv":[10.75,4.5,10,3.5],"rotation":180,"texture":"#0"},"down":{"uv":[10.75,4.5,10,3.5],"rotation":180,"texture":"#0"}}},{"from":[-7.9634,7.9116,7],"to":[-6.9634,15.4116,9],"rotation":{"angle":-22.5,"axis":"z","origin":[-7,8,7]},"faces":{"north":{"uv":[10.75,4.5,10,3.5],"rotation":180,"texture":"#0"},"east":{"uv":[10.75,4.5,10,3.5],"rotation":180,"texture":"#0"},"south":{"uv":[10.75,4.5,10,3.5],"rotation":180,"texture":"#0"},"west":{"uv":[10.75,4.5,10,3.5],"rotation":180,"texture":"#0"},"up":{"uv":[10.75,4.5,10,3.5],"rotation":180,"texture":"#0"},"down":{"uv":[10.75,4.5,10,3.5],"rotation":180,"texture":"#0"}}},{"from":[16,2,7.5],"to":[26,3,8.5],"rotation":{"angle":45,"axis":"z","origin":[16,2,7.5]},"faces":{"north":{"uv":[10.75,4.5,10,3.5],"rotation":180,"texture":"#0"},"east":{"uv":[10.75,4.5,10,3.5],"rotation":180,"texture":"#0"},"south":{"uv":[10.75,4.5,10,3.5],"rotation":180,"texture":"#0"},"up":{"uv":[10.75,4.5,10,3.5],"rotation":180,"texture":"#0"},"down":{"uv":[10.75,4.5,10,3.5],"rotation":180,"texture":"#0"}}},{"from":[23.0366,8.4116,7],"to":[24.0366,15.9116,9],"rotation":{"angle":22.5,"axis":"z","origin":[24,8.5,7]},"faces":{"north":{"uv":[10.75,4.5,10,3.5],"rotation":180,"texture":"#0"},"east":{"uv":[10.75,4.5,10,3.5],"rotation":180,"texture":"#0"},"south":{"uv":[10.75,4.5,10,3.5],"rotation":180,"texture":"#0"},"west":{"uv":[10.75,4.5,10,3.5],"rotation":180,"texture":"#0"},"up":{"uv":[10.75,4.5,10,3.5],"rotation":180,"texture":"#0"},"down":{"uv":[10.75,4.5,10,3.5],"rotation":180,"texture":"#0"}}},{"from":[7.5,2,-10],"to":[8.5,3,0],"rotation":{"angle":45,"axis":"x","origin":[7.5,2,0]},"faces":{"north":{"uv":[10.75,4.5,10,3.5],"rotation":180,"texture":"#0"},"east":{"uv":[10.75,4.5,10,3.5],"rotation":180,"texture":"#0"},"west":{"uv":[10.75,4.5,10,3.5],"rotation":180,"texture":"#0"},"up":{"uv":[10.75,4.5,10,3.5],"rotation":180,"texture":"#0"},"down":{"uv":[10.75,4.5,10,3.5],"rotation":180,"texture":"#0"}}},{"from":[7.0001,8.4116,-8.0366],"to":[9.0001,15.9116,-7.0366],"rotation":{"angle":22.5,"axis":"x","origin":[7,8.5,-8]},"faces":{"north":{"uv":[10.75,4.5,10,3.5],"rotation":180,"texture":"#0"},"east":{"uv":[10.75,4.5,10,3.5],"rotation":180,"texture":"#0"},"south":{"uv":[10.75,4.5,10,3.5],"rotation":180,"texture":"#0"},"west":{"uv":[10.75,4.5,10,3.5],"rotation":180,"texture":"#0"},"up":{"uv":[10.75,4.5,10,3.5],"rotation":180,"texture":"#0"},"down":{"uv":[10.75,4.5,10,3.5],"rotation":180,"texture":"#0"}}},{"from":[7.0001,7.9116,22.9634],"to":[9.0001,15.4116,23.9634],"rotation":{"angle":-22.5,"axis":"x","origin":[7,8,23]},"faces":{"north":{"uv":[10.75,4.5,10,3.5],"rotation":180,"texture":"#0"},"east":{"uv":[10.75,4.5,10,3.5],"rotation":180,"texture":"#0"},"south":{"uv":[10.75,4.5,10,3.5],"rotation":180,"texture":"#0"},"west":{"uv":[10.75,4.5,10,3.5],"rotation":180,"texture":"#0"},"up":{"uv":[10.75,4.5,10,3.5],"rotation":180,"texture":"#0"},"down":{"uv":[10.75,4.5,10,3.5],"rotation":180,"texture":"#0"}}}],"display":{"thirdperson_righthand":{"rotation":[75,45,0],"translation":[0,2.5,0],"scale":[0.375,0.375,0.375]},"thirdperson_lefthand":{"rotation":[75,45,0],"translation":[0,2.5,0],"scale":[0.375,0.375,0.375]},"firstperson_righthand":{"rotation":[0,45,0],"scale":[0.4,0.4,0.4]},"firstperson_lefthand":{"rotation":[0,45,0],"scale":[0.4,0.4,0.4]},"ground":{"translation":[0,3,0],"scale":[0.25,0.25,0.25]},"gui":{"rotation":[30,225,0],"scale":[0.625,0.625,0.625]},"head":{"scale":[1.655,1.655,1.655]}}}