{"textures":{"0":"item/firework_rocket","1":"block/coal_block","2":"block/orange_terracotta"},"elements":[{"from":[6,0,6],"to":[10,12,10],"rotation":{"angle":0,"axis":"z","origin":[8,5,8]},"faces":{"north":{"uv":[7,5,10,13],"texture":"#0"},"east":{"uv":[7,5,10,13],"texture":"#0"},"south":{"uv":[7,5,10,13],"texture":"#0"},"west":{"uv":[7,5,10,13],"texture":"#0"},"up":{"uv":[0,0,4,4],"rotation":180,"texture":"#2"},"down":{"uv":[4,4,8,8],"rotation":180,"texture":"#1"}}},{"from":[5,12,5],"to":[11,13,11],"rotation":{"angle":0,"axis":"z","origin":[8,5,8]},"faces":{"north":{"uv":[0,0,3,1],"texture":"#2"},"east":{"uv":[0,0,3,1],"texture":"#2"},"south":{"uv":[0,0,6,1],"texture":"#2"},"west":{"uv":[0,0,6,1],"texture":"#2"},"up":{"uv":[0,0,3,3],"rotation":180,"texture":"#2"},"down":{"uv":[0,0,3,3],"rotation":180,"texture":"#2"}}},{"from":[6,13,6],"to":[10,14,10],"rotation":{"angle":0,"axis":"z","origin":[8,5,8]},"faces":{"north":{"uv":[0,0,3,1],"texture":"#2"},"east":{"uv":[0,0,3,1],"texture":"#2"},"south":{"uv":[0,0,4,1],"texture":"#2"},"west":{"uv":[0,0,4,1],"texture":"#2"},"up":{"uv":[0,0,3,3],"rotation":180,"texture":"#2"},"down":{"uv":[0,0,3,3],"rotation":180,"texture":"#2"}}},{"from":[7,14,7],"to":[9,15,9],"rotation":{"angle":0,"axis":"z","origin":[8,5,8]},"faces":{"north":{"uv":[0,0,3,1],"texture":"#2"},"east":{"uv":[0,0,3,1],"texture":"#2"},"south":{"uv":[0,0,2,1],"texture":"#2"},"west":{"uv":[0,0,2,1],"texture":"#2"},"up":{"uv":[0,0,3,3],"rotation":180,"texture":"#2"},"down":{"uv":[0,0,3,3],"rotation":180,"texture":"#2"}}}],"display":{"thirdperson_righthand":{"scale":[0,0,0]},"thirdperson_lefthand":{"scale":[0,0,0]}}}