{"textures":{"0":"block/nether_portal","particle":"block/nether_portal"},"elements":[{"from":[6,0,0],"to":[10,16,16],"faces":{"east":{"uv":[0,0,16,16],"texture":"#0"},"west":{"uv":[0,0,16,16],"texture":"#0"}}},{"from":[6,0,16],"to":[10,16,32],"faces":{"east":{"uv":[0,0,16,16],"texture":"#0"},"west":{"uv":[0,0,16,16],"texture":"#0"}}},{"from":[6,-16,0],"to":[10,0,16],"faces":{"east":{"uv":[0,0,16,16],"texture":"#0"},"west":{"uv":[0,0,16,16],"texture":"#0"}}},{"from":[6,-16,16],"to":[10,0,32],"faces":{"east":{"uv":[0,0,16,16],"texture":"#0"},"west":{"uv":[0,0,16,16],"texture":"#0"}}},{"from":[6,16,0],"to":[10,32,16],"faces":{"east":{"uv":[0,0,16,16],"texture":"#0"},"west":{"uv":[0,0,16,16],"texture":"#0"}}},{"from":[6,16,16],"to":[10,32,32],"faces":{"east":{"uv":[0,0,16,16],"texture":"#0"},"west":{"uv":[0,0,16,16],"texture":"#0"}}}],"display":{"head":{"rotation":[0,90,0],"translation":[-13,-17.7,0],"scale":[1.6,1.6,1.6]}}}
