{"textures":{"0":"pixel/brown","1":"pixel/purple_terracotta","2":"pixel/blue_terracotta","3":"pixel/stone","4":"pixel/white","5":"pixel/magenta_terracotta"},"elements":[{"from":[6,0,3],"to":[7,0,4],"faces":{"down":{"uv":[6,12,7,13],"texture":"#1","cullface":"down"}}},{"from":[6,0,4],"to":[8,0,5],"faces":{"down":{"uv":[6,11,8,12],"texture":"#1","cullface":"down"}}},{"from":[5,0,5],"to":[6,0,6],"faces":{"down":{"uv":[5,10,6,11],"texture":"#1","cullface":"down"}}},{"from":[8,0,6],"to":[9,0,7],"faces":{"down":{"uv":[8,9,9,10],"texture":"#1","cullface":"down"}}},{"from":[5,0,7],"to":[7,0,8],"faces":{"down":{"uv":[5,8,7,9],"texture":"#1","cullface":"down"}}},{"from":[4,0,8],"to":[7,0,9],"faces":{"down":{"uv":[4,7,7,8],"texture":"#1","cullface":"down"}}},{"from":[5,0,9],"to":[7,0,10],"faces":{"down":{"uv":[5,6,7,7],"texture":"#1","cullface":"down"}}},{"from":[8,0,10],"to":[9,0,11],"faces":{"down":{"uv":[8,5,9,6],"texture":"#1","cullface":"down"}}},{"from":[6,0,11],"to":[8,0,12],"faces":{"down":{"uv":[6,4,8,5],"texture":"#1","cullface":"down"}}},{"from":[5,0,12],"to":[6,0,14],"faces":{"down":{"uv":[5,2,6,4],"texture":"#1","cullface":"down"}}},{"from":[7,1,13],"to":[7,2,14],"faces":{"east":{"uv":[2,14,3,15],"texture":"#1"}}},{"from":[8,1,12],"to":[8,2,13],"faces":{"east":{"uv":[3,14,4,15],"texture":"#1"}}},{"from":[9,0,10],"to":[9,2,11],"faces":{"east":{"uv":[5,14,6,16],"texture":"#1"}}},{"from":[10,1,9],"to":[10,2,10],"faces":{"east":{"uv":[6,14,7,15],"texture":"#1"}}},{"from":[14,3,5],"to":[14,4,6],"faces":{"east":{"uv":[10,12,11,13],"texture":"#1"}}},{"from":[14,2,7],"to":[14,3,8],"faces":{"east":{"uv":[8,13,9,14],"texture":"#1"}}},{"from":[4,0,8],"to":[4,1,9],"faces":{"west":{"uv":[8,15,9,16],"texture":"#1"}}},{"from":[5,0,5],"to":[5,1,6],"faces":{"west":{"uv":[5,15,6,16],"texture":"#1"}}},{"from":[5,0,7],"to":[5,1,8],"faces":{"west":{"uv":[7,15,8,16],"texture":"#1"}}},{"from":[5,1,12],"to":[5,2,14],"faces":{"west":{"uv":[12,14,14,15],"texture":"#1"}}},{"from":[6,0,3],"to":[6,1,4],"faces":{"west":{"uv":[3,15,4,16],"texture":"#1"}}},{"from":[6,1,5],"to":[6,2,6],"faces":{"west":{"uv":[5,14,6,15],"texture":"#1"}}},{"from":[6,1,11],"to":[6,2,12],"faces":{"west":{"uv":[11,14,12,15],"texture":"#1"}}},{"from":[7,1,3],"to":[7,2,4],"faces":{"west":{"uv":[3,14,4,15],"texture":"#1"}}},{"from":[7,1,7],"to":[7,2,8],"faces":{"west":{"uv":[7,14,8,15],"texture":"#1"}}},{"from":[7,1,9],"to":[7,2,10],"faces":{"west":{"uv":[9,14,10,15],"texture":"#1"}}},{"from":[9,2,5],"to":[9,3,6],"faces":{"west":{"uv":[5,13,6,14],"texture":"#1"}}},{"from":[10,3,4],"to":[10,4,5],"faces":{"west":{"uv":[4,12,5,13],"texture":"#1"}}},{"from":[6,1,3],"to":[7,1,4],"faces":{"up":{"uv":[6,3,7,4],"texture":"#1"}}},{"from":[5,1,5],"to":[6,1,6],"faces":{"up":{"uv":[5,5,6,6],"texture":"#1"}}},{"from":[5,1,7],"to":[7,1,8],"faces":{"up":{"uv":[5,7,7,8],"texture":"#1"}}},{"from":[4,1,8],"to":[7,1,9],"faces":{"up":{"uv":[4,8,7,9],"texture":"#1"}}},{"from":[5,1,9],"to":[7,1,10],"faces":{"up":{"uv":[5,9,7,10],"texture":"#1"}}},{"from":[7,2,3],"to":[8,2,5],"faces":{"up":{"uv":[7,3,8,5],"texture":"#1"}}},{"from":[5,2,13],"to":[7,2,14],"faces":{"up":{"uv":[5,13,7,14],"texture":"#1"}}},{"from":[6,2,5],"to":[8,2,6],"faces":{"up":{"uv":[6,5,8,6],"texture":"#1"}}},{"from":[7,2,6],"to":[9,2,7],"faces":{"up":{"uv":[7,6,9,7],"texture":"#1"}}},{"from":[7,2,7],"to":[8,2,8],"faces":{"up":{"uv":[7,7,8,8],"texture":"#1"}}},{"from":[8,2,8],"to":[10,2,9],"faces":{"up":{"uv":[8,8,10,9],"texture":"#1"}}},{"from":[7,2,9],"to":[10,2,10],"faces":{"up":{"uv":[7,9,10,10],"texture":"#1"}}},{"from":[8,2,10],"to":[9,2,11],"faces":{"up":{"uv":[8,10,9,11],"texture":"#1"}}},{"from":[6,2,11],"to":[8,2,12],"faces":{"up":{"uv":[6,11,8,12],"texture":"#1"}}},{"from":[5,2,12],"to":[8,2,13],"faces":{"up":{"uv":[5,12,8,13],"texture":"#1"}}},{"from":[9,3,5],"to":[10,3,6],"faces":{"up":{"uv":[9,5,10,6],"texture":"#1"}}},{"from":[12,3,6],"to":[13,3,7],"faces":{"up":{"uv":[12,6,13,7],"texture":"#1"}}},{"from":[13,3,7],"to":[14,3,8],"faces":{"up":{"uv":[13,7,14,8],"texture":"#1"}}},{"from":[10,4,3],"to":[11,4,5],"faces":{"up":{"uv":[10,3,11,5],"texture":"#1"}}},{"from":[12,4,5],"to":[14,4,6],"faces":{"up":{"uv":[12,5,14,6],"texture":"#1"}}},{"from":[10,3,5],"to":[11,4,5],"faces":{"south":{"uv":[10,12,11,13],"texture":"#1"}}},{"from":[12,3,6],"to":[14,4,6],"faces":{"south":{"uv":[12,12,14,13],"texture":"#1"}}},{"from":[13,2,8],"to":[14,3,8],"faces":{"south":{"uv":[13,13,14,14],"texture":"#1"}}},{"from":[9,1,10],"to":[10,2,10],"faces":{"south":{"uv":[9,14,10,15],"texture":"#1"}}},{"from":[7,1,13],"to":[8,2,13],"faces":{"south":{"uv":[7,14,8,15],"texture":"#1"}}},{"from":[5,0,14],"to":[6,1,14],"faces":{"south":{"uv":[5,15,6,16],"texture":"#1"}}},{"from":[5,1,14],"to":[7,2,14],"faces":{"south":{"uv":[5,14,7,15],"texture":"#1"}}},{"from":[6,0,3],"to":[7,1,3],"faces":{"north":{"uv":[9,15,10,16],"texture":"#1"}}},{"from":[7,1,3],"to":[9,2,3],"faces":{"north":{"uv":[7,14,9,15],"texture":"#1"}}},{"from":[11,1,3],"to":[12,2,3],"faces":{"north":{"uv":[4,14,5,15],"texture":"#1"}}},{"from":[10,2,3],"to":[12,3,3],"faces":{"north":{"uv":[4,13,6,14],"texture":"#1"}}},{"from":[10,3,3],"to":[11,4,3],"faces":{"north":{"uv":[5,12,6,13],"texture":"#1"}}},{"from":[4,0,8],"to":[5,1,8],"faces":{"north":{"uv":[11,15,12,16],"texture":"#1"}}},{"from":[5,1,12],"to":[6,2,12],"faces":{"north":{"uv":[10,14,11,15],"texture":"#1"}}},{"from":[7,7,6],"to":[7,9,7],"faces":{"east":{"uv":[9,7,10,9],"texture":"#4"}}},{"from":[8,6,7],"to":[8,8,8],"faces":{"east":{"uv":[8,8,9,10],"texture":"#4"}}},{"from":[9,8,8],"to":[9,9,9],"faces":{"east":{"uv":[7,7,8,8],"texture":"#4"}}},{"from":[9,12,8],"to":[9,13,9],"faces":{"east":{"uv":[7,3,8,4],"texture":"#4"}}},{"from":[9,6,9],"to":[9,12,10],"faces":{"east":{"uv":[6,4,7,10],"texture":"#4"}}},{"from":[9,10,10],"to":[9,13,11],"faces":{"east":{"uv":[5,3,6,6],"texture":"#4"}}},{"from":[10,2,7],"to":[10,5,8],"faces":{"east":{"uv":[8,11,9,14],"texture":"#4"}}},{"from":[10,3,8],"to":[10,8,9],"faces":{"east":{"uv":[7,8,8,13],"texture":"#4"}}},{"from":[10,12,9],"to":[10,13,10],"faces":{"east":{"uv":[6,3,7,4],"texture":"#4"}}},{"from":[6,7,6],"to":[6,9,7],"faces":{"west":{"uv":[6,7,7,9],"texture":"#4"}}},{"from":[7,6,7],"to":[7,8,8],"faces":{"west":{"uv":[7,8,8,10],"texture":"#4"}}},{"from":[7,11,9],"to":[7,13,10],"faces":{"west":{"uv":[9,3,10,5],"texture":"#4"}}},{"from":[8,2,7],"to":[8,4,8],"faces":{"west":{"uv":[7,12,8,14],"texture":"#4"}}},{"from":[8,5,8],"to":[8,9,9],"faces":{"west":{"uv":[8,7,9,11],"texture":"#4"}}},{"from":[8,12,8],"to":[8,13,9],"faces":{"west":{"uv":[8,3,9,4],"texture":"#4"}}},{"from":[8,6,9],"to":[8,11,10],"faces":{"west":{"uv":[9,5,10,10],"texture":"#4"}}},{"from":[8,10,10],"to":[8,13,11],"faces":{"west":{"uv":[10,3,11,6],"texture":"#4"}}},{"from":[9,2,6],"to":[9,3,7],"faces":{"west":{"uv":[6,13,7,14],"texture":"#4"}}},{"from":[9,4,7],"to":[9,5,8],"faces":{"west":{"uv":[7,11,8,12],"texture":"#4"}}},{"from":[9,3,8],"to":[9,5,9],"faces":{"west":{"uv":[8,11,9,13],"texture":"#4"}}},{"from":[9,3,6],"to":[10,3,7],"faces":{"up":{"uv":[9,6,10,7],"texture":"#4"}}},{"from":[8,4,7],"to":[9,4,8],"faces":{"up":{"uv":[8,7,9,8],"texture":"#4"}}},{"from":[9,5,7],"to":[10,5,8],"faces":{"up":{"uv":[9,7,10,8],"texture":"#4"}}},{"from":[7,8,7],"to":[8,8,8],"faces":{"up":{"uv":[7,7,8,8],"texture":"#4"}}},{"from":[9,8,8],"to":[10,8,9],"faces":{"up":{"uv":[9,8,10,9],"texture":"#4"}}},{"from":[8,9,8],"to":[9,9,9],"faces":{"up":{"uv":[8,8,9,9],"texture":"#4"}}},{"from":[9,3,8],"to":[10,3,9],"faces":{"down":{"uv":[9,7,10,8],"texture":"#4"}}},{"from":[8,5,8],"to":[9,5,9],"faces":{"down":{"uv":[8,7,9,8],"texture":"#4"}}},{"from":[7,6,7],"to":[8,6,8],"faces":{"down":{"uv":[7,8,8,9],"texture":"#4"}}},{"from":[8,6,9],"to":[9,6,10],"faces":{"down":{"uv":[8,6,9,7],"texture":"#4"}}},{"from":[6,7,6],"to":[7,7,7],"faces":{"down":{"uv":[6,9,7,10],"texture":"#4"}}},{"from":[8,10,10],"to":[9,10,11],"faces":{"down":{"uv":[8,5,9,6],"texture":"#4"}}},{"from":[7,11,9],"to":[8,11,10],"faces":{"down":{"uv":[7,6,8,7],"texture":"#4"}}},{"from":[8,12,8],"to":[9,12,9],"faces":{"down":{"uv":[8,7,9,8],"texture":"#4"}}},{"from":[9,12,9],"to":[10,12,10],"faces":{"down":{"uv":[9,6,10,7],"texture":"#4"}}},{"from":[6,7,7],"to":[7,9,7],"faces":{"south":{"uv":[6,7,7,9],"texture":"#4"}}},{"from":[8,2,8],"to":[10,3,8],"faces":{"south":{"uv":[8,13,10,14],"texture":"#4"}}},{"from":[8,3,8],"to":[9,4,8],"faces":{"south":{"uv":[8,12,9,13],"texture":"#4"}}},{"from":[7,6,8],"to":[8,8,8],"faces":{"south":{"uv":[7,8,8,10],"texture":"#4"}}},{"from":[9,3,9],"to":[10,5,9],"faces":{"south":{"uv":[9,11,10,13],"texture":"#4"}}},{"from":[8,5,9],"to":[10,6,9],"faces":{"south":{"uv":[8,10,10,11],"texture":"#4"}}},{"from":[9,6,9],"to":[10,8,9],"faces":{"south":{"uv":[9,8,10,10],"texture":"#4"}}},{"from":[8,6,10],"to":[9,10,10],"faces":{"south":{"uv":[8,6,9,10],"texture":"#4"}}},{"from":[9,12,10],"to":[10,13,10],"faces":{"south":{"uv":[9,3,10,4],"texture":"#4"}}},{"from":[7,11,10],"to":[8,13,10],"faces":{"south":{"uv":[7,3,8,5],"texture":"#4"}}},{"from":[8,10,11],"to":[9,13,11],"faces":{"south":{"uv":[8,3,9,6],"texture":"#4"}}},{"from":[6,7,6],"to":[7,9,6],"faces":{"north":{"uv":[9,7,10,9],"texture":"#4"}}},{"from":[8,2,7],"to":[9,3,7],"faces":{"north":{"uv":[7,13,8,14],"texture":"#4"}}},{"from":[8,3,7],"to":[10,4,7],"faces":{"north":{"uv":[6,12,8,13],"texture":"#4"}}},{"from":[9,4,7],"to":[10,5,7],"faces":{"north":{"uv":[6,11,7,12],"texture":"#4"}}},{"from":[7,6,7],"to":[8,8,7],"faces":{"north":{"uv":[8,8,9,10],"texture":"#4"}}},{"from":[8,5,8],"to":[10,8,8],"faces":{"north":{"uv":[6,8,8,11],"texture":"#4"}}},{"from":[8,8,8],"to":[9,9,8],"faces":{"north":{"uv":[7,7,8,8],"texture":"#4"}}},{"from":[8,12,8],"to":[9,13,8],"faces":{"north":{"uv":[7,3,8,4],"texture":"#4"}}},{"from":[8,9,9],"to":[9,11,9],"faces":{"north":{"uv":[7,5,8,7],"texture":"#4"}}},{"from":[7,11,9],"to":[9,12,9],"faces":{"north":{"uv":[7,4,9,5],"texture":"#4"}}},{"from":[7,12,9],"to":[8,13,9],"faces":{"north":{"uv":[8,3,9,4],"texture":"#4"}}},{"from":[9,12,9],"to":[10,13,9],"faces":{"north":{"uv":[6,3,7,4],"texture":"#4"}}},{"from":[7,0,3],"to":[10,0,4],"faces":{"down":{"uv":[7,12,10,13],"texture":"#2","cullface":"down"}}},{"from":[11,0,3],"to":[12,0,4],"faces":{"down":{"uv":[11,12,12,13],"texture":"#2","cullface":"down"}}},{"from":[8,0,4],"to":[9,0,5],"faces":{"down":{"uv":[8,11,9,12],"texture":"#2","cullface":"down"}}},{"from":[6,0,5],"to":[7,0,6],"faces":{"down":{"uv":[6,10,7,11],"texture":"#2","cullface":"down"}}},{"from":[8,0,5],"to":[13,0,6],"faces":{"down":{"uv":[8,10,13,11],"texture":"#2","cullface":"down"}}},{"from":[10,0,6],"to":[13,0,7],"faces":{"down":{"uv":[10,9,13,10],"texture":"#2","cullface":"down"}}},{"from":[12,0,7],"to":[14,0,8],"faces":{"down":{"uv":[12,8,14,9],"texture":"#2","cullface":"down"}}},{"from":[8,0,8],"to":[9,0,9],"faces":{"down":{"uv":[8,7,9,8],"texture":"#2","cullface":"down"}}},{"from":[7,0,9],"to":[8,0,10],"faces":{"down":{"uv":[7,6,8,7],"texture":"#2","cullface":"down"}}},{"from":[9,0,9],"to":[10,0,10],"faces":{"down":{"uv":[9,6,10,7],"texture":"#2","cullface":"down"}}},{"from":[6,0,10],"to":[7,0,11],"faces":{"down":{"uv":[6,5,7,6],"texture":"#2","cullface":"down"}}},{"from":[8,0,11],"to":[9,0,12],"faces":{"down":{"uv":[8,4,9,5],"texture":"#2","cullface":"down"}}},{"from":[9,0,11],"to":[9,1,12],"faces":{"east":{"uv":[4,15,5,16],"texture":"#2"}}},{"from":[10,0,9],"to":[10,1,10],"faces":{"east":{"uv":[6,15,7,16],"texture":"#2"}}},{"from":[12,0,3],"to":[12,1,4],"faces":{"east":{"uv":[12,15,13,16],"texture":"#2"}}},{"from":[14,1,5],"to":[14,2,7],"faces":{"east":{"uv":[9,14,11,15],"texture":"#2"}}},{"from":[14,0,7],"to":[14,2,8],"faces":{"east":{"uv":[8,14,9,16],"texture":"#2"}}},{"from":[12,0,8],"to":[14,2,8],"faces":{"south":{"uv":[12,14,14,16],"texture":"#2"}}},{"from":[9,0,10],"to":[10,1,10],"faces":{"south":{"uv":[9,15,10,16],"texture":"#2"}}},{"from":[8,0,12],"to":[9,1,12],"faces":{"south":{"uv":[8,15,9,16],"texture":"#2"}}},{"from":[7,0,3],"to":[10,1,3],"faces":{"north":{"uv":[6,15,9,16],"texture":"#2"}}},{"from":[11,0,3],"to":[12,1,3],"faces":{"north":{"uv":[4,15,5,16],"texture":"#2"}}},{"from":[9,1,3],"to":[10,2,3],"faces":{"north":{"uv":[6,14,7,15],"texture":"#2"}}},{"from":[13,1,5],"to":[14,2,5],"faces":{"north":{"uv":[2,14,3,15],"texture":"#2"}}},{"from":[5,0,4],"to":[6,0,5],"faces":{"down":{"uv":[5,11,6,12],"texture":"#5","cullface":"down"}}},{"from":[5,0,6],"to":[6,0,7],"faces":{"down":{"uv":[5,9,6,10],"texture":"#5","cullface":"down"}}},{"from":[7,0,6],"to":[8,0,7],"faces":{"down":{"uv":[7,9,8,10],"texture":"#5","cullface":"down"}}},{"from":[9,0,6],"to":[10,0,7],"faces":{"down":{"uv":[9,9,10,10],"texture":"#5","cullface":"down"}}},{"from":[4,0,9],"to":[5,0,10],"faces":{"down":{"uv":[4,6,5,7],"texture":"#5","cullface":"down"}}},{"from":[8,0,9],"to":[9,0,10],"faces":{"down":{"uv":[8,6,9,7],"texture":"#5","cullface":"down"}}},{"from":[4,0,10],"to":[6,0,12],"faces":{"down":{"uv":[4,4,6,6],"texture":"#5","cullface":"down"}}},{"from":[7,0,10],"to":[8,0,11],"faces":{"down":{"uv":[7,5,8,6],"texture":"#5","cullface":"down"}}},{"from":[4,0,12],"to":[5,0,14],"faces":{"down":{"uv":[4,2,5,4],"texture":"#5","cullface":"down"}}},{"from":[7,0,12],"to":[8,0,13],"faces":{"down":{"uv":[7,3,8,4],"texture":"#5","cullface":"down"}}},{"from":[8,0,12],"to":[8,1,13],"faces":{"east":{"uv":[3,15,4,16],"texture":"#5"}}},{"from":[9,1,11],"to":[9,2,12],"faces":{"east":{"uv":[4,14,5,15],"texture":"#5"}}},{"from":[11,1,8],"to":[11,2,9],"faces":{"east":{"uv":[7,14,8,15],"texture":"#5"}}},{"from":[13,2,3],"to":[13,4,4],"faces":{"east":{"uv":[12,12,13,14],"texture":"#5"}}},{"from":[14,3,4],"to":[14,4,5],"faces":{"east":{"uv":[11,12,12,13],"texture":"#5"}}},{"from":[14,2,5],"to":[14,3,7],"faces":{"east":{"uv":[9,13,11,14],"texture":"#5"}}},{"from":[4,0,9],"to":[4,1,14],"faces":{"west":{"uv":[9,15,14,16],"texture":"#5"}}},{"from":[5,0,4],"to":[5,1,5],"faces":{"west":{"uv":[4,15,5,16],"texture":"#5"}}},{"from":[5,0,6],"to":[5,1,7],"faces":{"west":{"uv":[6,15,7,16],"texture":"#5"}}},{"from":[6,1,4],"to":[6,2,5],"faces":{"west":{"uv":[4,14,5,15],"texture":"#5"}}},{"from":[6,1,6],"to":[6,2,7],"faces":{"west":{"uv":[6,14,7,15],"texture":"#5"}}},{"from":[6,1,10],"to":[6,2,11],"faces":{"west":{"uv":[10,14,11,15],"texture":"#5"}}},{"from":[7,1,8],"to":[7,2,9],"faces":{"west":{"uv":[8,14,9,15],"texture":"#5"}}},{"from":[8,2,3],"to":[8,3,5],"faces":{"west":{"uv":[3,13,5,14],"texture":"#5"}}},{"from":[9,3,3],"to":[9,4,4],"faces":{"west":{"uv":[3,12,4,13],"texture":"#5"}}},{"from":[11,3,5],"to":[11,4,6],"faces":{"west":{"uv":[5,12,6,13],"texture":"#5"}}},{"from":[12,2,7],"to":[12,3,8],"faces":{"west":{"uv":[7,13,8,14],"texture":"#5"}}},{"from":[5,1,4],"to":[6,1,5],"faces":{"up":{"uv":[5,4,6,5],"texture":"#5"}}},{"from":[5,1,6],"to":[6,1,7],"faces":{"up":{"uv":[5,6,6,7],"texture":"#5"}}},{"from":[4,1,9],"to":[5,1,10],"faces":{"up":{"uv":[4,9,5,10],"texture":"#5"}}},{"from":[4,1,10],"to":[6,1,12],"faces":{"up":{"uv":[4,10,6,12],"texture":"#5"}}},{"from":[4,1,12],"to":[5,1,14],"faces":{"up":{"uv":[4,12,5,14],"texture":"#5"}}},{"from":[6,2,4],"to":[7,2,5],"faces":{"up":{"uv":[6,4,7,5],"texture":"#5"}}},{"from":[8,2,5],"to":[9,2,6],"faces":{"up":{"uv":[8,5,9,6],"texture":"#5"}}},{"from":[6,2,6],"to":[7,2,7],"faces":{"up":{"uv":[6,6,7,7],"texture":"#5"}}},{"from":[10,2,7],"to":[12,2,8],"faces":{"up":{"uv":[10,7,12,8],"texture":"#5"}}},{"from":[7,2,8],"to":[8,2,9],"faces":{"up":{"uv":[7,8,8,9],"texture":"#5"}}},{"from":[10,2,8],"to":[11,2,9],"faces":{"up":{"uv":[10,8,11,9],"texture":"#5"}}},{"from":[6,2,10],"to":[8,2,11],"faces":{"up":{"uv":[6,10,8,11],"texture":"#5"}}},{"from":[8,2,11],"to":[9,2,12],"faces":{"up":{"uv":[8,11,9,12],"texture":"#5"}}},{"from":[8,3,3],"to":[9,3,4],"faces":{"up":{"uv":[8,3,9,4],"texture":"#5"}}},{"from":[8,3,4],"to":[10,3,5],"faces":{"up":{"uv":[8,4,10,5],"texture":"#5"}}},{"from":[10,3,5],"to":[11,3,6],"faces":{"up":{"uv":[10,5,11,6],"texture":"#5"}}},{"from":[10,3,6],"to":[12,3,7],"faces":{"up":{"uv":[10,6,12,7],"texture":"#5"}}},{"from":[13,3,6],"to":[14,3,7],"faces":{"up":{"uv":[13,6,14,7],"texture":"#5"}}},{"from":[12,3,7],"to":[13,3,8],"faces":{"up":{"uv":[12,7,13,8],"texture":"#5"}}},{"from":[9,4,3],"to":[10,4,4],"faces":{"up":{"uv":[9,3,10,4],"texture":"#5"}}},{"from":[11,4,3],"to":[13,4,4],"faces":{"up":{"uv":[11,3,13,4],"texture":"#5"}}},{"from":[11,4,4],"to":[14,4,5],"faces":{"up":{"uv":[11,4,14,5],"texture":"#5"}}},{"from":[11,4,5],"to":[12,4,6],"faces":{"up":{"uv":[11,5,12,6],"texture":"#5"}}},{"from":[10,1,8],"to":[11,1,9],"faces":{"down":{"uv":[10,7,11,8],"texture":"#5"}}},{"from":[9,3,4],"to":[10,4,4],"faces":{"south":{"uv":[9,12,10,13],"texture":"#5"}}},{"from":[8,2,5],"to":[9,3,5],"faces":{"south":{"uv":[8,13,9,14],"texture":"#5"}}},{"from":[11,3,6],"to":[12,4,6],"faces":{"south":{"uv":[11,12,12,13],"texture":"#5"}}},{"from":[6,1,7],"to":[7,2,7],"faces":{"south":{"uv":[6,14,7,15],"texture":"#5"}}},{"from":[10,2,7],"to":[12,3,7],"faces":{"south":{"uv":[10,13,12,14],"texture":"#5"}}},{"from":[11,1,8],"to":[12,2,8],"faces":{"south":{"uv":[11,14,12,15],"texture":"#5"}}},{"from":[12,2,8],"to":[13,3,8],"faces":{"south":{"uv":[12,13,13,14],"texture":"#5"}}},{"from":[10,1,9],"to":[11,2,9],"faces":{"south":{"uv":[10,14,11,15],"texture":"#5"}}},{"from":[8,1,12],"to":[9,2,12],"faces":{"south":{"uv":[8,14,9,15],"texture":"#5"}}},{"from":[7,0,13],"to":[8,1,13],"faces":{"south":{"uv":[7,15,8,16],"texture":"#5"}}},{"from":[4,0,14],"to":[5,1,14],"faces":{"south":{"uv":[4,15,5,16],"texture":"#5"}}},{"from":[11,3,3],"to":[13,4,3],"faces":{"north":{"uv":[3,12,5,13],"texture":"#5"}}},{"from":[8,2,3],"to":[10,3,3],"faces":{"north":{"uv":[6,13,8,14],"texture":"#5"}}},{"from":[12,2,3],"to":[13,3,3],"faces":{"north":{"uv":[3,13,4,14],"texture":"#5"}}},{"from":[9,3,3],"to":[10,4,3],"faces":{"north":{"uv":[6,12,7,13],"texture":"#5"}}},{"from":[5,0,4],"to":[6,1,4],"faces":{"north":{"uv":[10,15,11,16],"texture":"#5"}}},{"from":[6,1,4],"to":[7,2,4],"faces":{"north":{"uv":[9,14,10,15],"texture":"#5"}}},{"from":[13,3,4],"to":[14,4,4],"faces":{"north":{"uv":[2,12,3,13],"texture":"#5"}}},{"from":[6,1,10],"to":[7,2,10],"faces":{"north":{"uv":[9,14,10,15],"texture":"#5"}}},{"from":[10,0,3],"to":[11,0,4],"faces":{"down":{"uv":[10,12,11,13],"texture":"#3","cullface":"down"}}},{"from":[9,0,4],"to":[13,0,5],"faces":{"down":{"uv":[9,11,13,12],"texture":"#3","cullface":"down"}}},{"from":[7,0,5],"to":[8,0,6],"faces":{"down":{"uv":[7,10,8,11],"texture":"#3","cullface":"down"}}},{"from":[13,0,5],"to":[14,0,7],"faces":{"down":{"uv":[13,9,14,11],"texture":"#3","cullface":"down"}}},{"from":[6,0,6],"to":[7,0,7],"faces":{"down":{"uv":[6,9,7,10],"texture":"#3","cullface":"down"}}},{"from":[6,0,12],"to":[7,0,14],"faces":{"down":{"uv":[6,2,7,4],"texture":"#3","cullface":"down"}}},{"from":[7,0,7],"to":[12,0,8],"faces":{"down":{"uv":[7,8,12,9],"texture":"#3","cullface":"down"}}},{"from":[7,0,8],"to":[8,0,9],"faces":{"down":{"uv":[7,7,8,8],"texture":"#3","cullface":"down"}}},{"from":[9,0,8],"to":[10,0,9],"faces":{"down":{"uv":[9,7,10,8],"texture":"#3","cullface":"down"}}},{"from":[7,0,13],"to":[7,1,14],"faces":{"east":{"uv":[2,15,3,16],"texture":"#3"}}},{"from":[10,0,8],"to":[10,1,9],"faces":{"east":{"uv":[7,15,8,16],"texture":"#3"}}},{"from":[13,1,3],"to":[13,2,4],"faces":{"east":{"uv":[12,14,13,15],"texture":"#3"}}},{"from":[13,0,4],"to":[13,2,5],"faces":{"east":{"uv":[11,14,12,16],"texture":"#3"}}},{"from":[14,2,4],"to":[14,3,5],"faces":{"east":{"uv":[11,13,12,14],"texture":"#3"}}},{"from":[14,0,5],"to":[14,1,7],"faces":{"east":{"uv":[9,15,11,16],"texture":"#3"}}},{"from":[12,1,3],"to":[13,1,4],"faces":{"down":{"uv":[12,12,13,13],"texture":"#3"}}},{"from":[13,2,4],"to":[14,2,5],"faces":{"down":{"uv":[13,11,14,12],"texture":"#3"}}},{"from":[10,0,8],"to":[12,1,8],"faces":{"south":{"uv":[10,15,12,16],"texture":"#3"}}},{"from":[6,0,14],"to":[7,1,14],"faces":{"south":{"uv":[6,15,7,16],"texture":"#3"}}},{"from":[10,0,3],"to":[11,2,3],"faces":{"north":{"uv":[5,14,6,16],"texture":"#3"}}},{"from":[12,1,3],"to":[13,2,3],"faces":{"north":{"uv":[3,14,4,15],"texture":"#3"}}},{"from":[12,0,4],"to":[13,1,4],"faces":{"north":{"uv":[3,15,4,16],"texture":"#3"}}},{"from":[13,2,4],"to":[14,3,4],"faces":{"north":{"uv":[2,13,3,14],"texture":"#3"}}},{"from":[13,0,5],"to":[14,1,5],"faces":{"north":{"uv":[2,15,3,16],"texture":"#3"}}},{"from":[7,16,7],"to":[8,16,8],"faces":{"up":{"uv":[7,7,8,8],"texture":"#0","cullface":"up"}}},{"from":[7,16,8],"to":[9,16,9],"faces":{"up":{"uv":[7,8,9,9],"texture":"#0","cullface":"up"}}},{"from":[6,16,9],"to":[11,16,10],"faces":{"up":{"uv":[6,9,11,10],"texture":"#0","cullface":"up"}}},{"from":[7,16,10],"to":[12,16,11],"faces":{"up":{"uv":[7,10,12,11],"texture":"#0","cullface":"up"}}},{"from":[8,16,11],"to":[9,16,12],"faces":{"up":{"uv":[8,11,9,12],"texture":"#0","cullface":"up"}}},{"from":[6,9,8],"to":[6,10,9],"faces":{"east":{"uv":[7,6,8,7],"texture":"#0"}}},{"from":[7,9,4],"to":[7,10,5],"faces":{"east":{"uv":[11,6,12,7],"texture":"#0"}}},{"from":[7,10,6],"to":[7,11,7],"faces":{"east":{"uv":[9,5,10,6],"texture":"#0"}}},{"from":[8,9,5],"to":[8,10,6],"faces":{"east":{"uv":[10,6,11,7],"texture":"#0"}}},{"from":[8,9,7],"to":[8,10,8],"faces":{"east":{"uv":[8,6,9,7],"texture":"#0"}}},{"from":[8,15,7],"to":[8,16,8],"faces":{"east":{"uv":[8,0,9,1],"texture":"#0"}}},{"from":[9,9,6],"to":[9,10,7],"faces":{"east":{"uv":[9,6,10,7],"texture":"#0"}}},{"from":[9,13,6],"to":[9,14,8],"faces":{"east":{"uv":[8,2,10,3],"texture":"#0"}}},{"from":[9,13,12],"to":[9,14,13],"faces":{"east":{"uv":[3,2,4,3],"texture":"#0"}}},{"from":[9,15,8],"to":[9,16,9],"faces":{"east":{"uv":[7,0,8,1],"texture":"#0"}}},{"from":[9,15,11],"to":[9,16,12],"faces":{"east":{"uv":[4,0,5,1],"texture":"#0"}}},{"from":[10,14,5],"to":[10,15,6],"faces":{"east":{"uv":[10,1,11,2],"texture":"#0"}}},{"from":[10,13,8],"to":[10,14,9],"faces":{"east":{"uv":[7,2,8,3],"texture":"#0"}}},{"from":[11,15,9],"to":[11,16,10],"faces":{"east":{"uv":[6,0,7,1],"texture":"#0"}}},{"from":[11,13,11],"to":[11,14,12],"faces":{"east":{"uv":[4,2,5,3],"texture":"#0"}}},{"from":[11,14,13],"to":[11,15,14],"faces":{"east":{"uv":[2,1,3,2],"texture":"#0"}}},{"from":[12,14,6],"to":[12,15,7],"faces":{"east":{"uv":[9,1,10,2],"texture":"#0"}}},{"from":[12,13,9],"to":[12,14,11],"faces":{"east":{"uv":[5,2,7,3],"texture":"#0"}}},{"from":[12,15,10],"to":[12,16,11],"faces":{"east":{"uv":[5,0,6,1],"texture":"#0"}}},{"from":[13,14,7],"to":[13,15,9],"faces":{"east":{"uv":[7,1,9,2],"texture":"#0"}}},{"from":[13,14,12],"to":[13,15,13],"faces":{"east":{"uv":[3,1,4,2],"texture":"#0"}}},{"from":[14,14,9],"to":[14,15,12],"faces":{"east":{"uv":[4,1,7,2],"texture":"#0"}}},{"from":[4,9,6],"to":[4,10,8],"faces":{"west":{"uv":[6,6,8,7],"texture":"#0"}}},{"from":[4,14,8],"to":[4,15,12],"faces":{"west":{"uv":[8,1,12,2],"texture":"#0"}}},{"from":[5,9,5],"to":[5,10,6],"faces":{"west":{"uv":[5,6,6,7],"texture":"#0"}}},{"from":[5,10,6],"to":[5,11,7],"faces":{"west":{"uv":[6,5,7,6],"texture":"#0"}}},{"from":[5,14,6],"to":[5,15,8],"faces":{"west":{"uv":[6,1,8,2],"texture":"#0"}}},{"from":[5,9,8],"to":[5,10,9],"faces":{"west":{"uv":[8,6,9,7],"texture":"#0"}}},{"from":[5,13,9],"to":[5,14,10],"faces":{"west":{"uv":[9,2,10,3],"texture":"#0"}}},{"from":[5,14,12],"to":[5,15,13],"faces":{"west":{"uv":[12,1,13,2],"texture":"#0"}}},{"from":[6,9,4],"to":[6,10,5],"faces":{"west":{"uv":[4,6,5,7],"texture":"#0"}}},{"from":[6,14,5],"to":[6,15,6],"faces":{"west":{"uv":[5,1,6,2],"texture":"#0"}}},{"from":[6,13,8],"to":[6,14,9],"faces":{"west":{"uv":[8,2,9,3],"texture":"#0"}}},{"from":[6,15,9],"to":[6,16,10],"faces":{"west":{"uv":[9,0,10,1],"texture":"#0"}}},{"from":[6,13,10],"to":[6,14,11],"faces":{"west":{"uv":[10,2,11,3],"texture":"#0"}}},{"from":[6,14,13],"to":[6,15,14],"faces":{"west":{"uv":[13,1,14,2],"texture":"#0"}}},{"from":[7,13,7],"to":[7,14,8],"faces":{"west":{"uv":[7,2,8,3],"texture":"#0"}}},{"from":[7,15,7],"to":[7,16,9],"faces":{"west":{"uv":[7,0,9,1],"texture":"#0"}}},{"from":[7,13,11],"to":[7,14,12],"faces":{"west":{"uv":[11,2,12,3],"texture":"#0"}}},{"from":[7,15,10],"to":[7,16,11],"faces":{"west":{"uv":[10,0,11,1],"texture":"#0"}}},{"from":[8,13,12],"to":[8,14,13],"faces":{"west":{"uv":[12,2,13,3],"texture":"#0"}}},{"from":[8,13,6],"to":[8,14,7],"faces":{"west":{"uv":[6,2,7,3],"texture":"#0"}}},{"from":[8,15,11],"to":[8,16,12],"faces":{"west":{"uv":[11,0,12,1],"texture":"#0"}}},{"from":[6,10,4],"to":[7,10,5],"faces":{"up":{"uv":[6,4,7,5],"texture":"#0"}}},{"from":[5,10,5],"to":[8,10,6],"faces":{"up":{"uv":[5,5,8,6],"texture":"#0"}}},{"from":[4,10,6],"to":[5,10,7],"faces":{"up":{"uv":[4,6,5,7],"texture":"#0"}}},{"from":[7,10,6],"to":[9,10,7],"faces":{"up":{"uv":[7,6,9,7],"texture":"#0"}}},{"from":[4,10,7],"to":[8,10,8],"faces":{"up":{"uv":[4,7,8,8],"texture":"#0"}}},{"from":[5,10,8],"to":[6,10,9],"faces":{"up":{"uv":[5,8,6,9],"texture":"#0"}}},{"from":[5,11,6],"to":[7,11,7],"faces":{"up":{"uv":[5,6,7,7],"texture":"#0"}}},{"from":[6,15,5],"to":[10,15,6],"faces":{"up":{"uv":[6,5,10,6],"texture":"#0"}}},{"from":[5,15,6],"to":[12,15,7],"faces":{"up":{"uv":[5,6,12,7],"texture":"#0"}}},{"from":[5,15,7],"to":[7,15,8],"faces":{"up":{"uv":[5,7,7,8],"texture":"#0"}}},{"from":[8,15,7],"to":[13,15,8],"faces":{"up":{"uv":[8,7,13,8],"texture":"#0"}}},{"from":[4,15,8],"to":[7,15,9],"faces":{"up":{"uv":[4,8,7,9],"texture":"#0"}}},{"from":[9,15,8],"to":[13,15,9],"faces":{"up":{"uv":[9,8,13,9],"texture":"#0"}}},{"from":[4,15,9],"to":[6,15,10],"faces":{"up":{"uv":[4,9,6,10],"texture":"#0"}}},{"from":[11,15,9],"to":[14,15,10],"faces":{"up":{"uv":[11,9,14,10],"texture":"#0"}}},{"from":[4,15,10],"to":[7,15,11],"faces":{"up":{"uv":[4,10,7,11],"texture":"#0"}}},{"from":[12,15,10],"to":[14,15,11],"faces":{"up":{"uv":[12,10,14,11],"texture":"#0"}}},{"from":[4,15,11],"to":[8,15,12],"faces":{"up":{"uv":[4,11,8,12],"texture":"#0"}}},{"from":[9,15,11],"to":[14,15,12],"faces":{"up":{"uv":[9,11,14,12],"texture":"#0"}}},{"from":[5,15,12],"to":[13,15,13],"faces":{"up":{"uv":[5,12,13,13],"texture":"#0"}}},{"from":[6,15,13],"to":[11,15,14],"faces":{"up":{"uv":[6,13,11,14],"texture":"#0"}}},{"from":[6,9,4],"to":[7,9,5],"faces":{"down":{"uv":[6,11,7,12],"texture":"#0"}}},{"from":[5,9,5],"to":[8,9,6],"faces":{"down":{"uv":[5,10,8,11],"texture":"#0"}}},{"from":[4,9,6],"to":[6,9,7],"faces":{"down":{"uv":[4,9,6,10],"texture":"#0"}}},{"from":[7,9,6],"to":[9,9,7],"faces":{"down":{"uv":[7,9,9,10],"texture":"#0"}}},{"from":[4,9,7],"to":[8,9,8],"faces":{"down":{"uv":[4,8,8,9],"texture":"#0"}}},{"from":[5,9,8],"to":[6,9,9],"faces":{"down":{"uv":[5,7,6,8],"texture":"#0"}}},{"from":[8,13,6],"to":[9,13,7],"faces":{"down":{"uv":[8,9,9,10],"texture":"#0"}}},{"from":[7,13,7],"to":[9,13,8],"faces":{"down":{"uv":[7,8,9,9],"texture":"#0"}}},{"from":[6,13,8],"to":[8,13,9],"faces":{"down":{"uv":[6,7,8,8],"texture":"#0"}}},{"from":[9,13,8],"to":[10,13,9],"faces":{"down":{"uv":[9,7,10,8],"texture":"#0"}}},{"from":[5,13,9],"to":[7,13,10],"faces":{"down":{"uv":[5,6,7,7],"texture":"#0"}}},{"from":[10,13,9],"to":[12,13,10],"faces":{"down":{"uv":[10,6,12,7],"texture":"#0"}}},{"from":[6,13,10],"to":[8,13,11],"faces":{"down":{"uv":[6,5,8,6],"texture":"#0"}}},{"from":[9,13,10],"to":[12,13,11],"faces":{"down":{"uv":[9,5,12,6],"texture":"#0"}}},{"from":[7,13,11],"to":[11,13,12],"faces":{"down":{"uv":[7,4,11,5],"texture":"#0"}}},{"from":[8,13,12],"to":[9,13,13],"faces":{"down":{"uv":[8,3,9,4],"texture":"#0"}}},{"from":[6,14,5],"to":[10,14,6],"faces":{"down":{"uv":[6,10,10,11],"texture":"#0"}}},{"from":[5,14,6],"to":[8,14,7],"faces":{"down":{"uv":[5,9,8,10],"texture":"#0"}}},{"from":[9,14,6],"to":[12,14,7],"faces":{"down":{"uv":[9,9,12,10],"texture":"#0"}}},{"from":[5,14,7],"to":[7,14,8],"faces":{"down":{"uv":[5,8,7,9],"texture":"#0"}}},{"from":[9,14,7],"to":[13,14,8],"faces":{"down":{"uv":[9,8,13,9],"texture":"#0"}}},{"from":[4,14,8],"to":[6,14,9],"faces":{"down":{"uv":[4,7,6,8],"texture":"#0"}}},{"from":[10,14,8],"to":[13,14,9],"faces":{"down":{"uv":[10,7,13,8],"texture":"#0"}}},{"from":[4,14,9],"to":[5,14,10],"faces":{"down":{"uv":[4,6,5,7],"texture":"#0"}}},{"from":[12,14,9],"to":[14,14,11],"faces":{"down":{"uv":[12,5,14,7],"texture":"#0"}}},{"from":[4,14,10],"to":[6,14,11],"faces":{"down":{"uv":[4,5,6,6],"texture":"#0"}}},{"from":[6,14,13],"to":[11,14,14],"faces":{"down":{"uv":[6,2,11,3],"texture":"#0"}}},{"from":[4,14,11],"to":[7,14,12],"faces":{"down":{"uv":[4,4,7,5],"texture":"#0"}}},{"from":[11,14,11],"to":[14,14,12],"faces":{"down":{"uv":[11,4,14,5],"texture":"#0"}}},{"from":[5,14,12],"to":[8,14,13],"faces":{"down":{"uv":[5,3,8,4],"texture":"#0"}}},{"from":[9,14,12],"to":[13,14,13],"faces":{"down":{"uv":[9,3,13,4],"texture":"#0"}}},{"from":[5,10,7],"to":[7,11,7],"faces":{"south":{"uv":[5,5,7,6],"texture":"#0"}}},{"from":[8,9,7],"to":[9,10,7],"faces":{"south":{"uv":[8,6,9,7],"texture":"#0"}}},{"from":[6,9,8],"to":[8,10,8],"faces":{"south":{"uv":[6,6,8,7],"texture":"#0"}}},{"from":[4,9,8],"to":[5,10,8],"faces":{"south":{"uv":[4,6,5,7],"texture":"#0"}}},{"from":[5,9,9],"to":[6,10,9],"faces":{"south":{"uv":[5,6,6,7],"texture":"#0"}}},{"from":[6,15,10],"to":[7,16,10],"faces":{"south":{"uv":[6,0,7,1],"texture":"#0"}}},{"from":[5,13,10],"to":[6,14,10],"faces":{"south":{"uv":[5,2,6,3],"texture":"#0"}}},{"from":[9,15,11],"to":[12,16,11],"faces":{"south":{"uv":[9,0,12,1],"texture":"#0"}}},{"from":[7,15,11],"to":[8,16,11],"faces":{"south":{"uv":[7,0,8,1],"texture":"#0"}}},{"from":[6,13,11],"to":[7,14,11],"faces":{"south":{"uv":[6,2,7,3],"texture":"#0"}}},{"from":[11,13,11],"to":[12,14,11],"faces":{"south":{"uv":[11,2,12,3],"texture":"#0"}}},{"from":[7,13,12],"to":[8,14,12],"faces":{"south":{"uv":[7,2,8,3],"texture":"#0"}}},{"from":[9,13,12],"to":[11,14,12],"faces":{"south":{"uv":[9,2,11,3],"texture":"#0"}}},{"from":[4,14,12],"to":[5,15,12],"faces":{"south":{"uv":[4,1,5,2],"texture":"#0"}}},{"from":[13,14,12],"to":[14,15,12],"faces":{"south":{"uv":[13,1,14,2],"texture":"#0"}}},{"from":[8,15,12],"to":[9,16,12],"faces":{"south":{"uv":[8,0,9,1],"texture":"#0"}}},{"from":[8,13,13],"to":[9,14,13],"faces":{"south":{"uv":[8,2,9,3],"texture":"#0"}}},{"from":[5,14,13],"to":[6,15,13],"faces":{"south":{"uv":[5,1,6,2],"texture":"#0"}}},{"from":[11,14,13],"to":[13,15,13],"faces":{"south":{"uv":[11,1,13,2],"texture":"#0"}}},{"from":[6,14,14],"to":[11,15,14],"faces":{"south":{"uv":[6,1,11,2],"texture":"#0"}}},{"from":[6,9,4],"to":[7,10,4],"faces":{"north":{"uv":[9,6,10,7],"texture":"#0"}}},{"from":[5,9,5],"to":[6,10,5],"faces":{"north":{"uv":[10,6,11,7],"texture":"#0"}}},{"from":[7,9,5],"to":[8,10,5],"faces":{"north":{"uv":[8,6,9,7],"texture":"#0"}}},{"from":[6,14,5],"to":[10,15,5],"faces":{"north":{"uv":[6,1,10,2],"texture":"#0"}}},{"from":[10,14,6],"to":[12,15,6],"faces":{"north":{"uv":[4,1,6,2],"texture":"#0"}}},{"from":[4,9,6],"to":[5,10,6],"faces":{"north":{"uv":[11,6,12,7],"texture":"#0"}}},{"from":[8,9,6],"to":[9,10,6],"faces":{"north":{"uv":[7,6,8,7],"texture":"#0"}}},{"from":[5,10,6],"to":[7,11,6],"faces":{"north":{"uv":[9,5,11,6],"texture":"#0"}}},{"from":[8,13,6],"to":[9,14,6],"faces":{"north":{"uv":[7,2,8,3],"texture":"#0"}}},{"from":[5,14,6],"to":[6,15,6],"faces":{"north":{"uv":[10,1,11,2],"texture":"#0"}}},{"from":[7,15,7],"to":[8,16,7],"faces":{"north":{"uv":[8,0,9,1],"texture":"#0"}}},{"from":[7,13,7],"to":[8,14,7],"faces":{"north":{"uv":[8,2,9,3],"texture":"#0"}}},{"from":[12,14,7],"to":[13,15,7],"faces":{"north":{"uv":[3,1,4,2],"texture":"#0"}}},{"from":[8,15,8],"to":[9,16,8],"faces":{"north":{"uv":[7,0,8,1],"texture":"#0"}}},{"from":[4,14,8],"to":[5,15,8],"faces":{"north":{"uv":[11,1,12,2],"texture":"#0"}}},{"from":[6,13,8],"to":[7,14,8],"faces":{"north":{"uv":[9,2,10,3],"texture":"#0"}}},{"from":[9,13,8],"to":[10,14,8],"faces":{"north":{"uv":[6,2,7,3],"texture":"#0"}}},{"from":[9,15,9],"to":[11,16,9],"faces":{"north":{"uv":[5,0,7,1],"texture":"#0"}}},{"from":[5,13,9],"to":[6,14,9],"faces":{"north":{"uv":[10,2,11,3],"texture":"#0"}}},{"from":[10,13,9],"to":[12,14,9],"faces":{"north":{"uv":[4,2,6,3],"texture":"#0"}}},{"from":[13,14,9],"to":[14,15,9],"faces":{"north":{"uv":[2,1,3,2],"texture":"#0"}}},{"from":[6,15,9],"to":[7,16,9],"faces":{"north":{"uv":[9,0,10,1],"texture":"#0"}}},{"from":[11,15,10],"to":[12,16,10],"faces":{"north":{"uv":[4,0,5,1],"texture":"#0"}}}],"display":{"head":{"translation":[0,-10,0]}}}