{"textures":{"0":"block/red_concrete","1":"block/white_concrete_powder","2":"block/coal_block","3":"block/quartz_block_top","particle":"block/red_concrete"},"elements":[{"from":[7,2,6.2],"to":[9,12,7.2],"faces":{"north":{"uv":[0,0,2,10],"texture":"#0"},"east":{"uv":[2,0,3,10],"texture":"#0"},"south":{"uv":[4,0,6,10],"texture":"#0"},"west":{"uv":[8,0,6,10],"texture":"#0"},"up":{"uv":[0,0,2,1],"texture":"#0"},"down":{"uv":[0,2,2,3],"texture":"#0"}}},{"from":[6.2,2,7],"to":[7.2,12,9],"faces":{"north":{"uv":[0,0,1,10],"texture":"#0"},"east":{"uv":[2,0,4,10],"texture":"#0"},"south":{"uv":[4,0,5,10],"texture":"#0"},"west":{"uv":[8,0,6,10],"texture":"#0"},"up":{"uv":[0,0,1,2],"texture":"#0"},"down":{"uv":[0,2,1,4],"texture":"#0"}}},{"from":[8.8,2,7],"to":[9.8,12,9],"faces":{"north":{"uv":[0,0,1,10],"texture":"#0"},"east":{"uv":[2,0,4,10],"texture":"#0"},"south":{"uv":[4,0,5,10],"texture":"#0"},"west":{"uv":[8,0,6,10],"texture":"#0"},"up":{"uv":[0,0,1,2],"texture":"#0"},"down":{"uv":[0,2,1,4],"texture":"#0"}}},{"from":[7,2,8.8],"to":[9,12,9.8],"faces":{"north":{"uv":[0,0,2,10],"texture":"#0"},"east":{"uv":[2,0,3,10],"texture":"#0"},"south":{"uv":[4,0,6,10],"texture":"#0"},"west":{"uv":[8,0,6,10],"texture":"#0"},"up":{"uv":[0,0,2,1],"texture":"#0"},"down":{"uv":[0,2,2,3],"texture":"#0"}}},{"from":[7,2.5,7],"to":[9,11.5,9],"faces":{"up":{"uv":[6,8,10,12],"texture":"#1"},"down":{"uv":[4,5,8,9],"texture":"#1"}}},{"from":[7.7,11.5,7.3],"to":[8.7,13.5,8.3],"faces":{"north":{"uv":[0,0,1,2],"texture":"#2"},"east":{"uv":[0,0,1,2],"texture":"#2"},"south":{"uv":[0,0,1,2],"texture":"#2"},"west":{"uv":[0,0,1,2],"texture":"#2"},"up":{"uv":[0,0,1,1],"texture":"#2"}}},{"from":[8.5,13.3,7],"to":[9.5,14.3,8],"faces":{"north":{"uv":[0,0,1,1],"texture":"#2"},"east":{"uv":[0,0,1,1],"texture":"#2"},"south":{"uv":[0,0,1,1],"texture":"#2"},"west":{"uv":[0,0,1,1],"texture":"#2"},"up":{"uv":[0,0,1,1],"texture":"#2"},"down":{"uv":[0,0,1,1],"texture":"#2"}}},{"from":[9.2,14,6.4],"to":[11.2,15,7.4],"faces":{"north":{"uv":[0,0,2,1],"texture":"#2"},"east":{"uv":[0,0,1,1],"texture":"#2"},"south":{"uv":[0,0,2,1],"texture":"#2"},"west":{"uv":[0,0,1,1],"texture":"#2"},"up":{"uv":[0,0,2,1],"texture":"#2"},"down":{"uv":[0,0,2,1],"texture":"#2"}}},{"from":[11,13.3,6],"to":[12,14.3,7],"faces":{"north":{"uv":[0,0,1,1],"texture":"#2"},"east":{"uv":[0,0,1,1],"texture":"#2"},"south":{"uv":[0,0,1,1],"texture":"#2"},"west":{"uv":[0,0,1,1],"texture":"#2"},"up":{"uv":[0,0,1,1],"texture":"#2"},"down":{"uv":[0,0,1,1],"texture":"#2"}}},{"from":[6.9,6.5,6],"to":[9.1,8.5,7.1],"faces":{"north":{"uv":[9,5,11.2,7],"texture":"#3"},"east":{"uv":[2,4,3.1,6],"texture":"#3"},"west":{"uv":[9,9,10.1,11],"texture":"#3"},"up":{"uv":[8,6,10.2,7.1],"texture":"#3"},"down":{"uv":[3,11,5.2,12.1],"texture":"#3"}}},{"from":[6.9,6.5,9],"to":[9.1,8.5,10.1],"faces":{"east":{"uv":[2,4,3.1,6],"texture":"#3"},"south":{"uv":[3,11,5.2,13],"texture":"#3"},"west":{"uv":[9,9,10.1,11],"texture":"#3"},"up":{"uv":[8,6,10.2,7.1],"texture":"#3"},"down":{"uv":[3,11,5.2,12.1],"texture":"#3"}}},{"from":[6,6.5,6.9],"to":[7.1,8.5,9.1],"faces":{"north":{"uv":[9,5,10.1,7],"texture":"#3"},"south":{"uv":[3,11,4.1,13],"texture":"#3"},"west":{"uv":[9,9,11.2,11],"texture":"#3"},"up":{"uv":[8,6,10.2,7.1],"texture":"#3"},"down":{"uv":[3,11,4.1,13.2],"texture":"#3"}}},{"from":[9,6.5,6.9],"to":[10.1,8.5,9.1],"faces":{"north":{"uv":[9,5,10.1,7],"texture":"#3"},"east":{"uv":[2,4,4.2,6],"texture":"#3"},"south":{"uv":[3,11,4.1,13],"texture":"#3"},"up":{"uv":[8,6,10.2,7.1],"texture":"#3"},"down":{"uv":[3,11,4.1,13.2],"texture":"#3"}}}],"display":{"ground":{"scale":[0.8,1,0.8]}}}