{"textures":{"0":"item/tablet/body","particle":"item/tablet/body","1":"item/tablet/screen"},"elements":[{"from":[0,0,0],"to":[6.5,0.5,8],"faces":{"north":{"uv":[7,12,13.5,12.5],"texture":"#0","cullface":"north"},"east":{"uv":[0,9,8,9.5],"texture":"#0"},"south":{"uv":[0,11.5,6.5,12],"texture":"#0"},"west":{"uv":[0,14,8,14.5],"texture":"#0","cullface":"west"},"down":{"uv":[0,0,6.5,8],"texture":"#0","cullface":"down"}}},{"from":[0,0.5,0],"to":[0.25,0.75,8],"faces":{"north":{"uv":[15.75,15.25,16,15.5],"texture":"#0","cullface":"north"},"south":{"uv":[0,15.25,0.25,15.5],"texture":"#0"},"west":{"uv":[0,15.25,8,15.5],"texture":"#0","cullface":"west"},"up":{"uv":[15.5,0,15.75,8],"texture":"#0"}}},{"from":[0.25,0.5,0],"to":[6.25,0.75,0.25],"faces":{"north":{"uv":[9.75,15.25,15.75,15.5],"texture":"#0","cullface":"north"},"up":{"uv":[0,15.5,6,15.75],"texture":"#0"}}},{"from":[0.25,0.5,7.75],"to":[6.25,0.75,8],"faces":{"south":{"uv":[0.25,15.25,6.25,15.5],"texture":"#0"},"up":{"uv":[0,15.5,6,15.75],"texture":"#0"}}},{"from":[6.25,0.5,0],"to":[6.5,0.75,8],"faces":{"north":{"uv":[15.5,0,15.75,8],"texture":"#0","cullface":"north"},"east":{"uv":[8,15.25,16,15.5],"texture":"#0"},"south":{"uv":[15.5,0,15.75,8],"texture":"#0"},"up":{"uv":[15.5,0,15.75,8],"texture":"#0"}}},{"from":[0.25,0.5,0.25],"to":[6.25,0.75,7.75],"faces":{"up":{"uv":[0,0,6,7.5],"texture":"#1"}}}],"display":{"thirdperson_righthand":{"rotation":[-51,0,180],"translation":[-4,0.826,9.151],"scale":[0.85,0.85,0.85]},"thirdperson_lefthand":{"rotation":[-51,0,180],"translation":[3.6521,0.826,9.151],"scale":[0.85,0.85,0.85]},"firstperson_righthand":{"rotation":[72,-4,69],"translation":[-4.478,1.1734,5.5652],"scale":[1.5,1.5,1.5]},"firstperson_lefthand":{"rotation":[72,-4,69],"translation":[-7.73,-3.824,-8.259],"scale":[1.5,1.5,1.5]},"ground":{"rotation":[66,-25,106],"translation":[-6,2,0],"scale":[0.7,0.7,0.7]},"gui":{"rotation":[60,17,0],"translation":[9.0437,2.0869,0],"scale":[1.5,1.5,1.5]},"head":{"scale":[1.4,1.4,1.4]}}}