{"textures":{"1":"object/screen","2":"object/frame","particle":"object/frame"},"elements":[{"from":[0,2,0],"to":[16,3,16],"faces":{"north":{"uv":[0,13,16,14],"texture":"#2"},"east":{"uv":[0,13,16,14],"texture":"#2"},"south":{"uv":[0,13,16,14],"texture":"#2"},"west":{"uv":[0,13,16,14],"texture":"#2"},"up":{"uv":[0,0,16,16],"texture":"#2"},"down":{"uv":[0,0,16,16],"texture":"#2"}}},{"from":[7,3,7],"to":[9,16,9],"faces":{"north":{"uv":[7,0,9,13],"texture":"#2"},"east":{"uv":[7,0,9,13],"texture":"#2"},"south":{"uv":[7,0,9,13],"texture":"#2"},"west":{"uv":[7,0,9,13],"texture":"#2"},"up":{"uv":[7,7,9,9],"texture":"#2"},"down":{"uv":[7,7,9,9],"texture":"#2"}}},{"from":[7,16,7],"to":[9,32,9],"faces":{"north":{"uv":[7,0,9,16],"texture":"#2"},"east":{"uv":[7,0,9,16],"texture":"#2"},"south":{"uv":[7,0,9,16],"texture":"#2"},"west":{"uv":[7,0,9,16],"texture":"#2"},"up":{"uv":[7,7,9,9],"texture":"#2"},"down":{"uv":[7,7,9,9],"texture":"#2"}}},{"from":[9,23,7],"to":[16,25,9],"faces":{"north":{"uv":[0,5,7,7],"texture":"#2"},"east":{"uv":[7,5,9,7],"texture":"#2"},"south":{"uv":[9,5,16,7],"texture":"#2"},"west":{"uv":[7,5,9,7],"texture":"#2"},"up":{"uv":[9,7,16,9],"texture":"#2"},"down":{"uv":[9,7,16,9],"texture":"#2"}}},{"from":[0,23,7],"to":[7,25,9],"faces":{"north":{"uv":[9,5,16,7],"texture":"#2"},"east":{"uv":[7,5,9,7],"texture":"#2"},"south":{"uv":[0,5,7,7],"texture":"#2"},"west":{"uv":[7,5,9,7],"texture":"#2"},"up":{"uv":[0,7,7,9],"texture":"#2"},"down":{"uv":[0,7,7,9],"texture":"#2"}}},{"from":[0,23,1],"to":[2,25,7],"faces":{"north":{"uv":[14,7,16,9],"texture":"#2"},"east":{"uv":[9,7,15,9],"texture":"#2"},"south":{"uv":[0,7,2,9],"texture":"#2"},"west":{"uv":[1,7,7,9],"texture":"#2"},"up":{"uv":[0,1,2,7],"texture":"#2"},"down":{"uv":[0,9,2,15],"texture":"#2"}}},{"from":[14,23,1],"to":[16,25,7],"faces":{"north":{"uv":[0,7,2,9],"texture":"#2"},"east":{"uv":[10,7,16,9],"texture":"#2"},"south":{"uv":[14,7,16,9],"texture":"#2"},"west":{"uv":[0,7,6,9],"texture":"#2"},"up":{"uv":[14,0,16,6],"texture":"#2"},"down":{"uv":[14,10,16,16],"texture":"#2"}}},{"from":[2,18,0],"to":[14,30,1],"faces":{"north":{"uv":[2,2,14,14],"texture":"#1"},"east":{"uv":[15,2,16,14],"texture":"#1"},"south":{"uv":[2,2,14,14],"texture":"#1"},"west":{"uv":[0,2,1,14],"texture":"#1"},"up":{"uv":[2,0,14,1],"texture":"#1"},"down":{"uv":[2,15,14,16],"texture":"#1"}}},{"from":[7,30,1],"to":[9,32,7],"faces":{"north":{"uv":[7,0,9,2],"texture":"#2"},"east":{"uv":[10,0,16,2],"texture":"#2"},"south":{"uv":[7,0,9,2],"texture":"#2"},"west":{"uv":[0,0,6,2],"texture":"#2"},"up":{"uv":[7,0,9,6],"texture":"#2"},"down":{"uv":[7,10,9,16],"texture":"#2"}}},{"from":[2,30,0],"to":[7,31,1],"faces":{"north":{"uv":[9,1,14,2],"texture":"#2"},"east":{"uv":[15,1,16,2],"texture":"#2"},"south":{"uv":[2,1,7,2],"texture":"#2"},"west":{"uv":[0,1,1,2],"texture":"#2"},"up":{"uv":[2,0,7,1],"texture":"#2"},"down":{"uv":[2,15,7,16],"texture":"#2"}}},{"from":[9,30,0],"to":[14,31,1],"faces":{"north":{"uv":[2,1,7,2],"texture":"#2"},"east":{"uv":[15,1,16,2],"texture":"#2"},"south":{"uv":[9,1,14,2],"texture":"#2"},"west":{"uv":[0,1,1,2],"texture":"#2"},"up":{"uv":[9,0,14,1],"texture":"#2"},"down":{"uv":[9,15,14,16],"texture":"#2"}}},{"from":[9,17,0],"to":[14,18,1],"faces":{"north":{"uv":[2,14,7,15],"texture":"#2"},"east":{"uv":[15,14,16,15],"texture":"#2"},"south":{"uv":[9,14,14,15],"texture":"#2"},"west":{"uv":[0,14,1,15],"texture":"#2"},"up":{"uv":[9,0,14,1],"texture":"#2"},"down":{"uv":[9,15,14,16],"texture":"#2"}}},{"from":[2,17,0],"to":[9,18,1],"faces":{"north":{"uv":[7,14,14,15],"texture":"#2"},"east":{"uv":[15,14,16,15],"texture":"#2"},"south":{"uv":[2,14,9,15],"texture":"#2"},"west":{"uv":[0,14,1,15],"texture":"#2"},"up":{"uv":[2,0,9,1],"texture":"#2"},"down":{"uv":[2,15,9,16],"texture":"#2"}}},{"from":[1,17,0],"to":[2,31,1],"faces":{"north":{"uv":[14,1,15,15],"texture":"#2"},"east":{"uv":[15,1,16,15],"texture":"#2"},"south":{"uv":[1,1,2,15],"texture":"#2"},"west":{"uv":[0,1,1,15],"texture":"#2"},"up":{"uv":[1,0,2,1],"texture":"#2"},"down":{"uv":[1,15,2,16],"texture":"#2"}}},{"from":[14,17,0],"to":[15,31,1],"faces":{"north":{"uv":[1,1,2,15],"texture":"#2"},"east":{"uv":[15,1,16,15],"texture":"#2"},"south":{"uv":[14,1,15,15],"texture":"#2"},"west":{"uv":[0,1,1,15],"texture":"#2"},"up":{"uv":[14,0,15,1],"texture":"#2"},"down":{"uv":[14,15,15,16],"texture":"#2"}}},{"from":[7,30,0],"to":[9,32,1],"faces":{"north":{"uv":[7,0,9,2],"texture":"#2"},"east":{"uv":[15,0,16,2],"texture":"#2"},"south":{"uv":[7,0,9,2],"texture":"#2"},"west":{"uv":[0,0,1,2],"texture":"#2"},"up":{"uv":[7,0,9,1],"texture":"#2"},"down":{"uv":[7,15,9,16],"texture":"#2"}}},{"from":[0,23,0],"to":[1,25,1],"faces":{"north":{"uv":[15,7,16,9],"texture":"#2"},"east":{"uv":[15,7,16,9],"texture":"#2"},"south":{"uv":[0,7,1,9],"texture":"#2"},"west":{"uv":[0,7,1,9],"texture":"#2"},"up":{"uv":[0,0,1,1],"texture":"#2"},"down":{"uv":[0,15,1,16],"texture":"#2"}}},{"from":[15,23,0],"to":[16,25,1],"faces":{"north":{"uv":[0,7,1,9],"texture":"#2"},"east":{"uv":[15,7,16,9],"texture":"#2"},"south":{"uv":[15,7,16,9],"texture":"#2"},"west":{"uv":[0,7,1,9],"texture":"#2"},"up":{"uv":[15,0,16,1],"texture":"#2"},"down":{"uv":[15,15,16,16],"texture":"#2"}}}],"display":{"head":{"translation":[0,-58,0],"scale":[1.8,1.8,1.8]}}}