{"parent":"item/handheld","textures":{"layer0":"item/diamond_sword"},"overrides":[{"predicate":{"damaged":0,"damage":0.0006406149904},"model":"display/village"},{"predicate":{"damaged":0,"damage":0.001281229981},"model":"display/frozen"},{"predicate":{"damaged":0,"damage":0.001921844971},"model":"display/quarry"},{"predicate":{"damaged":0,"damage":0.002562459962},"model":"display/ruin"},{"predicate":{"damaged":0,"damage":0.003203074952},"model":"display/desert"},{"predicate":{"damaged":0,"damage":0.003843689942},"model":"display/nether"},{"predicate":{"damaged":0,"damage":0.004484304933},"model":"display/moon"},{"predicate":{"damaged":0,"damage":0.005124919923},"model":"display/grave"},{"predicate":{"damaged":0,"damage":0.005765534914},"model":"display/vulcano"},{"predicate":{"damaged":0,"damage":0.006406149904},"model":"display/asia"},{"predicate":{"damaged":0,"damage":0.007046764894},"model":"display/crystal"},{"predicate":{"damaged":0,"damage":0.007687379885},"model":"display/factory"},{"predicate":{"damaged":0,"damage":0.008327994875},"model":"display/station"},{"predicate":{"damaged":0,"damage":0.008968609865},"model":"display/waterfall"},{"predicate":{"damaged":0,"damage":0.009609224856},"model":"display/mushroom"},{"predicate":{"damaged":0,"damage":0.01024983985},"model":"display/mainstreet"},{"predicate":{"damaged":0,"damage":0.01089045484},"model":"object/display"},{"predicate":{"damaged":0,"damage":0.01217168482},"model":"object/itembox"},{"predicate":{"damaged":0,"damage":0.01281229981},"model":"object/jar"},{"predicate":{"damaged":0,"damage":0.0134529148},"model":"object/netherlamp"},{"predicate":{"damaged":0,"damage":0.01409352978},"model":"object/left"},{"predicate":{"damaged":0,"damage":0.0153747597696},"model":"object/middle"},{"predicate":{"damaged":0,"damage":0.01601537476},"model":"object/right"},{"predicate":{"damaged":0,"damage":0.01665598974},"model":"object/laptop1"},{"predicate":{"damaged":0,"damage":0.01729660473},"model":"object/paintbrush"},{"predicate":{"damaged":0,"damage":0.01793721973},"model":"object/turret_static"},{"predicate":{"damaged":0,"damage":0.01857783472},"model":"object/turret_rotate"},{"predicate":{"damaged":0,"damage":0.01921844971},"model":"object/netherlamp2"},{"predicate":{"damaged":0,"damage":0.0198590647024},"model":"object/laptop2"},{"predicate":{"damaged":0,"damage":0.0204996796928},"model":"object/laptop3"},{"predicate":{"damaged":0,"damage":0.0211402946832},"model":"object/ddbook"},{"predicate":{"damaged":1},"model":"item/diamond_sword"}]}