{"textures":{"0":"block/quartz_block_side"},"elements":[{"from":[0,0,15.9],"to":[16,1,16],"faces":{"north":{"uv":[0,15,16,16],"texture":"#0"},"east":{"uv":[0,13,1,14],"texture":"#0"},"south":{"uv":[0,15,16,16],"texture":"#0"},"west":{"uv":[15,13,16,14],"texture":"#0"},"up":{"uv":[0,15,16,16],"texture":"#0"},"down":{"uv":[0,0,16,1],"texture":"#0"}}},{"from":[0,15,15.9],"to":[16,16,16],"faces":{"north":{"uv":[0,1,16,2],"texture":"#0"},"east":{"uv":[0,2,1,3],"texture":"#0"},"south":{"uv":[0,2,16,3],"texture":"#0"},"west":{"uv":[15,2,16,3],"texture":"#0"},"up":{"uv":[0,15,16,16],"texture":"#0"},"down":{"uv":[0,0,16,1],"texture":"#0"}}},{"from":[0,1,15.9],"to":[1,15,16],"faces":{"north":{"uv":[13,1,14,15],"texture":"#0"},"east":{"uv":[0,1,1,15],"texture":"#0"},"south":{"uv":[2,1,3,15],"texture":"#0"},"west":{"uv":[15,1,16,15],"texture":"#0"}}},{"from":[15,1,15.9],"to":[16,15,16],"faces":{"north":{"uv":[2,1,3,15],"texture":"#0"},"east":{"uv":[0,1,1,15],"texture":"#0"},"south":{"uv":[13,1,14,15],"texture":"#0"},"west":{"uv":[15,1,16,15],"texture":"#0"}}}]}