{"textures":{"0":"block/terracotta","1":"block/black_concrete"},"elements":[{"from":[3,0,3],"to":[13,1,13],"faces":{"north":{"uv":[0,0,10,1],"texture":"#0"},"east":{"uv":[0,0,10,1],"texture":"#0"},"south":{"uv":[0,0,10,1],"texture":"#0"},"west":{"uv":[0,0,10,1],"texture":"#0"},"up":{"uv":[0,0,10,10],"texture":"#0"},"down":{"uv":[0,0,10,10],"texture":"#0"}}},{"from":[2,1,2],"to":[14,3,14],"faces":{"north":{"uv":[0,0,12,2],"texture":"#0"},"east":{"uv":[0,0,12,2],"texture":"#0"},"south":{"uv":[0,0,12,2],"texture":"#0"},"west":{"uv":[0,0,12,2],"texture":"#0"},"up":{"uv":[0,0,12,12],"texture":"#0"},"down":{"uv":[0,0,12,12],"texture":"#0"}}},{"from":[1,3,1],"to":[15,8,15],"faces":{"north":{"uv":[0,0,14,5],"texture":"#0"},"east":{"uv":[0,0,14,5],"texture":"#0"},"south":{"uv":[0,0,14,5],"texture":"#0"},"west":{"uv":[0,0,14,5],"texture":"#0"},"up":{"uv":[0,0,14,14],"texture":"#0"},"down":{"uv":[0,0,14,14],"texture":"#0"}}},{"from":[2,8,2],"to":[14,11,14],"faces":{"north":{"uv":[0,0,12,3],"texture":"#0"},"east":{"uv":[0,0,12,3],"texture":"#0"},"south":{"uv":[0,0,12,3],"texture":"#0"},"west":{"uv":[0,0,12,3],"texture":"#0"},"up":{"uv":[0,0,12,12],"texture":"#0"},"down":{"uv":[0,0,12,12],"texture":"#0"}}},{"from":[3,11,3],"to":[13,13,13],"faces":{"north":{"uv":[0,0,10,2],"texture":"#0"},"east":{"uv":[0,0,10,2],"texture":"#0"},"south":{"uv":[0,0,10,2],"texture":"#0"},"west":{"uv":[0,0,10,2],"texture":"#0"},"up":{"uv":[0,0,10,10],"texture":"#0"},"down":{"uv":[0,0,10,10],"texture":"#0"}}},{"from":[4,13,4],"to":[12,14,12],"faces":{"north":{"uv":[0,0,8,1],"texture":"#0"},"east":{"uv":[0,0,8,1],"texture":"#0"},"south":{"uv":[0,0,8,1],"texture":"#0"},"west":{"uv":[0,0,8,1],"texture":"#0"},"up":{"uv":[0,0,8,8],"texture":"#0"},"down":{"uv":[0,0,8,8],"texture":"#0"}}},{"from":[5,14,5],"to":[11,15,11],"faces":{"north":{"uv":[0,0,6,1],"texture":"#0"},"east":{"uv":[0,0,6,1],"texture":"#0"},"south":{"uv":[0,0,6,1],"texture":"#0"},"west":{"uv":[0,0,6,1],"texture":"#0"},"up":{"uv":[0,0,6,6],"texture":"#1"},"down":{"uv":[0,0,6,6],"texture":"#0"}}},{"from":[4,15,4],"to":[12,16,5],"faces":{"north":{"uv":[0,0,8,1],"texture":"#0"},"east":{"uv":[0,0,1,1],"texture":"#0"},"south":{"uv":[0,0,8,1],"texture":"#0"},"west":{"uv":[0,0,1,1],"texture":"#0"},"up":{"uv":[0,0,8,1],"texture":"#0"},"down":{"uv":[0,0,8,1],"texture":"#0"}}},{"from":[4,15,11],"to":[12,16,12],"faces":{"north":{"uv":[0,0,8,1],"texture":"#0"},"east":{"uv":[0,0,1,1],"texture":"#0"},"south":{"uv":[0,0,8,1],"texture":"#0"},"west":{"uv":[0,0,1,1],"texture":"#0"},"up":{"uv":[0,0,8,1],"texture":"#0"},"down":{"uv":[0,0,8,1],"texture":"#0"}}},{"from":[4,15,5],"to":[5,16,11],"faces":{"north":{"uv":[0,0,1,1],"texture":"#0"},"east":{"uv":[0,0,6,1],"texture":"#0"},"south":{"uv":[0,0,1,1],"texture":"#0"},"west":{"uv":[0,0,6,1],"texture":"#0"},"up":{"uv":[0,0,1,6],"texture":"#0"},"down":{"uv":[0,0,1,6],"texture":"#0"}}},{"from":[11,15,5],"to":[12,16,11],"faces":{"north":{"uv":[0,0,1,1],"texture":"#0"},"east":{"uv":[0,0,6,1],"texture":"#0"},"south":{"uv":[0,0,1,1],"texture":"#0"},"west":{"uv":[0,0,6,1],"texture":"#0"},"up":{"uv":[0,0,1,6],"texture":"#0"},"down":{"uv":[0,0,1,6],"texture":"#0"}}}],"display":{"head":{"translation":[0,-32.8,0],"scale":[2.2,2.3,2.2]}}}