{"textures":{"1":"itembox/1","2":"itembox/2","3":"itembox/green","4":"itembox/green2","5":"itembox/green3","6":"itembox/blue","7":"itembox/blue2","8":"itembox/blue3","9":"itembox/red","particle":"itembox/1","a":"itembox/red2","b":"itembox/red3","c":"itembox/yellow","d":"itembox/yellow2","e":"itembox/yellow3","f":"itembox/screen1","g":"itembox/screen2","h":"itembox/screen3"},"elements":[{"from":[0,4,0],"to":[1,12,16],"faces":{"east":{"uv":[0,4,16,12],"texture":"#2"},"west":{"uv":[0,4,16,12],"texture":"#2"},"up":{"uv":[0,0,16,0.5],"rotation":270,"texture":"#2"},"down":{"uv":[0,0,16,1],"rotation":270,"texture":"#2"}}},{"from":[15,4,0],"to":[16,12,16],"faces":{"east":{"uv":[0,4,16,12],"texture":"#2"},"west":{"uv":[0,4,16,12],"texture":"#2"},"up":{"uv":[0,0,16,1],"rotation":270,"texture":"#2"},"down":{"uv":[0,0,16,1],"rotation":270,"texture":"#2"}}},{"from":[4,0,0],"to":[12,1,16],"faces":{"east":{"uv":[0,11.5,16,16],"texture":"#2"},"west":{"uv":[0,11.5,16,16],"texture":"#2"},"up":{"uv":[4,0,12,16],"texture":"#2"},"down":{"uv":[0,11.5,16,16],"rotation":90,"texture":"#2"}}},{"from":[4,15,0],"to":[12,16,16],"faces":{"east":{"uv":[0,0,16,1],"texture":"#2"},"west":{"uv":[0,0,16,1],"texture":"#2"},"up":{"uv":[0,11.5,16,16],"rotation":270,"texture":"#2"},"down":{"uv":[4,0,12,16],"texture":"#2"}}},{"from":[4,0.125,0],"to":[5,5.625,16],"rotation":{"angle":45,"axis":"z","origin":[4,0.125,0]},"faces":{"east":{"uv":[0,11.5,16,16],"texture":"#2"},"west":{"uv":[0,11.5,16,16],"texture":"#2"}}},{"from":[15.25,11.375,0],"to":[16.25,16.875,16],"rotation":{"angle":45,"axis":"z","origin":[15.25,11.375,0]},"faces":{"east":{"uv":[0,0,16,4.5],"texture":"#2"},"west":{"uv":[0,0,16,4.5],"texture":"#2"},"up":{"uv":[0,14.5,16,15.5],"rotation":270,"texture":"#2"},"down":{"uv":[0,14.5,16,15.5],"rotation":270,"texture":"#2"}}},{"from":[11.375,0.75,0],"to":[12.375,6.25,16],"rotation":{"angle":-45,"axis":"z","origin":[11.375,0.75,0]},"faces":{"east":{"uv":[0,11.5,16,16],"texture":"#2"},"west":{"uv":[0,11.5,16,16],"texture":"#2"},"up":{"uv":[0,14,16,15],"rotation":270,"texture":"#2"},"down":{"uv":[0,1.5,16,2.5],"rotation":270,"texture":"#2"}}},{"from":[0,12.125,0],"to":[1,17.625,16],"rotation":{"angle":-45,"axis":"z","origin":[0,12.125,0]},"faces":{"east":{"uv":[0,0,16,4.5],"texture":"#2"},"west":{"uv":[0,0,16,4.5],"texture":"#2"},"up":{"uv":[0,14,16,15],"rotation":270,"texture":"#2"},"down":{"uv":[0,14,16,15],"rotation":270,"texture":"#2"}}},{"from":[0,0,0],"to":[16,16,1],"faces":{"north":{"uv":[0,0,16,16],"texture":"#1"}}},{"from":[0,0,15],"to":[16,16,16],"faces":{"south":{"uv":[0,0,16,16],"texture":"#1"}}},{"from":[1,11.875,3],"to":[5,12.875,8],"rotation":{"angle":45,"axis":"z","origin":[1,11.875,3]},"faces":{"north":{"uv":[0,0,16,0.625],"texture":"#h"},"east":{"uv":[0,0,16,0.625],"texture":"#h"},"south":{"uv":[0,0,16,0.625],"texture":"#h"},"west":{"uv":[0,0,16,0.625],"texture":"#h"},"up":{"uv":[0,0,16,12.5],"rotation":90,"texture":"#h"}}},{"from":[0.875,11.75,9],"to":[1.375,12.75,9.5],"rotation":{"angle":45,"axis":"z","origin":[0.875,11.75,9]},"faces":{"north":{"uv":[14,2,15,3],"texture":"#4"},"east":{"uv":[10,2,15,3],"texture":"#4"},"south":{"uv":[1,2,2,3],"texture":"#4"},"west":{"uv":[1,2,6,3],"texture":"#4"},"up":{"uv":[1,1,2,6],"texture":"#4"}}},{"from":[0.875,11.75,10],"to":[1.375,12.75,10.5],"rotation":{"angle":45,"axis":"z","origin":[0.875,11.75,10]},"faces":{"north":{"uv":[14,2,15,3],"texture":"#e"},"east":{"uv":[10,2,15,3],"texture":"#e"},"south":{"uv":[1,2,2,3],"texture":"#e"},"west":{"uv":[1,2,6,3],"texture":"#e"},"up":{"uv":[1,1,2,6],"texture":"#e"}}},{"from":[1.375,12.25,10],"to":[1.875,13.25,10.5],"rotation":{"angle":45,"axis":"z","origin":[1.375,12.25,10]},"faces":{"north":{"uv":[14,2,15,3],"texture":"#3"},"east":{"uv":[10,2,15,3],"texture":"#3"},"south":{"uv":[1,2,2,3],"texture":"#3"},"west":{"uv":[1,2,6,3],"texture":"#3"},"up":{"uv":[1,1,2,6],"texture":"#3"}}},{"from":[1.375,12.25,9],"to":[1.875,13.25,9.5],"rotation":{"angle":45,"axis":"z","origin":[1.375,12.25,9]},"faces":{"north":{"uv":[14,2,15,3],"texture":"#9"},"east":{"uv":[10,2,15,3],"texture":"#9"},"south":{"uv":[1,2,2,3],"texture":"#9"},"west":{"uv":[1,2,6,3],"texture":"#9"},"up":{"uv":[1,1,2,6],"texture":"#9"}}},{"from":[1.875,12.75,10],"to":[2.375,13.75,10.5],"rotation":{"angle":45,"axis":"z","origin":[1.875,12.75,10]},"faces":{"north":{"uv":[14,2,15,3],"texture":"#b"},"east":{"uv":[10,2,15,3],"texture":"#b"},"south":{"uv":[1,2,2,3],"texture":"#b"},"west":{"uv":[1,2,6,3],"texture":"#b"},"up":{"uv":[1,1,2,6],"texture":"#b"}}},{"from":[1.875,12.75,9],"to":[2.375,13.75,9.5],"rotation":{"angle":45,"axis":"z","origin":[1.875,12.75,9]},"faces":{"north":{"uv":[14,2,15,3],"texture":"#c"},"east":{"uv":[10,2,15,3],"texture":"#c"},"south":{"uv":[1,2,2,3],"texture":"#c"},"west":{"uv":[1,2,6,3],"texture":"#c"},"up":{"uv":[1,1,2,6],"texture":"#c"}}},{"from":[1.875,12.75,11],"to":[2.375,13.75,11.5],"rotation":{"angle":45,"axis":"z","origin":[1.875,12.75,11]},"faces":{"north":{"uv":[14,2,15,3],"texture":"#3"},"east":{"uv":[10,2,15,3],"texture":"#3"},"south":{"uv":[1,2,2,3],"texture":"#3"},"west":{"uv":[1,2,6,3],"texture":"#3"},"up":{"uv":[1,1,2,6],"texture":"#3"}}},{"from":[1.375,12.25,11],"to":[1.875,13.25,11.5],"rotation":{"angle":45,"axis":"z","origin":[1.375,12.25,11]},"faces":{"north":{"uv":[14,2,15,3],"texture":"#e"},"east":{"uv":[10,2,15,3],"texture":"#e"},"south":{"uv":[1,2,2,3],"texture":"#e"},"west":{"uv":[1,2,6,3],"texture":"#e"},"up":{"uv":[1,1,2,6],"texture":"#e"}}},{"from":[0.875,11.75,11],"to":[1.375,12.75,11.5],"rotation":{"angle":45,"axis":"z","origin":[0.875,11.75,11]},"faces":{"north":{"uv":[14,2,15,3],"texture":"#9"},"east":{"uv":[10,2,15,3],"texture":"#9"},"south":{"uv":[1,2,2,3],"texture":"#9"},"west":{"uv":[1,2,6,3],"texture":"#9"},"up":{"uv":[1,1,2,6],"texture":"#9"}}},{"from":[2.375,13.25,9],"to":[2.875,14.25,9.5],"rotation":{"angle":45,"axis":"z","origin":[2.375,13.25,9]},"faces":{"north":{"uv":[14,2,15,3],"texture":"#3"},"east":{"uv":[10,2,15,3],"texture":"#3"},"south":{"uv":[1,2,2,3],"texture":"#3"},"west":{"uv":[1,2,6,3],"texture":"#3"},"up":{"uv":[1,1,2,6],"texture":"#3"}}},{"from":[2.375,13.25,10],"to":[2.875,14.25,10.5],"rotation":{"angle":45,"axis":"z","origin":[2.375,13.25,10]},"faces":{"north":{"uv":[14,2,15,3],"texture":"#7"},"east":{"uv":[10,2,15,3],"texture":"#7"},"south":{"uv":[1,2,2,3],"texture":"#7"},"west":{"uv":[1,2,6,3],"texture":"#7"},"up":{"uv":[1,1,2,6],"texture":"#7"}}},{"from":[2.375,13.25,11],"to":[2.875,14.25,11.5],"rotation":{"angle":45,"axis":"z","origin":[2.375,13.25,11]},"faces":{"north":{"uv":[14,2,15,3],"texture":"#d"},"east":{"uv":[10,2,15,3],"texture":"#d"},"south":{"uv":[1,2,2,3],"texture":"#d"},"west":{"uv":[1,2,6,3],"texture":"#d"},"up":{"uv":[1,1,2,6],"texture":"#d"}}},{"from":[2.375,13.25,12],"to":[2.875,14.25,12.5],"rotation":{"angle":45,"axis":"z","origin":[2.375,13.25,12]},"faces":{"north":{"uv":[14,2,15,3],"texture":"#b"},"east":{"uv":[10,2,15,3],"texture":"#b"},"south":{"uv":[1,2,2,3],"texture":"#b"},"west":{"uv":[1,2,6,3],"texture":"#b"},"up":{"uv":[1,1,2,6],"texture":"#b"}}},{"from":[1.875,12.75,12],"to":[2.375,13.75,12.5],"rotation":{"angle":45,"axis":"z","origin":[1.875,12.75,12]},"faces":{"north":{"uv":[14,2,15,3],"texture":"#c"},"east":{"uv":[10,2,15,3],"texture":"#c"},"south":{"uv":[1,2,2,3],"texture":"#c"},"west":{"uv":[1,2,6,3],"texture":"#c"},"up":{"uv":[1,1,2,6],"texture":"#c"}}},{"from":[1.375,12.25,12],"to":[1.875,13.25,12.5],"rotation":{"angle":45,"axis":"z","origin":[1.375,12.25,12]},"faces":{"north":{"uv":[14,2,15,3],"texture":"#5"},"east":{"uv":[10,2,15,3],"texture":"#5"},"south":{"uv":[1,2,2,3],"texture":"#5"},"west":{"uv":[1,2,6,3],"texture":"#5"},"up":{"uv":[1,1,2,6],"texture":"#5"}}},{"from":[0.875,11.75,12],"to":[1.375,12.75,12.5],"rotation":{"angle":45,"axis":"z","origin":[0.875,11.75,12]},"faces":{"north":{"uv":[14,2,15,3],"texture":"#7"},"east":{"uv":[10,2,15,3],"texture":"#7"},"south":{"uv":[1,2,2,3],"texture":"#7"},"west":{"uv":[1,2,6,3],"texture":"#7"},"up":{"uv":[1,1,2,6],"texture":"#7"}}},{"from":[6,15.75,8.5],"to":[10,16.25,13.5],"faces":{"north":{"uv":[0,0,16,0.625],"texture":"#g"},"east":{"uv":[0,0,16,0.625],"texture":"#g"},"south":{"uv":[0,0,16,0.5],"texture":"#g"},"west":{"uv":[0,0,16,0.625],"texture":"#g"},"up":{"uv":[0,0,16,12.5],"rotation":90,"texture":"#g"}}},{"from":[5,15.125,7.5],"to":[5.5,16.125,8],"faces":{"north":{"uv":[0,0,16,16],"texture":"#b"},"east":{"uv":[0,0,16,16],"texture":"#b"},"south":{"uv":[0,0,16,16],"texture":"#b"},"west":{"uv":[0,0,16,16],"texture":"#b"},"up":{"uv":[0,0,16,16],"texture":"#b"}}},{"from":[5,15.125,6.5],"to":[5.5,16.125,7],"faces":{"north":{"uv":[0,0,16,16],"rotation":270,"texture":"#6"},"east":{"uv":[0,0,16,16],"texture":"#6"},"south":{"uv":[0,0,16,16],"texture":"#6"},"west":{"uv":[0,0,16,16],"texture":"#6"},"up":{"uv":[0,0,16,16],"texture":"#6"}}},{"from":[5,15.125,5.5],"to":[5.5,16.125,6],"faces":{"north":{"uv":[0,0,16,16],"texture":"#e"},"east":{"uv":[0,0,16,16],"texture":"#e"},"south":{"uv":[0,0,16,16],"texture":"#e"},"west":{"uv":[0,0,16,16],"texture":"#e"},"up":{"uv":[0,0,16,16],"texture":"#e"}}},{"from":[5,15.125,4.5],"to":[5.5,16.125,5],"faces":{"north":{"uv":[0,0,16,4],"texture":"#3"},"east":{"uv":[0,0,16,4],"texture":"#3"},"south":{"uv":[0,0,16,4],"texture":"#3"},"west":{"uv":[0,0,16,4],"texture":"#3"},"up":{"uv":[0,0,16,4],"texture":"#3"}}},{"from":[6,15.125,4.5],"to":[6.5,16.125,5],"faces":{"north":{"uv":[0,0,16,16],"texture":"#a"},"east":{"uv":[0,0,16,16],"texture":"#a"},"south":{"uv":[0,0,16,16],"texture":"#a"},"west":{"uv":[0,0,16,16],"texture":"#a"},"up":{"uv":[0,0,16,16],"texture":"#a"}}},{"from":[6,15.125,5.5],"to":[6.5,16.125,6],"faces":{"north":{"uv":[0,0,16,16],"texture":"#9"},"east":{"uv":[0,0,16,16],"texture":"#9"},"south":{"uv":[0,0,16,16],"texture":"#9"},"west":{"uv":[0,0,16,16],"texture":"#9"},"up":{"uv":[0,0,16,16],"texture":"#9"}}},{"from":[6,15.125,6.5],"to":[6.5,16.125,7],"faces":{"north":{"uv":[0,0,16,16],"texture":"#5"},"east":{"uv":[0,0,16,16],"texture":"#5"},"south":{"uv":[0,0,16,16],"texture":"#5"},"west":{"uv":[0,0,16,16],"texture":"#5"},"up":{"uv":[0,0,16,16],"texture":"#5"}}},{"from":[6,15.125,7.5],"to":[6.5,16.125,8],"faces":{"north":{"uv":[0,0,16,16],"texture":"#7"},"east":{"uv":[0,0,16,16],"texture":"#7"},"south":{"uv":[0,0,16,16],"texture":"#7"},"west":{"uv":[0,0,16,16],"texture":"#7"},"up":{"uv":[0,0,16,16],"texture":"#7"}}},{"from":[7,15.125,4.5],"to":[7.5,16.125,5],"faces":{"north":{"uv":[0,0,16,16],"texture":"#c"},"east":{"uv":[0,0,16,16],"texture":"#c"},"south":{"uv":[0,0,16,16],"texture":"#c"},"west":{"uv":[0,0,16,16],"texture":"#c"},"up":{"uv":[0,0,16,16],"texture":"#c"}}},{"from":[7,15.125,5.5],"to":[7.5,16.125,6],"faces":{"north":{"uv":[14,2,15,3],"texture":"#7"},"east":{"uv":[10,2,15,3],"texture":"#7"},"south":{"uv":[1,2,2,3],"texture":"#7"},"west":{"uv":[1,2,6,3],"texture":"#7"},"up":{"uv":[1,1,2,6],"texture":"#7"}}},{"from":[7,15.125,6.5],"to":[7.5,16.125,7],"faces":{"north":{"uv":[0,0,16,16],"texture":"#4"},"east":{"uv":[0,0,16,16],"texture":"#4"},"south":{"uv":[0,0,16,16],"texture":"#4"},"west":{"uv":[0,0,16,16],"texture":"#4"},"up":{"uv":[0,0,16,16],"texture":"#4"}}},{"from":[7,15.125,7.5],"to":[7.5,16.125,8],"faces":{"north":{"uv":[0,0,16,16],"texture":"#d"},"east":{"uv":[0,0,16,16],"texture":"#d"},"south":{"uv":[0,0,16,16],"texture":"#d"},"west":{"uv":[0,0,16,16],"texture":"#d"},"up":{"uv":[0,0,16,16],"texture":"#d"}}},{"from":[8,15.125,4.5],"to":[8.5,16.125,8],"faces":{"north":{"uv":[15.5,0,16,1],"rotation":270,"texture":"#6"},"east":{"uv":[0,0,16,2],"rotation":270,"texture":"#6"},"south":{"uv":[0,0,1,1],"texture":"#6"},"west":{"uv":[0,0,16,2],"rotation":270,"texture":"#6"},"up":{"uv":[0,0,16,2],"rotation":270,"texture":"#6"}}},{"from":[13,13.875,2],"to":[14,14.875,14],"rotation":{"angle":45,"axis":"z","origin":[13,13.875,2]},"faces":{"north":{"uv":[0,4,1,5],"texture":"#1"},"east":{"uv":[0,4,16,5],"texture":"#1"},"south":{"uv":[15,4,16,5],"texture":"#1"},"up":{"uv":[0,4,16,5],"texture":"#1"},"down":{"uv":[0,4,16,5],"texture":"#1"}}},{"from":[13.875,13,2],"to":[14.875,14,14],"rotation":{"angle":45,"axis":"z","origin":[13.875,13,2]},"faces":{"north":{"uv":[0,4,1,5],"texture":"#1"},"east":{"uv":[0,9,16,10],"texture":"#1"},"south":{"uv":[15,4,16,5],"texture":"#1"},"up":{"uv":[0,4,16,5],"texture":"#1"},"down":{"uv":[0,4,16,5],"texture":"#1"}}},{"from":[14.75,12.125,2],"to":[15.75,13.125,14],"rotation":{"angle":45,"axis":"z","origin":[14.75,12.125,2]},"faces":{"north":{"uv":[0,4,1,5],"texture":"#1"},"east":{"uv":[0,6,16,7],"texture":"#1"},"south":{"uv":[15,4,16,5],"texture":"#1"},"up":{"uv":[0,4,16,5],"texture":"#1"},"down":{"uv":[0,4,16,5],"texture":"#1"}}},{"from":[15.125,8,2.5],"to":[16.125,11,13.5],"faces":{"north":{"uv":[15.625,0,16,4.5],"texture":"#f"},"east":{"uv":[0,0,16,4.5],"texture":"#f"},"south":{"uv":[15.625,0,16,4.5],"texture":"#f"},"up":{"uv":[0,0,16,0.5],"texture":"#f"},"down":{"uv":[0,0,16,0.5],"texture":"#f"}}},{"from":[15.125,6.5,3.5],"to":[16.125,7,4],"faces":{"north":{"uv":[0,9,0.875,9.5],"texture":"#d"},"east":{"uv":[12,9,12.5,9.5],"texture":"#d"},"south":{"uv":[15.125,9,16,9.5],"texture":"#d"},"up":{"uv":[15.125,3.5,16,4],"texture":"#d"},"down":{"uv":[15.125,12,16,12.5],"texture":"#d"}}},{"from":[15.125,6.5,4.5],"to":[16.125,7,5],"faces":{"north":{"uv":[0,9,0.875,9.5],"texture":"#8"},"east":{"uv":[11,9,11.5,9.5],"texture":"#8"},"south":{"uv":[15.125,9,16,9.5],"texture":"#8"},"up":{"uv":[15.125,4.5,16,5],"texture":"#8"},"down":{"uv":[15.125,11,16,11.5],"texture":"#8"}}},{"from":[15.125,6.5,5.5],"to":[16.125,7,6],"faces":{"north":{"uv":[0,9,0.875,9.5],"texture":"#3"},"east":{"uv":[10,9,10.5,9.5],"texture":"#3"},"south":{"uv":[15.125,9,16,9.5],"texture":"#3"},"up":{"uv":[15.125,5.5,16,6],"texture":"#3"},"down":{"uv":[15.125,10,16,10.5],"texture":"#3"}}},{"from":[15.125,6.5,6.5],"to":[16.125,7,10],"faces":{"north":{"uv":[0,9,0.875,9.5],"texture":"#a"},"east":{"uv":[6,9,9.5,9.5],"texture":"#a"},"south":{"uv":[15.125,9,16,9.5],"texture":"#a"},"up":{"uv":[15.125,6.5,16,10],"texture":"#a"},"down":{"uv":[15.125,6,16,9.5],"texture":"#a"}}},{"from":[5,7,-1],"to":[6,10,0],"faces":{"north":{"uv":[10,0,11,1],"texture":"#2"},"east":{"uv":[10,0,11,1],"texture":"#2"},"west":{"uv":[10,0,11,1],"texture":"#2"},"up":{"uv":[10,0,11,1],"texture":"#2"},"down":{"uv":[10,0,11,1],"texture":"#2"}}},{"from":[10,7,-1],"to":[11,10,0],"faces":{"north":{"uv":[10,0,11,1],"texture":"#2"},"east":{"uv":[10,0,11,1],"texture":"#2"},"west":{"uv":[10,0,11,1],"texture":"#2"},"up":{"uv":[10,0,11,1],"texture":"#2"},"down":{"uv":[10,0,11,1],"texture":"#2"}}},{"from":[6,7,-1],"to":[10,8,0],"faces":{"north":{"uv":[10,0,11,1],"texture":"#2"},"up":{"uv":[10,0,11,1],"texture":"#2"},"down":{"uv":[10,0,11,1],"texture":"#2"}}},{"from":[5,7,16],"to":[6,10,17],"faces":{"east":{"uv":[10,0,11,1],"texture":"#2"},"south":{"uv":[10,0,11,1],"texture":"#2"},"west":{"uv":[10,0,11,1],"texture":"#2"},"up":{"uv":[10,0,11,1],"texture":"#2"},"down":{"uv":[10,0,11,1],"texture":"#2"}}},{"from":[6,7,16],"to":[10,8,17],"faces":{"south":{"uv":[10,0,11,1],"texture":"#2"},"up":{"uv":[10,0,11,1],"texture":"#2"},"down":{"uv":[10,0,11,1],"texture":"#2"}}},{"from":[10,7,16],"to":[11,10,17],"faces":{"east":{"uv":[10,0,11,1],"texture":"#2"},"south":{"uv":[10,0,11,1],"texture":"#2"},"west":{"uv":[10,0,11,1],"texture":"#2"},"up":{"uv":[10,0,11,1],"texture":"#2"},"down":{"uv":[10,0,11,1],"texture":"#2"}}}],"display":{"thirdperson_righthand":{"scale":[0,0,0]},"thirdperson_lefthand":{"scale":[0,0,0]},"firstperson_righthand":{"scale":[0,0,0]},"firstperson_lefthand":{"scale":[0,0,0]},"ground":{"translation":[0,2,0],"scale":[0.6,0.6,0.6]},"gui":{"scale":[0,0,0]},"fixed":{"rotation":[0,90,0],"scale":[0.5,0.5,0.5]}}}