{"elements":[{"from":[0,0,4.5],"to":[16,1,14.5],"faces":{"north":{"uv":[0,15,16,16],"texture":"#0"},"east":{"uv":[1.5,15,11.5,16],"texture":"#0"},"south":{"uv":[0,15,16,16],"texture":"#0"},"west":{"uv":[4.5,15,14.5,16],"texture":"#0"},"up":{"uv":[0,4.5,16,14.5],"texture":"#0"},"down":{"uv":[0,1.5,16,11.5],"texture":"#0"}}},{"from":[0,0.375,4.375],"to":[1,10.375,5.375],"rotation":{"angle":-22.5,"axis":"x","origin":[0,0.375,5.375]},"faces":{"north":{"uv":[1,12,0,2],"texture":"#0"},"south":{"uv":[0,4,1,14],"texture":"#0"},"west":{"uv":[2,15,12,16],"rotation":270,"texture":"#0"},"up":{"uv":[0,15,1,16],"texture":"#0"}}},{"from":[15,0.375,4.375],"to":[16,10.375,5.375],"rotation":{"angle":-22.5,"axis":"x","origin":[0,0.375,5.375]},"faces":{"north":{"uv":[16,12,15,2],"texture":"#0"},"east":{"uv":[4,15,14,16],"rotation":90,"texture":"#0"},"south":{"uv":[15,4,16,14],"texture":"#0"},"up":{"uv":[15,15,16,16],"texture":"#0"}}},{"from":[1,9.375,4.375],"to":[15,10.375,5.375],"rotation":{"angle":-22.5,"axis":"x","origin":[0,0.375,5.375]},"faces":{"north":{"uv":[15,12,1,11],"texture":"#0"},"south":{"uv":[1,4,15,5],"texture":"#0"},"up":{"uv":[1,15,15,16],"texture":"#0"}}},{"from":[1,0.375,4.375],"to":[15,1.375,5.375],"rotation":{"angle":-22.5,"axis":"x","origin":[0,0.375,5.375]},"faces":{"north":{"uv":[15,3,1,2],"texture":"#0"},"south":{"uv":[1,13,15,14],"texture":"#0"}}},{"from":[1,1.375,4.875],"to":[15,9.375,5.375],"rotation":{"angle":-22.5,"axis":"x","origin":[0,0.375,5.375]},"faces":{"south":{"uv":[0,0,16,9],"texture":"#2"}}},{"from":[1,1.375,4.375],"to":[15,9.375,4.875],"rotation":{"angle":-22.5,"axis":"x","origin":[0,0.375,5.375]},"faces":{"north":{"uv":[15,14.5,1,6.5],"texture":"#0"}}},{"from":[14,0.125,7],"to":[14.5,1.125,7.5],"faces":{"north":{"uv":[1.5,14.875,2,15.875],"texture":"#1"},"east":{"uv":[11,14.875,11.5,15.875],"texture":"#1"},"south":{"uv":[14,14.875,14.5,15.875],"texture":"#1"},"west":{"uv":[4.5,14.875,5,15.875],"texture":"#1"},"up":{"uv":[14,4.5,14.5,5],"texture":"#1"}}},{"from":[1,0.125,7],"to":[1.5,1.125,7.5],"faces":{"north":{"uv":[14.5,9,15,10],"texture":"#1"},"east":{"uv":[11,9,11.5,10],"texture":"#1"},"south":{"uv":[1,9,1.5,10],"texture":"#1"},"west":{"uv":[4.5,9,5,10],"texture":"#1"},"up":{"uv":[1,4.5,1.5,5],"texture":"#1"}}},{"from":[3,0.125,7],"to":[3.5,1.125,7.5],"faces":{"north":{"uv":[12.5,9,13,10],"texture":"#1"},"east":{"uv":[11,9,11.5,10],"texture":"#1"},"south":{"uv":[3,9,3.5,10],"texture":"#1"},"west":{"uv":[4.5,9,5,10],"texture":"#1"},"up":{"uv":[3,4.5,3.5,5],"texture":"#1"}}},{"from":[4,0.125,7],"to":[4.5,1.125,7.5],"faces":{"north":{"uv":[11.5,9,12,10],"texture":"#1"},"east":{"uv":[11,9,11.5,10],"texture":"#1"},"south":{"uv":[4,9,4.5,10],"texture":"#1"},"west":{"uv":[4.5,9,5,10],"texture":"#1"},"up":{"uv":[4,4.5,4.5,5],"texture":"#1"}}},{"from":[5,0.125,7],"to":[5.5,1.125,7.5],"faces":{"north":{"uv":[10.5,9,11,10],"texture":"#1"},"east":{"uv":[11,9,11.5,10],"texture":"#1"},"south":{"uv":[5,9,5.5,10],"texture":"#1"},"west":{"uv":[4.5,9,5,10],"texture":"#1"},"up":{"uv":[5,4.5,5.5,5],"texture":"#1"}}},{"from":[6,0.125,7],"to":[6.5,1.125,7.5],"faces":{"north":{"uv":[9.5,9,10,10],"texture":"#1"},"east":{"uv":[11,9,11.5,10],"texture":"#1"},"south":{"uv":[6,9,6.5,10],"texture":"#1"},"west":{"uv":[4.5,9,5,10],"texture":"#1"},"up":{"uv":[6,4.5,6.5,5],"texture":"#1"}}},{"from":[7,0.125,7],"to":[7.5,1.125,7.5],"faces":{"north":{"uv":[8.5,9,9,10],"texture":"#1"},"east":{"uv":[11,9,11.5,10],"texture":"#1"},"south":{"uv":[7,9,7.5,10],"texture":"#1"},"west":{"uv":[4.5,9,5,10],"texture":"#1"},"up":{"uv":[7,4.5,7.5,5],"texture":"#1"}}},{"from":[8,0.125,7],"to":[8.5,1.125,7.5],"faces":{"north":{"uv":[7.5,9,8,10],"texture":"#1"},"east":{"uv":[11,9,11.5,10],"texture":"#1"},"south":{"uv":[8,9,8.5,10],"texture":"#1"},"west":{"uv":[4.5,9,5,10],"texture":"#1"},"up":{"uv":[8,4.5,8.5,5],"texture":"#1"}}},{"from":[9,0.125,7],"to":[9.5,1.125,7.5],"faces":{"north":{"uv":[6.5,9,7,10],"texture":"#1"},"east":{"uv":[11,9,11.5,10],"texture":"#1"},"south":{"uv":[9,9,9.5,10],"texture":"#1"},"west":{"uv":[4.5,9,5,10],"texture":"#1"},"up":{"uv":[9,4.5,9.5,5],"texture":"#1"}}},{"from":[10,0.125,7],"to":[10.5,1.125,7.5],"faces":{"north":{"uv":[5.5,9,6,10],"texture":"#1"},"east":{"uv":[11,9,11.5,10],"texture":"#1"},"south":{"uv":[10,9,10.5,10],"texture":"#1"},"west":{"uv":[4.5,9,5,10],"texture":"#1"},"up":{"uv":[10,4.5,10.5,5],"texture":"#1"}}},{"from":[11,0.125,7],"to":[11.5,1.125,7.5],"faces":{"north":{"uv":[4.5,9,5,10],"texture":"#1"},"east":{"uv":[11,9,11.5,10],"texture":"#1"},"south":{"uv":[11,9,11.5,10],"texture":"#1"},"west":{"uv":[4.5,9,5,10],"texture":"#1"},"up":{"uv":[11,4.5,11.5,5],"texture":"#1"}}},{"from":[12,0.125,7],"to":[12.5,1.125,7.5],"faces":{"north":{"uv":[3.5,9,4,10],"texture":"#1"},"east":{"uv":[11,9,11.5,10],"texture":"#1"},"south":{"uv":[12,9,12.5,10],"texture":"#1"},"west":{"uv":[4.5,9,5,10],"texture":"#1"},"up":{"uv":[12,4.5,12.5,5],"texture":"#1"}}},{"from":[13,0.125,7],"to":[13.5,1.125,7.5],"faces":{"north":{"uv":[2.5,9,3,10],"texture":"#1"},"east":{"uv":[11,9,11.5,10],"texture":"#1"},"south":{"uv":[13,9,13.5,10],"texture":"#1"},"west":{"uv":[4.5,9,5,10],"texture":"#1"},"up":{"uv":[13,4.5,13.5,5],"texture":"#1"}}},{"from":[14,0.125,8],"to":[14.5,1.125,8.5],"faces":{"north":{"uv":[1.5,9,2,10],"texture":"#1"},"east":{"uv":[10,9,10.5,10],"texture":"#1"},"south":{"uv":[14,9,14.5,10],"texture":"#1"},"west":{"uv":[5.5,9,6,10],"texture":"#1"},"up":{"uv":[14,5.5,14.5,6],"texture":"#1"}}},{"from":[1,0.125,8],"to":[1.5,1.125,8.5],"faces":{"north":{"uv":[14.5,9,15,10],"texture":"#1"},"east":{"uv":[10,9,10.5,10],"texture":"#1"},"south":{"uv":[1,9,1.5,10],"texture":"#1"},"west":{"uv":[5.5,9,6,10],"texture":"#1"},"up":{"uv":[1,5.5,1.5,6],"texture":"#1"}}},{"from":[2,0.125,8],"to":[2.5,1.125,8.5],"faces":{"north":{"uv":[13.5,9,14,10],"texture":"#1"},"east":{"uv":[10,9,10.5,10],"texture":"#1"},"south":{"uv":[2,9,2.5,10],"texture":"#1"},"west":{"uv":[5.5,9,6,10],"texture":"#1"},"up":{"uv":[2,5.5,2.5,6],"texture":"#1"}}},{"from":[3,0.125,8],"to":[3.5,1.125,8.5],"faces":{"north":{"uv":[12.5,9,13,10],"texture":"#1"},"east":{"uv":[10,9,10.5,10],"texture":"#1"},"south":{"uv":[3,9,3.5,10],"texture":"#1"},"west":{"uv":[5.5,9,6,10],"texture":"#1"},"up":{"uv":[3,5.5,3.5,6],"texture":"#1"}}},{"from":[4,0.125,8],"to":[4.5,1.125,8.5],"faces":{"north":{"uv":[11.5,9,12,10],"texture":"#1"},"east":{"uv":[10,9,10.5,10],"texture":"#1"},"south":{"uv":[4,9,4.5,10],"texture":"#1"},"west":{"uv":[5.5,9,6,10],"texture":"#1"},"up":{"uv":[4,5.5,4.5,6],"texture":"#1"}}},{"from":[5,0.125,8],"to":[5.5,1.125,8.5],"faces":{"north":{"uv":[10.5,9,11,10],"texture":"#1"},"east":{"uv":[10,9,10.5,10],"texture":"#1"},"south":{"uv":[5,9,5.5,10],"texture":"#1"},"west":{"uv":[5.5,9,6,10],"texture":"#1"},"up":{"uv":[5,5.5,5.5,6],"texture":"#1"}}},{"from":[6,0.125,8],"to":[6.5,1.125,8.5],"faces":{"north":{"uv":[9.5,9,10,10],"texture":"#1"},"east":{"uv":[10,9,10.5,10],"texture":"#1"},"south":{"uv":[6,9,6.5,10],"texture":"#1"},"west":{"uv":[5.5,9,6,10],"texture":"#1"},"up":{"uv":[6,5.5,6.5,6],"texture":"#1"}}},{"from":[7,0.125,8],"to":[7.5,1.125,8.5],"faces":{"north":{"uv":[8.5,9,9,10],"texture":"#1"},"east":{"uv":[10,9,10.5,10],"texture":"#1"},"south":{"uv":[7,9,7.5,10],"texture":"#1"},"west":{"uv":[5.5,9,6,10],"texture":"#1"},"up":{"uv":[7,5.5,7.5,6],"texture":"#1"}}},{"from":[8,0.125,8],"to":[8.5,1.125,8.5],"faces":{"north":{"uv":[7.5,9,8,10],"texture":"#1"},"east":{"uv":[10,9,10.5,10],"texture":"#1"},"south":{"uv":[8,9,8.5,10],"texture":"#1"},"west":{"uv":[5.5,9,6,10],"texture":"#1"},"up":{"uv":[8,5.5,8.5,6],"texture":"#1"}}},{"from":[9,0.125,8],"to":[9.5,1.125,8.5],"faces":{"north":{"uv":[6.5,9,7,10],"texture":"#1"},"east":{"uv":[10,9,10.5,10],"texture":"#1"},"south":{"uv":[9,9,9.5,10],"texture":"#1"},"west":{"uv":[5.5,9,6,10],"texture":"#1"},"up":{"uv":[9,5.5,9.5,6],"texture":"#1"}}},{"from":[10,0.125,8],"to":[10.5,1.125,8.5],"faces":{"north":{"uv":[5.5,9,6,10],"texture":"#1"},"east":{"uv":[10,9,10.5,10],"texture":"#1"},"south":{"uv":[10,9,10.5,10],"texture":"#1"},"west":{"uv":[5.5,9,6,10],"texture":"#1"},"up":{"uv":[10,5.5,10.5,6],"texture":"#1"}}},{"from":[11,0.125,8],"to":[11.5,1.125,8.5],"faces":{"north":{"uv":[4.5,9,5,10],"texture":"#1"},"east":{"uv":[10,9,10.5,10],"texture":"#1"},"south":{"uv":[11,9,11.5,10],"texture":"#1"},"west":{"uv":[5.5,9,6,10],"texture":"#1"},"up":{"uv":[11,5.5,11.5,6],"texture":"#1"}}},{"from":[12,0.125,8],"to":[12.5,1.125,8.5],"faces":{"north":{"uv":[3.5,9,4,10],"texture":"#1"},"east":{"uv":[10,9,10.5,10],"texture":"#1"},"south":{"uv":[12,9,12.5,10],"texture":"#1"},"west":{"uv":[5.5,9,6,10],"texture":"#1"},"up":{"uv":[12,5.5,12.5,6],"texture":"#1"}}},{"from":[13,0.125,8],"to":[13.5,1.125,8.5],"faces":{"north":{"uv":[2.5,9,3,10],"texture":"#1"},"east":{"uv":[10,9,10.5,10],"texture":"#1"},"south":{"uv":[13,9,13.5,10],"texture":"#1"},"west":{"uv":[5.5,9,6,10],"texture":"#1"},"up":{"uv":[13,5.5,13.5,6],"texture":"#1"}}},{"from":[14,0.125,9],"to":[14.5,1.125,9.5],"faces":{"north":{"uv":[1.5,9,2,10],"texture":"#1"},"east":{"uv":[9,9,9.5,10],"texture":"#1"},"south":{"uv":[14,9,14.5,10],"texture":"#1"},"west":{"uv":[6.5,9,7,10],"texture":"#1"},"up":{"uv":[14,6.5,14.5,7],"texture":"#1"}}},{"from":[1,0.125,9],"to":[1.5,1.125,9.5],"faces":{"north":{"uv":[14.5,9,15,10],"texture":"#1"},"east":{"uv":[9,9,9.5,10],"texture":"#1"},"south":{"uv":[1,9,1.5,10],"texture":"#1"},"west":{"uv":[6.5,9,7,10],"texture":"#1"},"up":{"uv":[1,6.5,1.5,7],"texture":"#1"}}},{"from":[2,0.125,9],"to":[2.5,1.125,9.5],"faces":{"north":{"uv":[13.5,9,14,10],"texture":"#1"},"east":{"uv":[9,9,9.5,10],"texture":"#1"},"south":{"uv":[2,9,2.5,10],"texture":"#1"},"west":{"uv":[6.5,9,7,10],"texture":"#1"},"up":{"uv":[2,6.5,2.5,7],"texture":"#1"}}},{"from":[3,0.125,9],"to":[3.5,1.125,9.5],"faces":{"north":{"uv":[12.5,9,13,10],"texture":"#1"},"east":{"uv":[9,9,9.5,10],"texture":"#1"},"south":{"uv":[3,9,3.5,10],"texture":"#1"},"west":{"uv":[6.5,9,7,10],"texture":"#1"},"up":{"uv":[3,6.5,3.5,7],"texture":"#1"}}},{"from":[4,0.125,9],"to":[4.5,1.125,9.5],"faces":{"north":{"uv":[11.5,9,12,10],"texture":"#1"},"east":{"uv":[9,9,9.5,10],"texture":"#1"},"south":{"uv":[4,9,4.5,10],"texture":"#1"},"west":{"uv":[6.5,9,7,10],"texture":"#1"},"up":{"uv":[4,6.5,4.5,7],"texture":"#1"}}},{"from":[5,0.125,9],"to":[5.5,1.125,9.5],"faces":{"north":{"uv":[10.5,9,11,10],"texture":"#1"},"east":{"uv":[9,9,9.5,10],"texture":"#1"},"south":{"uv":[5,9,5.5,10],"texture":"#1"},"west":{"uv":[6.5,9,7,10],"texture":"#1"},"up":{"uv":[5,6.5,5.5,7],"texture":"#1"}}},{"from":[6,0.125,9],"to":[6.5,1.125,9.5],"faces":{"north":{"uv":[9.5,9,10,10],"texture":"#1"},"east":{"uv":[9,9,9.5,10],"texture":"#1"},"south":{"uv":[6,9,6.5,10],"texture":"#1"},"west":{"uv":[6.5,9,7,10],"texture":"#1"},"up":{"uv":[6,6.5,6.5,7],"texture":"#1"}}},{"from":[7,0.125,9],"to":[7.5,1.125,9.5],"faces":{"north":{"uv":[8.5,9,9,10],"texture":"#1"},"east":{"uv":[9,9,9.5,10],"texture":"#1"},"south":{"uv":[7,9,7.5,10],"texture":"#1"},"west":{"uv":[6.5,9,7,10],"texture":"#1"},"up":{"uv":[7,6.5,7.5,7],"texture":"#1"}}},{"from":[8,0.125,9],"to":[8.5,1.125,9.5],"faces":{"north":{"uv":[7.5,9,8,10],"texture":"#1"},"east":{"uv":[9,9,9.5,10],"texture":"#1"},"south":{"uv":[8,9,8.5,10],"texture":"#1"},"west":{"uv":[6.5,9,7,10],"texture":"#1"},"up":{"uv":[8,6.5,8.5,7],"texture":"#1"}}},{"from":[9,0.125,9],"to":[9.5,1.125,9.5],"faces":{"north":{"uv":[6.5,9,7,10],"texture":"#1"},"east":{"uv":[9,9,9.5,10],"texture":"#1"},"south":{"uv":[9,9,9.5,10],"texture":"#1"},"west":{"uv":[6.5,9,7,10],"texture":"#1"},"up":{"uv":[9,6.5,9.5,7],"texture":"#1"}}},{"from":[10.5,0.125,9.5],"to":[11,1.125,10.5],"faces":{"south":{"uv":[10.5,14.875,11,15.875],"texture":"#1"},"west":{"uv":[7,14.875,8,15.875],"texture":"#1"},"up":{"uv":[10.5,7,11,8],"texture":"#1"}}},{"from":[11,0.125,9],"to":[11.5,1.125,10],"faces":{"north":{"uv":[4.5,9,5,10],"texture":"#1"},"east":{"uv":[8.5,9,9.5,10],"texture":"#1"},"up":{"uv":[11,6.5,11.5,7.5],"texture":"#1"}}},{"from":[12,0.125,9],"to":[12.5,1.125,9.5],"faces":{"north":{"uv":[3.5,9,4,10],"texture":"#1"},"east":{"uv":[9,9,9.5,10],"texture":"#1"},"south":{"uv":[12,9,12.5,10],"texture":"#1"},"west":{"uv":[6.5,9,7,10],"texture":"#1"},"up":{"uv":[12,6.5,12.5,7],"texture":"#1"}}},{"from":[13,0.125,9],"to":[13.5,1.125,9.5],"faces":{"north":{"uv":[2.5,9,3,10],"texture":"#1"},"east":{"uv":[9,9,9.5,10],"texture":"#1"},"south":{"uv":[13,9,13.5,10],"texture":"#1"},"west":{"uv":[6.5,9,7,10],"texture":"#1"},"up":{"uv":[13,6.5,13.5,7],"texture":"#1"}}},{"from":[14,0.125,10],"to":[14.5,1.125,10.5],"faces":{"north":{"uv":[1.5,9,2,10],"texture":"#1"},"east":{"uv":[8,9,8.5,10],"texture":"#1"},"south":{"uv":[14,9,14.5,10],"texture":"#1"},"west":{"uv":[7.5,9,8,10],"texture":"#1"},"up":{"uv":[14,7.5,14.5,8],"texture":"#1"}}},{"from":[1,0.125,10],"to":[1.5,1.125,10.5],"faces":{"north":{"uv":[14.5,9,15,10],"texture":"#1"},"east":{"uv":[8,9,8.5,10],"texture":"#1"},"south":{"uv":[1,9,1.5,10],"texture":"#1"},"west":{"uv":[7.5,9,8,10],"texture":"#1"},"up":{"uv":[1,7.5,1.5,8],"texture":"#1"}}},{"from":[2,0.125,10],"to":[2.5,1.125,10.5],"faces":{"north":{"uv":[13.5,9,14,10],"texture":"#1"},"east":{"uv":[8,9,8.5,10],"texture":"#1"},"south":{"uv":[2,9,2.5,10],"texture":"#1"},"west":{"uv":[7.5,9,8,10],"texture":"#1"},"up":{"uv":[2,7.5,2.5,8],"texture":"#1"}}},{"from":[3,0.125,10],"to":[3.5,1.125,10.5],"faces":{"north":{"uv":[12.5,9,13,10],"texture":"#1"},"east":{"uv":[8,9,8.5,10],"texture":"#1"},"south":{"uv":[3,9,3.5,10],"texture":"#1"},"west":{"uv":[7.5,9,8,10],"texture":"#1"},"up":{"uv":[3,7.5,3.5,8],"texture":"#1"}}},{"from":[4,0.125,10],"to":[4.5,1.125,10.5],"faces":{"north":{"uv":[11.5,9,12,10],"texture":"#1"},"east":{"uv":[8,9,8.5,10],"texture":"#1"},"south":{"uv":[4,9,4.5,10],"texture":"#1"},"west":{"uv":[7.5,9,8,10],"texture":"#1"},"up":{"uv":[4,7.5,4.5,8],"texture":"#1"}}},{"from":[5,0.125,10],"to":[5.5,1.125,10.5],"faces":{"north":{"uv":[10.5,9,11,10],"texture":"#1"},"east":{"uv":[8,9,8.5,10],"texture":"#1"},"south":{"uv":[5,9,5.5,10],"texture":"#1"},"west":{"uv":[7.5,9,8,10],"texture":"#1"},"up":{"uv":[5,7.5,5.5,8],"texture":"#1"}}},{"from":[6,0.125,10],"to":[6.5,1.125,10.5],"faces":{"north":{"uv":[9.5,9,10,10],"texture":"#1"},"east":{"uv":[8,9,8.5,10],"texture":"#1"},"south":{"uv":[6,9,6.5,10],"texture":"#1"},"west":{"uv":[7.5,9,8,10],"texture":"#1"},"up":{"uv":[6,7.5,6.5,8],"texture":"#1"}}},{"from":[7,0.125,10],"to":[7.5,1.125,10.5],"faces":{"north":{"uv":[8.5,9,9,10],"texture":"#1"},"east":{"uv":[8,9,8.5,10],"texture":"#1"},"south":{"uv":[7,9,7.5,10],"texture":"#1"},"west":{"uv":[7.5,9,8,10],"texture":"#1"},"up":{"uv":[7,7.5,7.5,8],"texture":"#1"}}},{"from":[8,0.125,10],"to":[8.5,1.125,10.5],"faces":{"north":{"uv":[7.5,9,8,10],"texture":"#1"},"east":{"uv":[8,9,8.5,10],"texture":"#1"},"south":{"uv":[8,9,8.5,10],"texture":"#1"},"west":{"uv":[7.5,9,8,10],"texture":"#1"},"up":{"uv":[8,7.5,8.5,8],"texture":"#1"}}},{"from":[9,0.125,10],"to":[9.5,1.125,10.5],"faces":{"north":{"uv":[6.5,9,7,10],"texture":"#1"},"east":{"uv":[8,9,8.5,10],"texture":"#1"},"south":{"uv":[9,9,9.5,10],"texture":"#1"},"west":{"uv":[7.5,9,8,10],"texture":"#1"},"up":{"uv":[9,7.5,9.5,8],"texture":"#1"}}},{"from":[10,0.125,9],"to":[11,1.125,9.5],"faces":{"north":{"uv":[5,15,6,16],"texture":"#1"},"south":{"uv":[10,15,11,16],"texture":"#1"},"west":{"uv":[6.5,15,7,16],"texture":"#1"},"up":{"uv":[10,6.5,11,7],"texture":"#1"}}},{"from":[11,0.125,10],"to":[11.5,1.125,10.5],"faces":{"east":{"uv":[8,9,8.5,10],"texture":"#1"},"south":{"uv":[11,9,11.5,10],"texture":"#1"},"up":{"uv":[11,7.5,11.5,8],"texture":"#1"}}},{"from":[12,0.125,10],"to":[12.5,1.125,10.5],"faces":{"north":{"uv":[3.5,9,4,10],"texture":"#1"},"east":{"uv":[8,9,8.5,10],"texture":"#1"},"south":{"uv":[12,9,12.5,10],"texture":"#1"},"west":{"uv":[7.5,9,8,10],"texture":"#1"},"up":{"uv":[12,7.5,12.5,8],"texture":"#1"}}},{"from":[13,0.125,10],"to":[13.5,1.125,10.5],"faces":{"north":{"uv":[2.5,9,3,10],"texture":"#1"},"east":{"uv":[8,9,8.5,10],"texture":"#1"},"south":{"uv":[13,9,13.5,10],"texture":"#1"},"west":{"uv":[7.5,9,8,10],"texture":"#1"},"up":{"uv":[13,7.5,13.5,8],"texture":"#1"}}},{"from":[1,0.125,11],"to":[1.5,1.125,11.5],"faces":{"north":{"uv":[14.5,9,15,10],"texture":"#1"},"east":{"uv":[7,9,7.5,10],"texture":"#1"},"south":{"uv":[1,9,1.5,10],"texture":"#1"},"west":{"uv":[8.5,9,9,10],"texture":"#1"},"up":{"uv":[1,8.5,1.5,9],"texture":"#1"}}},{"from":[2,0.125,11],"to":[2.5,1.125,11.5],"faces":{"north":{"uv":[13.5,9,14,10],"texture":"#1"},"east":{"uv":[7,9,7.5,10],"texture":"#1"},"south":{"uv":[2,9,2.5,10],"texture":"#1"},"west":{"uv":[8.5,9,9,10],"texture":"#1"},"up":{"uv":[2,8.5,2.5,9],"texture":"#1"}}},{"from":[3,0.125,11],"to":[3.5,1.125,11.5],"faces":{"north":{"uv":[12.5,9,13,10],"texture":"#1"},"east":{"uv":[7,9,7.5,10],"texture":"#1"},"south":{"uv":[3,9,3.5,10],"texture":"#1"},"west":{"uv":[8.5,9,9,10],"texture":"#1"},"up":{"uv":[3,8.5,3.5,9],"texture":"#1"}}},{"from":[4,0.125,11],"to":[4.5,1.125,11.5],"faces":{"north":{"uv":[11.5,9,12,10],"texture":"#1"},"east":{"uv":[7,9,7.5,10],"texture":"#1"},"south":{"uv":[4,9,4.5,10],"texture":"#1"},"west":{"uv":[8.5,9,9,10],"texture":"#1"},"up":{"uv":[4,8.5,4.5,9],"texture":"#1"}}},{"from":[5,0.125,11],"to":[5.5,1.125,11.5],"faces":{"north":{"uv":[10.5,9,11,10],"texture":"#1"},"east":{"uv":[7,9,7.5,10],"texture":"#1"},"south":{"uv":[5,9,5.5,10],"texture":"#1"},"west":{"uv":[8.5,9,9,10],"texture":"#1"},"up":{"uv":[5,8.5,5.5,9],"texture":"#1"}}},{"from":[6,0.125,11],"to":[6.5,1.125,11.5],"faces":{"north":{"uv":[9.5,9,10,10],"texture":"#1"},"east":{"uv":[7,9,7.5,10],"texture":"#1"},"south":{"uv":[6,9,6.5,10],"texture":"#1"},"west":{"uv":[8.5,9,9,10],"texture":"#1"},"up":{"uv":[6,8.5,6.5,9],"texture":"#1"}}},{"from":[7,0.125,11],"to":[7.5,1.125,11.5],"faces":{"north":{"uv":[8.5,9,9,10],"texture":"#1"},"east":{"uv":[7,9,7.5,10],"texture":"#1"},"south":{"uv":[7,9,7.5,10],"texture":"#1"},"west":{"uv":[8.5,9,9,10],"texture":"#1"},"up":{"uv":[7,8.5,7.5,9],"texture":"#1"}}},{"from":[8,0.125,11],"to":[8.5,1.125,11.5],"faces":{"north":{"uv":[7.5,9,8,10],"texture":"#1"},"east":{"uv":[7,9,7.5,10],"texture":"#1"},"south":{"uv":[8,9,8.5,10],"texture":"#1"},"west":{"uv":[8.5,9,9,10],"texture":"#1"},"up":{"uv":[8,8.5,8.5,9],"texture":"#1"}}},{"from":[9,0.125,11],"to":[9.5,1.125,11.5],"faces":{"north":{"uv":[6.5,9,7,10],"texture":"#1"},"east":{"uv":[7,9,7.5,10],"texture":"#1"},"south":{"uv":[9,9,9.5,10],"texture":"#1"},"west":{"uv":[8.5,9,9,10],"texture":"#1"},"up":{"uv":[9,8.5,9.5,9],"texture":"#1"}}},{"from":[10,0.125,11],"to":[11.5,1.125,11.5],"faces":{"north":{"uv":[4.5,9,6,10],"texture":"#1"},"east":{"uv":[7,9,7.5,10],"texture":"#1"},"south":{"uv":[10,9,11.5,10],"texture":"#1"},"west":{"uv":[8.5,9,9,10],"texture":"#1"},"up":{"uv":[10,8.5,11.5,9],"texture":"#1"}}},{"from":[13,0.125,11],"to":[13.5,1.125,11.5],"faces":{"north":{"uv":[2.5,9,3,10],"texture":"#1"},"east":{"uv":[7,9,7.5,10],"texture":"#1"},"south":{"uv":[13,9,13.5,10],"texture":"#1"},"west":{"uv":[8.5,9,9,10],"texture":"#1"},"up":{"uv":[13,8.5,13.5,9],"texture":"#1"}}},{"from":[14,0.125,12],"to":[14.5,1.125,12.5],"faces":{"north":{"uv":[1.5,9,2,10],"texture":"#1"},"east":{"uv":[6,9,6.5,10],"texture":"#1"},"south":{"uv":[14,9,14.5,10],"texture":"#1"},"west":{"uv":[9.5,9,10,10],"texture":"#1"},"up":{"uv":[14,9.5,14.5,10],"texture":"#1"}}},{"from":[1,0.125,12],"to":[1.5,1.125,12.5],"faces":{"north":{"uv":[14.5,9,15,10],"texture":"#1"},"east":{"uv":[6,9,6.5,10],"texture":"#1"},"south":{"uv":[1,9,1.5,10],"texture":"#1"},"west":{"uv":[9.5,9,10,10],"texture":"#1"},"up":{"uv":[1,9.5,1.5,10],"texture":"#1"}}},{"from":[2,0.125,12],"to":[2.5,1.125,12.5],"faces":{"north":{"uv":[13.5,9,14,10],"texture":"#1"},"east":{"uv":[6,9,6.5,10],"texture":"#1"},"south":{"uv":[2,9,2.5,10],"texture":"#1"},"west":{"uv":[9.5,9,10,10],"texture":"#1"},"up":{"uv":[2,9.5,2.5,10],"texture":"#1"}}},{"from":[3,0.125,12],"to":[3.5,1.125,12.5],"faces":{"north":{"uv":[12.5,9,13,10],"texture":"#1"},"east":{"uv":[6,9,6.5,10],"texture":"#1"},"south":{"uv":[3,9,3.5,10],"texture":"#1"},"west":{"uv":[9.5,9,10,10],"texture":"#1"},"up":{"uv":[3,9.5,3.5,10],"texture":"#1"}}},{"from":[4,0.125,12],"to":[10.5,1.125,12.5],"faces":{"north":{"uv":[5.5,9,12,10],"texture":"#1"},"east":{"uv":[6,9,6.5,10],"texture":"#1"},"south":{"uv":[4,9,10.5,10],"texture":"#1"},"west":{"uv":[9.5,9,10,10],"texture":"#1"},"up":{"uv":[4,9.5,10.5,10],"texture":"#1"}}},{"from":[11,0.125,12],"to":[11.5,1.125,12.5],"faces":{"north":{"uv":[4.5,9,5,10],"texture":"#1"},"east":{"uv":[6,9,6.5,10],"texture":"#1"},"south":{"uv":[11,9,11.5,10],"texture":"#1"},"west":{"uv":[9.5,9,10,10],"texture":"#1"},"up":{"uv":[11,9.5,11.5,10],"texture":"#1"}}},{"from":[12,0.125,12],"to":[12.5,1.125,12.5],"faces":{"north":{"uv":[3.5,9,4,10],"texture":"#1"},"east":{"uv":[6,9,6.5,10],"texture":"#1"},"south":{"uv":[12,9,12.5,10],"texture":"#1"},"west":{"uv":[9.5,9,10,10],"texture":"#1"},"up":{"uv":[12,9.5,12.5,10],"texture":"#1"}}},{"from":[13,0.125,12],"to":[13.5,1.125,12.5],"faces":{"north":{"uv":[2.5,9,3,10],"texture":"#1"},"east":{"uv":[6,9,6.5,10],"texture":"#1"},"south":{"uv":[13,9,13.5,10],"texture":"#1"},"west":{"uv":[9.5,9,10,10],"texture":"#1"},"up":{"uv":[13,9.5,13.5,10],"texture":"#1"}}}],"display":{"head":{"rotation":[0,180,0],"translation":[0,1,0],"scale":[1.4,1.4,1.4]}}}