{
    "providers": [
        {
            "type": "bitmap",
            "file": "minecraft:entity/chicken.png",
            "ascent": -14,
            "height": 10,
            "chars": [
                "\uF830"
            ]
        },
        {
            "type": "bitmap",
            "file": "minecraft:entity/chicken.png",
            "ascent": -14,
            "height": 10,
            "chars": [
                "\uF831"
            ]
        },
        {
            "type": "bitmap",
            "file": "minecraft:entity/chicken.png",
            "ascent": -14,
            "height": 10,
            "chars": [
                "\uF832"
            ]
        }
    ]
}