{"textures":{"0":"block/white_stained_glass","1":"item/cloud","2":"block/orange_terracotta"},"elements":[{"from":[6,0,6],"to":[10,1,10],"faces":{"north":{"uv":[9,6,13,7],"texture":"#0"},"east":{"uv":[6,6,10,7],"texture":"#0"},"south":{"uv":[5,5,9,6],"texture":"#0"},"west":{"uv":[8,9,12,10],"texture":"#0"},"up":{"uv":[8,5,12,9],"texture":"#0"},"down":{"uv":[4,7,8,11],"texture":"#0"}}},{"from":[5,1,6],"to":[6,4,10],"faces":{"north":{"uv":[5,5,6,8],"texture":"#0"},"east":{"uv":[4,3,8,6],"texture":"#0"},"south":{"uv":[6,5,7,8],"texture":"#0"},"west":{"uv":[5,5,9,8],"texture":"#0"},"up":{"uv":[6,5,7,9],"texture":"#0"},"down":{"uv":[7,5,8,9],"texture":"#0"}}},{"from":[10,1,6],"to":[11,4,10],"faces":{"north":{"uv":[5,5,6,8],"texture":"#0"},"east":{"uv":[4,3,8,6],"texture":"#0"},"south":{"uv":[6,5,7,8],"texture":"#0"},"west":{"uv":[5,5,9,8],"texture":"#0"},"up":{"uv":[6,5,7,9],"texture":"#0"},"down":{"uv":[7,5,8,9],"texture":"#0"}}},{"from":[6,1,10],"to":[10,4,11],"faces":{"north":{"uv":[5,8,9,11],"texture":"#0"},"east":{"uv":[5,5,6,8],"texture":"#0"},"south":{"uv":[6,6,10,9],"texture":"#0"},"west":{"uv":[9,4,10,7],"texture":"#0"},"up":{"uv":[7,6,11,7],"texture":"#0"},"down":{"uv":[6,6,10,7],"texture":"#0"}}},{"from":[6,1,5],"to":[10,4,6],"faces":{"north":{"uv":[5,7,9,10],"texture":"#0"},"east":{"uv":[6,4,7,7],"texture":"#0"},"south":{"uv":[9,8,13,11],"texture":"#0"},"west":{"uv":[6,4,7,7],"texture":"#0"},"up":{"uv":[9,5,13,6],"texture":"#0"},"down":{"uv":[5,6,9,7],"texture":"#0"}}},{"from":[6,4,6],"to":[7,5,7],"faces":{"north":{"uv":[5,7,6,8],"texture":"#0"},"east":{"uv":[6,4,7,5],"texture":"#0"},"south":{"uv":[9,8,10,9],"texture":"#0"},"west":{"uv":[6,4,7,5],"texture":"#0"},"up":{"uv":[9,5,10,6],"texture":"#0"},"down":{"uv":[5,6,6,7],"texture":"#0"}}},{"from":[9,4,6],"to":[10,5,7],"faces":{"north":{"uv":[5,7,6,8],"texture":"#0"},"east":{"uv":[6,4,7,5],"texture":"#0"},"south":{"uv":[9,8,10,9],"texture":"#0"},"west":{"uv":[6,4,7,5],"texture":"#0"},"up":{"uv":[9,5,10,6],"texture":"#0"},"down":{"uv":[5,6,6,7],"texture":"#0"}}},{"from":[9,4,9],"to":[10,5,10],"faces":{"north":{"uv":[5,7,6,8],"texture":"#0"},"east":{"uv":[6,4,7,5],"texture":"#0"},"south":{"uv":[9,8,10,9],"texture":"#0"},"west":{"uv":[6,4,7,5],"texture":"#0"},"up":{"uv":[9,5,10,6],"texture":"#0"},"down":{"uv":[5,6,6,7],"texture":"#0"}}},{"from":[6,4,9],"to":[7,5,10],"faces":{"north":{"uv":[5,7,6,8],"texture":"#0"},"east":{"uv":[6,4,7,5],"texture":"#0"},"south":{"uv":[9,8,10,9],"texture":"#0"},"west":{"uv":[6,4,7,5],"texture":"#0"},"up":{"uv":[9,5,10,6],"texture":"#0"},"down":{"uv":[5,6,6,7],"texture":"#0"}}},{"from":[7,4,5],"to":[9,5,6],"faces":{"north":{"uv":[5,7,7,8],"texture":"#0"},"east":{"uv":[6,4,7,5],"texture":"#0"},"south":{"uv":[9,8,11,9],"texture":"#0"},"west":{"uv":[6,4,7,5],"texture":"#0"},"up":{"uv":[9,5,11,6],"texture":"#0"},"down":{"uv":[5,6,7,7],"texture":"#0"}}},{"from":[7,4,10],"to":[9,5,11],"faces":{"north":{"uv":[5,7,7,8],"texture":"#0"},"east":{"uv":[6,4,7,5],"texture":"#0"},"south":{"uv":[9,8,11,9],"texture":"#0"},"west":{"uv":[6,4,7,5],"texture":"#0"},"up":{"uv":[9,5,11,6],"texture":"#0"},"down":{"uv":[5,6,7,7],"texture":"#0"}}},{"from":[10,4,7],"to":[11,5,9],"faces":{"north":{"uv":[5,7,6,8],"texture":"#0"},"east":{"uv":[6,4,8,5],"texture":"#0"},"south":{"uv":[9,8,10,9],"texture":"#0"},"west":{"uv":[6,4,8,5],"texture":"#0"},"up":{"uv":[9,5,10,7],"texture":"#0"},"down":{"uv":[5,6,6,8],"texture":"#0"}}},{"from":[5,4,7],"to":[6,5,9],"faces":{"north":{"uv":[5,7,6,8],"texture":"#0"},"east":{"uv":[6,4,8,5],"texture":"#0"},"south":{"uv":[9,8,10,9],"texture":"#0"},"west":{"uv":[6,4,8,5],"texture":"#0"},"up":{"uv":[9,5,10,7],"texture":"#0"},"down":{"uv":[5,6,6,8],"texture":"#0"}}},{"from":[6,5,7],"to":[7,8,9],"faces":{"north":{"uv":[5,7,6,9],"texture":"#0"},"east":{"uv":[6,4,8,6],"texture":"#0"},"south":{"uv":[9,8,10,10],"texture":"#0"},"west":{"uv":[6,4,8,6],"texture":"#0"},"up":{"uv":[9,5,10,7],"texture":"#0"},"down":{"uv":[5,6,6,8],"texture":"#0"}}},{"from":[9,5,7],"to":[10,8,9],"faces":{"north":{"uv":[5,7,6,9],"texture":"#0"},"east":{"uv":[6,4,8,6],"texture":"#0"},"south":{"uv":[9,8,10,10],"texture":"#0"},"west":{"uv":[6,4,8,6],"texture":"#0"},"up":{"uv":[9,5,10,7],"texture":"#0"},"down":{"uv":[5,6,6,8],"texture":"#0"}}},{"from":[7,5,9],"to":[9,8,10],"faces":{"north":{"uv":[5,7,7,9],"texture":"#0"},"east":{"uv":[6,4,7,6],"texture":"#0"},"south":{"uv":[9,8,11,10],"texture":"#0"},"west":{"uv":[6,4,7,6],"texture":"#0"},"up":{"uv":[9,5,11,6],"texture":"#0"},"down":{"uv":[5,6,7,7],"texture":"#0"}}},{"from":[7,5,6],"to":[9,8,7],"faces":{"north":{"uv":[5,7,7,9],"texture":"#0"},"east":{"uv":[6,4,7,6],"texture":"#0"},"south":{"uv":[9,8,11,10],"texture":"#0"},"west":{"uv":[6,4,7,6],"texture":"#0"},"up":{"uv":[9,5,11,6],"texture":"#0"},"down":{"uv":[5,6,7,7],"texture":"#0"}}},{"from":[6,1,6],"to":[10,4,10],"faces":{"north":{"uv":[3,7,7,10],"texture":"#1","cullface":"north"},"east":{"uv":[7,5,11,8],"texture":"#1","cullface":"east"},"south":{"uv":[4,5,8,8],"texture":"#1","cullface":"south"},"west":{"uv":[6,10,10,13],"texture":"#1","cullface":"west"},"up":{"uv":[4,6,8,10],"texture":"#1","cullface":"up"},"down":{"uv":[10,6,14,10],"texture":"#1","cullface":"down"}}},{"from":[7,7,7],"to":[9,10,9],"faces":{"north":{"uv":[3,7,5,9],"texture":"#2","cullface":"north"},"east":{"uv":[7,5,9,7],"texture":"#2","cullface":"east"},"south":{"uv":[4,5,6,7],"texture":"#2","cullface":"south"},"west":{"uv":[6,10,8,12],"texture":"#2","cullface":"west"},"up":{"uv":[4,6,6,8],"texture":"#2"},"down":{"uv":[10,6,12,8],"texture":"#2","cullface":"down"}}},{"from":[6,4,7],"to":[7,5,9],"faces":{"north":{"uv":[3,7,7,10],"texture":"#1","cullface":"north"},"east":{"uv":[7,5,11,8],"texture":"#1"},"south":{"uv":[4,5,8,8],"texture":"#1","cullface":"south"},"west":{"uv":[6,10,10,13],"texture":"#1","cullface":"west"},"up":{"uv":[4,6,8,10],"texture":"#1","cullface":"up"},"down":{"uv":[10,6,14,10],"texture":"#1"}}},{"from":[9,4,7],"to":[10,5,9],"faces":{"north":{"uv":[3,7,7,10],"texture":"#1","cullface":"north"},"east":{"uv":[7,5,11,8],"texture":"#1","cullface":"east"},"south":{"uv":[4,5,8,8],"texture":"#1","cullface":"south"},"west":{"uv":[6,10,10,13],"texture":"#1"},"up":{"uv":[4,6,8,10],"texture":"#1","cullface":"up"},"down":{"uv":[10,6,14,10],"texture":"#1"}}},{"from":[7,4,6],"to":[9,5,7],"faces":{"north":{"uv":[3,7,7,10],"texture":"#1","cullface":"north"},"east":{"uv":[7,5,11,8],"texture":"#1","cullface":"east"},"south":{"uv":[4,5,8,8],"texture":"#1"},"west":{"uv":[6,10,10,13],"texture":"#1","cullface":"west"},"up":{"uv":[4,6,8,10],"texture":"#1","cullface":"up"},"down":{"uv":[10,6,14,10],"texture":"#1"}}},{"from":[7,4,9],"to":[9,5,10],"faces":{"north":{"uv":[3,7,7,10],"texture":"#1"},"east":{"uv":[7,5,11,8],"texture":"#1","cullface":"east"},"south":{"uv":[4,5,8,8],"texture":"#1","cullface":"south"},"west":{"uv":[6,10,10,13],"texture":"#1","cullface":"west"},"up":{"uv":[4,6,8,10],"texture":"#1","cullface":"up"},"down":{"uv":[10,6,14,10],"texture":"#1"}}},{"from":[7,4,7],"to":[9,6,9],"faces":{"north":{"uv":[3,7,7,10],"texture":"#1","cullface":"north"},"east":{"uv":[7,5,11,8],"texture":"#1","cullface":"east"},"south":{"uv":[4,5,8,8],"texture":"#1","cullface":"south"},"west":{"uv":[6,10,10,13],"texture":"#1","cullface":"west"},"up":{"uv":[4,6,8,10],"texture":"#1","cullface":"up"},"down":{"uv":[10,6,14,10],"texture":"#1"}}}],"display":{"thirdperson_righthand":{"rotation":[0,0,0],"translation":[0,1,-1]},"firstperson_righthand":{"rotation":[0,0,0],"translation":[0,2,0]},"gui":{"rotation":[0,20,0],"translation":[0,2,0]},"fixed":{"rotation":[0,35,0],"translation":[0,3,0]},"ground":{"scale":[0,0,0]}}}