{"gui_light":"front","textures":{"0":"block/quartz_block_side","1":"block/light_blue_stained_glass"},"elements":[{"from":[7.5,2,7.5],"to":[8.5,14,8.5],"faces":{"north":{"uv":[0,0,2,16],"texture":"#0"},"east":{"uv":[2,0,4,16],"texture":"#0"},"south":{"uv":[4,0,6,16],"texture":"#0"},"west":{"uv":[6,0,8,16],"texture":"#0"},"up":{"uv":[8,0,10,2],"texture":"#0"},"down":{"uv":[11,0,13,2],"texture":"#0"}}},{"from":[6.5,14,6.5],"to":[9.5,15,9.5],"faces":{"north":{"uv":[0,0,6,2],"texture":"#0"},"east":{"uv":[0,2,6,4],"texture":"#0"},"south":{"uv":[0,4,6,6],"texture":"#0"},"west":{"uv":[0,6,6,8],"texture":"#0"},"up":{"uv":[10,10,16,16],"texture":"#0"},"down":{"uv":[10,0,16,6],"texture":"#0"}}},{"from":[9.5,14.5,7.5],"to":[10.5,15.5,8.5],"faces":{"north":{"uv":[0,0,2,2],"texture":"#0"},"east":{"uv":[2,0,4,2],"texture":"#0"},"south":{"uv":[4,0,6,2],"texture":"#0"},"west":{"uv":[6,0,8,2],"texture":"#0"},"up":{"uv":[8,0,10,2],"texture":"#0"},"down":{"uv":[10,0,12,2],"texture":"#0"}}},{"from":[10,15.5,7.5],"to":[11,18.5,8.5],"faces":{"north":{"uv":[0,0,2,6],"texture":"#0"},"east":{"uv":[2,0,4,6],"texture":"#0"},"south":{"uv":[4,0,6,6],"texture":"#0"},"west":{"uv":[6,0,8,6],"texture":"#0"},"up":{"uv":[8,0,10,2],"texture":"#0"},"down":{"uv":[10,0,12,2],"texture":"#0"}}},{"from":[7,13,7],"to":[9,14,9],"faces":{"north":{"uv":[0,0,4,2],"texture":"#0"},"east":{"uv":[0,2,4,4],"texture":"#0"},"south":{"uv":[0,4,4,6],"texture":"#0"},"west":{"uv":[0,6,4,8],"texture":"#0"},"up":{"uv":[12,12,16,16],"texture":"#0"},"down":{"uv":[12,0,16,4],"texture":"#0"}}},{"from":[5.5,14.5,7.5],"to":[6.5,15.5,8.5],"faces":{"north":{"uv":[0,0,2,2],"texture":"#0"},"east":{"uv":[2,0,4,2],"texture":"#0"},"south":{"uv":[4,0,6,2],"texture":"#0"},"west":{"uv":[6,0,8,2],"texture":"#0"},"up":{"uv":[8,0,10,2],"texture":"#0"},"down":{"uv":[10,0,12,2],"texture":"#0"}}},{"from":[7,11,7],"to":[9,12,9],"faces":{"north":{"uv":[0,0,4,2],"texture":"#0"},"east":{"uv":[0,2,4,4],"texture":"#0"},"south":{"uv":[0,4,4,6],"texture":"#0"},"west":{"uv":[0,6,4,8],"texture":"#0"},"up":{"uv":[12,12,16,16],"texture":"#0"},"down":{"uv":[12,0,16,4],"texture":"#0"}}},{"from":[5,15.5,7.5],"to":[6,18.5,8.5],"faces":{"north":{"uv":[0,0,2,6],"texture":"#0"},"east":{"uv":[2,0,4,6],"texture":"#0"},"south":{"uv":[4,0,6,6],"texture":"#0"},"west":{"uv":[6,0,8,6],"texture":"#0"},"up":{"uv":[8,0,10,2],"texture":"#0"},"down":{"uv":[10,0,12,2],"texture":"#0"}}},{"from":[7.5,15,7.5],"to":[8.5,16,8.5],"faces":{"north":{"uv":[1,1,3,3],"texture":"#1"},"east":{"uv":[1,1,3,3],"texture":"#1"},"south":{"uv":[1,1,3,3],"texture":"#1"},"west":{"uv":[1,1,3,3],"texture":"#1"},"up":{"uv":[1,1,3,3],"texture":"#1"},"down":{"uv":[1,1,3,3],"texture":"#1"}}},{"from":[6.5,16,7.5],"to":[9.5,19,8.5],"faces":{"north":{"uv":[1,1,3,3],"texture":"#1"},"east":{"uv":[1,1,3,3],"texture":"#1"},"south":{"uv":[1,1,3,3],"texture":"#1"},"west":{"uv":[1,1,3,3],"texture":"#1"},"up":{"uv":[1,1,3,3],"texture":"#1"},"down":{"uv":[1,1,3,3],"texture":"#1"}}},{"from":[7.5,19,7.5],"to":[8.5,20,8.5],"faces":{"north":{"uv":[1,1,3,3],"texture":"#1"},"east":{"uv":[1,1,3,3],"texture":"#1"},"south":{"uv":[1,1,3,3],"texture":"#1"},"west":{"uv":[1,1,3,3],"texture":"#1"},"up":{"uv":[1,1,3,3],"texture":"#1"},"down":{"uv":[1,1,3,3],"texture":"#1"}}},{"from":[7.5,16.5,7.1],"to":[8.5,18.5,8.9],"faces":{"north":{"uv":[1,1,3,3],"texture":"#1"},"east":{"uv":[1,1,3,3],"texture":"#1"},"south":{"uv":[1,1,3,3],"texture":"#1"},"west":{"uv":[1,1,3,3],"texture":"#1"},"up":{"uv":[1,1,3,3],"texture":"#1"},"down":{"uv":[1,1,3,3],"texture":"#1"}}},{"from":[6.7,19,8.7],"to":[7.3,19.6,9.3],"faces":{"north":{"uv":[1,1,3,3],"texture":"#1"},"east":{"uv":[1,1,3,3],"texture":"#1"},"south":{"uv":[1,1,3,3],"texture":"#1"},"west":{"uv":[1,1,3,3],"texture":"#1"},"up":{"uv":[1,1,3,3],"texture":"#1"},"down":{"uv":[1,1,3,3],"texture":"#1"}}},{"from":[7.7,20,9.3],"to":[8.3,20.6,9.9],"faces":{"north":{"uv":[1,1,3,3],"texture":"#1"},"east":{"uv":[1,1,3,3],"texture":"#1"},"south":{"uv":[1,1,3,3],"texture":"#1"},"west":{"uv":[1,1,3,3],"texture":"#1"},"up":{"uv":[1,1,3,3],"texture":"#1"},"down":{"uv":[1,1,3,3],"texture":"#1"}}},{"from":[8.7,21,8.5],"to":[9.3,21.6,9.1],"faces":{"north":{"uv":[1,1,3,3],"texture":"#1"},"east":{"uv":[1,1,3,3],"texture":"#1"},"south":{"uv":[1,1,3,3],"texture":"#1"},"west":{"uv":[1,1,3,3],"texture":"#1"},"up":{"uv":[1,1,3,3],"texture":"#1"},"down":{"uv":[1,1,3,3],"texture":"#1"}}},{"from":[7.7,21.8,7.7],"to":[8.3,22.4,8.3],"faces":{"north":{"uv":[1,1,3,3],"texture":"#1"},"east":{"uv":[1,1,3,3],"texture":"#1"},"south":{"uv":[1,1,3,3],"texture":"#1"},"west":{"uv":[1,1,3,3],"texture":"#1"},"up":{"uv":[1,1,3,3],"texture":"#1"},"down":{"uv":[1,1,3,3],"texture":"#1"}}},{"from":[8.7,19,6.7],"to":[9.3,19.6,7.3],"faces":{"north":{"uv":[1,1,3,3],"texture":"#1"},"east":{"uv":[1,1,3,3],"texture":"#1"},"south":{"uv":[1,1,3,3],"texture":"#1"},"west":{"uv":[1,1,3,3],"texture":"#1"},"up":{"uv":[1,1,3,3],"texture":"#1"},"down":{"uv":[1,1,3,3],"texture":"#1"}}},{"from":[7.7,20,6.1],"to":[8.3,20.6,6.7],"faces":{"north":{"uv":[1,1,3,3],"texture":"#1"},"east":{"uv":[1,1,3,3],"texture":"#1"},"south":{"uv":[1,1,3,3],"texture":"#1"},"west":{"uv":[1,1,3,3],"texture":"#1"},"up":{"uv":[1,1,3,3],"texture":"#1"},"down":{"uv":[1,1,3,3],"texture":"#1"}}},{"from":[6.7,21,6.9],"to":[7.3,21.6,7.5],"faces":{"north":{"uv":[1,1,3,3],"texture":"#1"},"east":{"uv":[1,1,3,3],"texture":"#1"},"south":{"uv":[1,1,3,3],"texture":"#1"},"west":{"uv":[1,1,3,3],"texture":"#1"},"up":{"uv":[1,1,3,3],"texture":"#1"},"down":{"uv":[1,1,3,3],"texture":"#1"}}}],"display":{"thirdperson_righthand":{"rotation":[50,0,0],"translation":[0,-1,0],"scale":[1,1.4,1]},"gui":{"rotation":[-20,0,-30],"translation":[-2,-2.5,0]},"firstperson_righthand":{"rotation":[0,0,0],"translation":[0,-2,0],"scale":[1,1.1,1]},"fixed":{"rotation":[0,180,-30],"translation":[2,-2.5,0]},"ground":{"scale":[0,0,0]}}}