{"gui_light":"front","textures":{"0":"item/firework_rocket","1":"block/coal_block","2":"block/orange_terracotta","3":"block/oak_planks"},"elements":[{"from":[7,7,7],"to":[9,13,9],"faces":{"north":{"uv":[7,5,10,13],"texture":"#0"},"east":{"uv":[7,5,10,13],"texture":"#0"},"south":{"uv":[7,5,10,13],"texture":"#0"},"west":{"uv":[7,5,10,13],"texture":"#0"},"up":{"uv":[0,0,2,2],"texture":"#0"},"down":{"uv":[4,4,6,6],"texture":"#1"}}},{"from":[6.5,13,6.5],"to":[9.5,14,9.5],"faces":{"north":{"uv":[0,0,3,1],"texture":"#2"},"east":{"uv":[0,0,3,1],"texture":"#2"},"south":{"uv":[0,0,3,1],"texture":"#2"},"west":{"uv":[0,0,3,1],"texture":"#2"},"up":{"uv":[0,0,3,3],"texture":"#2"},"down":{"uv":[0,0,3,3],"texture":"#2"}}},{"from":[7,14,7],"to":[9,15,9],"faces":{"north":{"uv":[0,0,2,1],"texture":"#2"},"east":{"uv":[0,0,2,1],"texture":"#2"},"south":{"uv":[0,0,3,1],"texture":"#2"},"west":{"uv":[0,0,3,1],"texture":"#2"},"up":{"uv":[0,0,3,3],"texture":"#2"},"down":{"uv":[0,0,3,3],"texture":"#2"}}},{"from":[7.5,15,7.5],"to":[8.5,16,8.5],"faces":{"north":{"uv":[0,0,1,1],"texture":"#2"},"east":{"uv":[0,0,1,1],"texture":"#2"},"south":{"uv":[0,0,3,1],"texture":"#2"},"west":{"uv":[0,0,3,1],"texture":"#2"},"up":{"uv":[0,0,3,3],"texture":"#2"},"down":{"uv":[0,0,3,3],"texture":"#2"}}},{"from":[7,1,7],"to":[8,7,8],"faces":{"north":{"uv":[0,0,2,12],"texture":"#3"},"east":{"uv":[0,0,2,12],"texture":"#3"},"south":{"uv":[0,0,2,12],"texture":"#3"},"west":{"uv":[0,0,2,12],"texture":"#3"},"up":{"uv":[0,0,1,1],"texture":"#0"},"down":{"uv":[0,0,1,1],"texture":"#3"}}}],"display":{"thirdperson_righthand":{"rotation":[0,0,0],"translation":[-0.5,3,0.3],"scale":[1,1.4,1]},"gui":{"rotation":[-20,0,-30],"translation":[0,-1,0],"scale":[1.1,1.1,1.1]},"fixed":{"rotation":[0,180,-30],"translation":[0,-1,0],"scale":[1.1,1.1,1.1]},"ground":{"scale":[0,0,0]}}}