{"textures":{"1":"object/screen","2":"object/frame","particle":"object/frame"},"elements":[{"from":[0,2,0],"to":[16,3,16],"faces":{"north":{"uv":[0,6,16,7],"texture":"#2"},"east":{"uv":[0,9,16,10],"texture":"#2"},"south":{"uv":[0,13,16,14],"texture":"#2"},"west":{"uv":[0,13,16,14],"texture":"#2"},"up":{"uv":[0,0,16,16],"texture":"#2"},"down":{"uv":[0,0,16,16],"texture":"#2"}}},{"from":[7,3,7],"to":[9,16,9],"faces":{"north":{"uv":[7,0,9,13],"texture":"#2"},"east":{"uv":[7,0,9,13],"texture":"#2"},"south":{"uv":[7,0,9,13],"texture":"#2"},"west":{"uv":[7,0,9,13],"texture":"#2"},"up":{"uv":[7,7,9,9],"texture":"#2"},"down":{"uv":[7,7,9,9],"texture":"#2"}}},{"from":[7,16,7],"to":[9,32,9],"faces":{"north":{"uv":[7,0,9,16],"texture":"#2"},"east":{"uv":[7,0,9,16],"texture":"#2"},"south":{"uv":[7,0,9,16],"texture":"#2"},"west":{"uv":[7,0,9,16],"texture":"#2"},"up":{"uv":[7,7,9,9],"texture":"#2"},"down":{"uv":[7,7,9,9],"texture":"#2"}}},{"from":[9,23,7],"to":[16,25,9],"faces":{"north":{"uv":[0,5,7,7],"texture":"#2"},"east":{"uv":[7,5,9,7],"texture":"#2"},"south":{"uv":[9,5,16,7],"texture":"#2"},"west":{"uv":[7,5,9,7],"texture":"#2"},"up":{"uv":[0,0,16,16],"texture":"#2"},"down":{"uv":[9,7,16,9],"texture":"#2"}}},{"from":[0,23,7],"to":[7,25,9],"faces":{"north":{"uv":[9,5,16,7],"texture":"#2"},"east":{"uv":[7,5,9,7],"texture":"#2"},"south":{"uv":[0,5,7,7],"texture":"#2"},"west":{"uv":[7,5,9,7],"texture":"#2"},"up":{"uv":[0,7,7,9],"texture":"#2"},"down":{"uv":[0,7,7,9],"texture":"#2"}}},{"from":[0,23,0],"to":[2,25,7],"faces":{"north":{"uv":[14,7,16,9],"texture":"#2"},"east":{"uv":[8,7,15,9],"texture":"#2"},"south":{"uv":[0,7,2,9],"texture":"#2"},"west":{"uv":[1,7,8,9],"texture":"#2"},"up":{"uv":[0,0,16,16],"texture":"#2"},"down":{"uv":[0,8,2,15],"texture":"#2"}}},{"from":[14,23,0],"to":[16,25,7],"faces":{"north":{"uv":[4,7,6,9],"texture":"#2"},"east":{"uv":[4,8,11,10],"texture":"#2"},"south":{"uv":[5,7,7,9],"texture":"#2"},"west":{"uv":[3,6,10,8],"texture":"#2"},"up":{"uv":[0,0,16,16],"texture":"#2"},"down":{"uv":[13,6,15,13],"texture":"#2"}}},{"from":[2,18,-1],"to":[14,30,0],"faces":{"north":{"uv":[2,2,14,14],"texture":"#1"},"east":{"uv":[15,2,16,14],"texture":"#1"},"south":{"uv":[2,2,14,14],"texture":"#1"},"west":{"uv":[0,2,1,14],"texture":"#1"},"up":{"uv":[2,0,14,1],"texture":"#1"},"down":{"uv":[2,15,14,16],"texture":"#1"}}},{"from":[7,30,-1],"to":[9,32,7],"faces":{"north":{"uv":[6,6,8,8],"texture":"#2"},"east":{"uv":[0,5,8,7],"texture":"#2"},"south":{"uv":[9,8,11,10],"texture":"#2"},"west":{"uv":[4,7,12,9],"texture":"#2"},"up":{"uv":[0,0,16,16],"texture":"#2"},"down":{"uv":[2,6,4,14],"texture":"#2"}}},{"from":[2,30,-1],"to":[7,31,0],"faces":{"north":{"uv":[9,1,14,2],"texture":"#2"},"east":{"uv":[15,1,16,2],"texture":"#2"},"south":{"uv":[2,1,7,2],"texture":"#2"},"west":{"uv":[0,1,1,2],"texture":"#2"},"up":{"uv":[2,0,7,1],"texture":"#2"},"down":{"uv":[2,15,7,16],"texture":"#2"}}},{"from":[9,30,-1],"to":[14,31,0],"faces":{"north":{"uv":[2,1,7,2],"texture":"#2"},"east":{"uv":[15,1,16,2],"texture":"#2"},"south":{"uv":[9,1,14,2],"texture":"#2"},"west":{"uv":[0,1,1,2],"texture":"#2"},"up":{"uv":[9,0,14,1],"texture":"#2"},"down":{"uv":[9,15,14,16],"texture":"#2"}}},{"from":[2,17,-1],"to":[14,18,0],"faces":{"north":{"uv":[2,5,14,6],"texture":"#2"},"east":{"uv":[10,11,11,12],"texture":"#2"},"south":{"uv":[1,9,13,10],"texture":"#2"},"west":{"uv":[7,7,8,8],"texture":"#2"},"up":{"uv":[0,0,16,16],"texture":"#2"},"down":{"uv":[3,10,15,11],"texture":"#2"}}},{"from":[1,17,-1],"to":[2,31,0],"faces":{"north":{"uv":[14,1,15,15],"texture":"#2"},"east":{"uv":[15,1,16,15],"texture":"#2"},"south":{"uv":[1,1,2,15],"texture":"#2"},"west":{"uv":[0,1,1,15],"texture":"#2"},"up":{"uv":[1,0,2,1],"texture":"#2"},"down":{"uv":[1,15,2,16],"texture":"#2"}}},{"from":[14,17,-1],"to":[15,31,0],"faces":{"north":{"uv":[1,1,2,15],"texture":"#2"},"east":{"uv":[15,1,16,15],"texture":"#2"},"south":{"uv":[14,1,15,15],"texture":"#2"},"west":{"uv":[0,1,1,15],"texture":"#2"},"up":{"uv":[14,0,15,1],"texture":"#2"},"down":{"uv":[14,15,15,16],"texture":"#2"}}},{"from":[0,23,-1],"to":[1,25,0],"faces":{"north":{"uv":[15,7,16,9],"texture":"#2"},"east":{"uv":[15,7,16,9],"texture":"#2"},"south":{"uv":[0,7,1,9],"texture":"#2"},"west":{"uv":[0,7,1,9],"texture":"#2"},"up":{"uv":[0,0,1,1],"texture":"#2"},"down":{"uv":[0,15,1,16],"texture":"#2"}}},{"from":[15,23,-1],"to":[16,25,0],"faces":{"north":{"uv":[6,6,7,8],"texture":"#2"},"east":{"uv":[7,8,8,10],"texture":"#2"},"south":{"uv":[15,7,16,9],"texture":"#2"},"west":{"uv":[0,7,1,9],"texture":"#2"},"up":{"uv":[15,0,16,1],"texture":"#2"},"down":{"uv":[15,15,16,16],"texture":"#2"}}}],"display":{"head":{"translation":[0,-58,0],"scale":[1.8,1.8,1.8]}}}